2026-09-05 00:00:05 DEBUG c.z.h.p.HikariPool - HikariPool-2 - keepalive: connection com.mysql.cj.jdbc.ConnectionImpl@3bdbd4ba is alive
2026-09-05 00:00:08 DEBUG c.z.h.p.HikariPool - HikariPool-2 - keepalive: connection com.mysql.cj.jdbc.ConnectionImpl@609ded8f is alive
2026-09-05 00:00:12 DEBUG c.z.h.p.HikariPool - HikariPool-2 - Pool stats (total=10/10, idle=10/10, active=0, waiting=0)
2026-09-05 00:00:12 DEBUG c.z.h.p.HikariPool - HikariPool-2 - Fill pool skipped, pool has sufficient level or currently being filled.
2026-09-05 00:00:20 DEBUG c.z.h.p.HikariPool - HikariPool-2 - keepalive: connection com.mysql.cj.jdbc.ConnectionImpl@66c631e5 is alive
2026-09-05 00:00:30 DEBUG c.z.h.p.HikariPool - HikariPool-2 - keepalive: connection com.mysql.cj.jdbc.ConnectionImpl@3ccef75f is alive
2026-09-05 00:00:41 DEBUG c.z.h.p.HikariPool - HikariPool-2 - keepalive: connection com.mysql.cj.jdbc.ConnectionImpl@5cba1c44 is alive
2026-09-05 00:00:42 DEBUG c.z.h.p.HikariPool - HikariPool-2 - Pool stats (total=10/10, idle=10/10, active=0, waiting=0)
2026-09-05 00:00:42 DEBUG c.z.h.p.HikariPool - HikariPool-2 - Fill pool skipped, pool has sufficient level or currently being filled.
2026-09-05 00:01:11 DEBUG c.z.h.p.HikariPool - HikariPool-2 - keepalive: connection com.mysql.cj.jdbc.ConnectionImpl@5ad556a0 is alive
2026-09-05 00:01:12 DEBUG c.z.h.p.HikariPool - HikariPool-2 - Pool stats (total=10/10, idle=10/10, active=0, waiting=0)
2026-09-05 00:01:12 DEBUG c.z.h.p.HikariPool - HikariPool-2 - Fill pool skipped, pool has sufficient level or currently being filled.
2026-09-05 00:01:14 DEBUG c.z.h.p.HikariPool - HikariPool-2 - keepalive: connection com.mysql.cj.jdbc.ConnectionImpl@21a0e7b4 is alive
2026-09-05 00:01:15 DEBUG c.z.h.p.HikariPool - HikariPool-2 - keepalive: connection com.mysql.cj.jdbc.ConnectionImpl@4fdfdce0 is alive
2026-09-05 00:01:17 DEBUG c.z.h.p.PoolBase - HikariPool-2 - Closing connection com.mysql.cj.jdbc.ConnectionImpl@21a0e7b4: (connection has passed maxLifetime)
2026-09-05 00:01:17 DEBUG c.z.h.p.PoolBase - HikariPool-2 - Attempting to create/setup new connection (6bd495bd-d7b6-4de1-b88d-e77ec84369d2)
2026-09-05 00:01:17 DEBUG c.z.h.p.PoolBase - HikariPool-2 - Established new connection (6bd495bd-d7b6-4de1-b88d-e77ec84369d2)
2026-09-05 00:01:17 DEBUG c.z.h.p.HikariPool - HikariPool-2 - Added connection com.mysql.cj.jdbc.ConnectionImpl@14729734
2026-09-05 00:01:18 DEBUG c.z.h.p.HikariPool - HikariPool-2 - keepalive: connection com.mysql.cj.jdbc.ConnectionImpl@33b05301 is alive
2026-09-05 00:01:25 DEBUG c.z.h.p.HikariPool - HikariPool-2 - keepalive: connection com.mysql.cj.jdbc.ConnectionImpl@1be85c9b is alive
2026-09-05 00:01:42 DEBUG c.z.h.p.HikariPool - HikariPool-2 - Pool stats (total=10/10, idle=10/10, active=0, waiting=0)
2026-09-05 00:01:42 DEBUG c.z.h.p.HikariPool - HikariPool-2 - Fill pool skipped, pool has sufficient level or currently being filled.
2026-09-05 00:01:43 DEBUG c.z.h.p.HikariPool - HikariPool-2 - keepalive: connection com.mysql.cj.jdbc.ConnectionImpl@3bdbd4ba is alive
2026-09-05 00:01:59 DEBUG c.z.h.p.HikariPool - HikariPool-2 - keepalive: connection com.mysql.cj.jdbc.ConnectionImpl@609ded8f is alive
2026-09-05 00:02:02 DEBUG c.z.h.p.HikariPool - HikariPool-2 - keepalive: connection com.mysql.cj.jdbc.ConnectionImpl@66c631e5 is alive
2026-09-05 00:02:11 DEBUG c.z.h.p.HikariPool - HikariPool-2 - keepalive: connection com.mysql.cj.jdbc.ConnectionImpl@3ccef75f is alive
2026-09-05 00:02:12 DEBUG c.z.h.p.HikariPool - HikariPool-2 - Pool stats (total=10/10, idle=10/10, active=0, waiting=0)
2026-09-05 00:02:12 DEBUG c.z.h.p.HikariPool - HikariPool-2 - Fill pool skipped, pool has sufficient level or currently being filled.
2026-09-05 00:02:23 DEBUG c.z.h.p.HikariPool - HikariPool-2 - keepalive: connection com.mysql.cj.jdbc.ConnectionImpl@5cba1c44 is alive
2026-09-05 00:02:38 DEBUG c.z.h.p.PoolBase - HikariPool-2 - Closing connection com.mysql.cj.jdbc.ConnectionImpl@5cba1c44: (connection has passed maxLifetime)
2026-09-05 00:02:38 DEBUG c.z.h.p.PoolBase - HikariPool-2 - Attempting to create/setup new connection (d0125296-4a9d-475a-b5c7-cde69fb7dd71)
2026-09-05 00:02:38 DEBUG c.z.h.p.PoolBase - HikariPool-2 - Established new connection (d0125296-4a9d-475a-b5c7-cde69fb7dd71)
2026-09-05 00:02:38 DEBUG c.z.h.p.HikariPool - HikariPool-2 - Added connection com.mysql.cj.jdbc.ConnectionImpl@6591861
2026-09-05 00:02:42 DEBUG c.z.h.p.HikariPool - HikariPool-2 - Pool stats (total=10/10, idle=10/10, active=0, waiting=0)
2026-09-05 00:02:42 DEBUG c.z.h.p.HikariPool - HikariPool-2 - Fill pool skipped, pool has sufficient level or currently being filled.
2026-09-05 00:02:54 DEBUG c.z.h.p.HikariPool - HikariPool-2 - keepalive: connection com.mysql.cj.jdbc.ConnectionImpl@5ad556a0 is alive
2026-09-05 00:03:07 DEBUG c.z.h.p.HikariPool - HikariPool-2 - keepalive: connection com.mysql.cj.jdbc.ConnectionImpl@14729734 is alive
2026-09-05 00:03:10 DEBUG c.z.h.p.HikariPool - HikariPool-2 - keepalive: connection com.mysql.cj.jdbc.ConnectionImpl@33b05301 is alive
2026-09-05 00:03:11 DEBUG c.z.h.p.HikariPool - HikariPool-2 - keepalive: connection com.mysql.cj.jdbc.ConnectionImpl@4fdfdce0 is alive
2026-09-05 00:03:12 DEBUG c.z.h.p.HikariPool - HikariPool-2 - Pool stats (total=10/10, idle=10/10, active=0, waiting=0)
2026-09-05 00:03:12 DEBUG c.z.h.p.HikariPool - HikariPool-2 - Fill pool skipped, pool has sufficient level or currently being filled.
2026-09-05 00:03:19 DEBUG c.z.h.p.HikariPool - HikariPool-2 - keepalive: connection com.mysql.cj.jdbc.ConnectionImpl@1be85c9b is alive
2026-09-05 00:03:20 DEBUG c.z.h.p.HikariPool - HikariPool-2 - keepalive: connection com.mysql.cj.jdbc.ConnectionImpl@3bdbd4ba is alive
2026-09-05 00:03:28 DEBUG c.z.h.p.PoolBase - HikariPool-2 - Closing connection com.mysql.cj.jdbc.ConnectionImpl@4fdfdce0: (connection has passed maxLifetime)
2026-09-05 00:03:28 DEBUG c.z.h.p.PoolBase - HikariPool-2 - Attempting to create/setup new connection (8f6155df-f514-4c61-9496-cc7a164e7b54)
2026-09-05 00:03:28 DEBUG c.z.h.p.PoolBase - HikariPool-2 - Established new connection (8f6155df-f514-4c61-9496-cc7a164e7b54)
2026-09-05 00:03:28 DEBUG c.z.h.p.HikariPool - HikariPool-2 - Added connection com.mysql.cj.jdbc.ConnectionImpl@2262ecf9
2026-09-05 00:03:42 DEBUG c.z.h.p.HikariPool - HikariPool-2 - Pool stats (total=10/10, idle=10/10, active=0, waiting=0)
2026-09-05 00:03:42 DEBUG c.z.h.p.HikariPool - HikariPool-2 - Fill pool skipped, pool has sufficient level or currently being filled.
2026-09-05 00:03:45 DEBUG c.z.h.p.HikariPool - HikariPool-2 - keepalive: connection com.mysql.cj.jdbc.ConnectionImpl@66c631e5 is alive
2026-09-05 00:03:50 DEBUG c.z.h.p.HikariPool - HikariPool-2 - keepalive: connection com.mysql.cj.jdbc.ConnectionImpl@609ded8f is alive
2026-09-05 00:03:52 DEBUG c.z.h.p.PoolBase - HikariPool-2 - Closing connection com.mysql.cj.jdbc.ConnectionImpl@609ded8f: (connection has passed maxLifetime)
2026-09-05 00:03:52 DEBUG c.z.h.p.PoolBase - HikariPool-2 - Attempting to create/setup new connection (70bfb239-074f-47c4-8fb4-4a5d4334e692)
2026-09-05 00:03:52 DEBUG c.z.h.p.PoolBase - HikariPool-2 - Established new connection (70bfb239-074f-47c4-8fb4-4a5d4334e692)
2026-09-05 00:03:52 DEBUG c.z.h.p.HikariPool - HikariPool-2 - Added connection com.mysql.cj.jdbc.ConnectionImpl@13251827
2026-09-05 00:03:52 DEBUG c.z.h.p.HikariPool - HikariPool-2 - keepalive: connection com.mysql.cj.jdbc.ConnectionImpl@3ccef75f is alive
2026-09-05 00:04:12 DEBUG c.z.h.p.HikariPool - HikariPool-2 - Pool stats (total=10/10, idle=10/10, active=0, waiting=0)
2026-09-05 00:04:12 DEBUG c.z.h.p.HikariPool - HikariPool-2 - Fill pool skipped, pool has sufficient level or currently being filled.
2026-09-05 00:04:21 DEBUG c.z.h.p.HikariPool - HikariPool-2 - keepalive: connection com.mysql.cj.jdbc.ConnectionImpl@6591861 is alive
2026-09-05 00:04:36 DEBUG c.z.h.p.HikariPool - HikariPool-2 - keepalive: connection com.mysql.cj.jdbc.ConnectionImpl@5ad556a0 is alive
2026-09-05 00:04:42 DEBUG c.z.h.p.HikariPool - HikariPool-2 - Pool stats (total=10/10, idle=10/10, active=0, waiting=0)
2026-09-05 00:04:42 DEBUG c.z.h.p.HikariPool - HikariPool-2 - Fill pool skipped, pool has sufficient level or currently being filled.
2026-09-05 00:04:57 DEBUG c.z.h.p.HikariPool - HikariPool-2 - keepalive: connection com.mysql.cj.jdbc.ConnectionImpl@14729734 is alive
2026-09-05 00:04:57 DEBUG c.z.h.p.HikariPool - HikariPool-2 - keepalive: connection com.mysql.cj.jdbc.ConnectionImpl@3bdbd4ba is alive
2026-09-05 00:05:01 DEBUG c.z.h.p.HikariPool - HikariPool-2 - keepalive: connection com.mysql.cj.jdbc.ConnectionImpl@33b05301 is alive
2026-09-05 00:05:09 DEBUG c.z.h.p.HikariPool - HikariPool-2 - keepalive: connection com.mysql.cj.jdbc.ConnectionImpl@2262ecf9 is alive
2026-09-05 00:05:12 DEBUG c.z.h.p.HikariPool - HikariPool-2 - Pool stats (total=10/10, idle=10/10, active=0, waiting=0)
2026-09-05 00:05:12 DEBUG c.z.h.p.HikariPool - HikariPool-2 - Fill pool skipped, pool has sufficient level or currently being filled.
2026-09-05 00:05:14 DEBUG c.z.h.p.HikariPool - HikariPool-2 - keepalive: connection com.mysql.cj.jdbc.ConnectionImpl@1be85c9b is alive
2026-09-05 00:05:27 DEBUG c.z.h.p.HikariPool - HikariPool-2 - keepalive: connection com.mysql.cj.jdbc.ConnectionImpl@66c631e5 is alive
2026-09-05 00:05:31 DEBUG c.z.h.p.PoolBase - HikariPool-2 - Closing connection com.mysql.cj.jdbc.ConnectionImpl@33b05301: (connection has passed maxLifetime)
2026-09-05 00:05:31 DEBUG c.z.h.p.PoolBase - HikariPool-2 - Attempting to create/setup new connection (40e14617-1e87-4103-bd61-19dc4252dc3c)
2026-09-05 00:05:31 DEBUG c.z.h.p.PoolBase - HikariPool-2 - Established new connection (40e14617-1e87-4103-bd61-19dc4252dc3c)
2026-09-05 00:05:31 DEBUG c.z.h.p.HikariPool - HikariPool-2 - Added connection com.mysql.cj.jdbc.ConnectionImpl@988e82
2026-09-05 00:05:34 DEBUG c.z.h.p.HikariPool - HikariPool-2 - keepalive: connection com.mysql.cj.jdbc.ConnectionImpl@3ccef75f is alive
2026-09-05 00:05:42 DEBUG c.z.h.p.HikariPool - HikariPool-2 - Pool stats (total=10/10, idle=10/10, active=0, waiting=0)
2026-09-05 00:05:42 DEBUG c.z.h.p.HikariPool - HikariPool-2 - Fill pool skipped, pool has sufficient level or currently being filled.
2026-09-05 00:05:50 DEBUG c.z.h.p.HikariPool - HikariPool-2 - keepalive: connection com.mysql.cj.jdbc.ConnectionImpl@13251827 is alive
2026-09-05 00:05:55 DEBUG c.z.h.p.PoolBase - HikariPool-2 - Closing connection com.mysql.cj.jdbc.ConnectionImpl@5ad556a0: (connection has passed maxLifetime)
2026-09-05 00:05:55 DEBUG c.z.h.p.PoolBase - HikariPool-2 - Attempting to create/setup new connection (e08d3094-faf5-47ee-b6db-0225634c9943)
2026-09-05 00:05:55 DEBUG c.z.h.p.PoolBase - HikariPool-2 - Established new connection (e08d3094-faf5-47ee-b6db-0225634c9943)
2026-09-05 00:05:55 DEBUG c.z.h.p.HikariPool - HikariPool-2 - Added connection com.mysql.cj.jdbc.ConnectionImpl@4dd86b29
2026-09-05 00:06:04 DEBUG c.z.h.p.HikariPool - HikariPool-2 - keepalive: connection com.mysql.cj.jdbc.ConnectionImpl@6591861 is alive
2026-09-05 00:06:12 DEBUG c.z.h.p.HikariPool - HikariPool-2 - Pool stats (total=10/10, idle=10/10, active=0, waiting=0)
2026-09-05 00:06:12 DEBUG c.z.h.p.HikariPool - HikariPool-2 - Fill pool skipped, pool has sufficient level or currently being filled.
2026-09-05 00:06:35 DEBUG c.z.h.p.HikariPool - HikariPool-2 - keepalive: connection com.mysql.cj.jdbc.ConnectionImpl@3bdbd4ba is alive
2026-09-05 00:06:43 DEBUG c.z.h.p.HikariPool - HikariPool-2 - Pool stats (total=10/10, idle=10/10, active=0, waiting=0)
2026-09-05 00:06:43 DEBUG c.z.h.p.HikariPool - HikariPool-2 - Fill pool skipped, pool has sufficient level or currently being filled.
2026-09-05 00:06:46 DEBUG c.z.h.p.HikariPool - HikariPool-2 - keepalive: connection com.mysql.cj.jdbc.ConnectionImpl@14729734 is alive
2026-09-05 00:06:51 DEBUG c.z.h.p.HikariPool - HikariPool-2 - keepalive: connection com.mysql.cj.jdbc.ConnectionImpl@2262ecf9 is alive
2026-09-05 00:07:08 DEBUG c.z.h.p.HikariPool - HikariPool-2 - keepalive: connection com.mysql.cj.jdbc.ConnectionImpl@1be85c9b is alive
2026-09-05 00:07:10 DEBUG c.z.h.p.HikariPool - HikariPool-2 - keepalive: connection com.mysql.cj.jdbc.ConnectionImpl@66c631e5 is alive
2026-09-05 00:07:13 DEBUG c.z.h.p.HikariPool - HikariPool-2 - Pool stats (total=10/10, idle=10/10, active=0, waiting=0)
2026-09-05 00:07:13 DEBUG c.z.h.p.HikariPool - HikariPool-2 - Fill pool skipped, pool has sufficient level or currently being filled.
2026-09-05 00:07:15 DEBUG c.z.h.p.HikariPool - HikariPool-2 - keepalive: connection com.mysql.cj.jdbc.ConnectionImpl@988e82 is alive
2026-09-05 00:07:15 DEBUG c.z.h.p.HikariPool - HikariPool-2 - keepalive: connection com.mysql.cj.jdbc.ConnectionImpl@3ccef75f is alive
2026-09-05 00:07:39 DEBUG c.z.h.p.HikariPool - HikariPool-2 - keepalive: connection com.mysql.cj.jdbc.ConnectionImpl@4dd86b29 is alive
2026-09-05 00:07:43 DEBUG c.z.h.p.HikariPool - HikariPool-2 - Pool stats (total=10/10, idle=10/10, active=0, waiting=0)
2026-09-05 00:07:43 DEBUG c.z.h.p.HikariPool - HikariPool-2 - Fill pool skipped, pool has sufficient level or currently being filled.
2026-09-05 00:07:47 DEBUG c.z.h.p.HikariPool - HikariPool-2 - keepalive: connection com.mysql.cj.jdbc.ConnectionImpl@6591861 is alive
2026-09-05 00:07:48 DEBUG c.z.h.p.HikariPool - HikariPool-2 - keepalive: connection com.mysql.cj.jdbc.ConnectionImpl@13251827 is alive
2026-09-05 00:08:07 DEBUG c.z.h.p.PoolBase - HikariPool-2 - Closing connection com.mysql.cj.jdbc.ConnectionImpl@1be85c9b: (connection has passed maxLifetime)
2026-09-05 00:08:07 DEBUG c.z.h.p.PoolBase - HikariPool-2 - Attempting to create/setup new connection (c5d99930-452d-4502-a53d-ef587557c4b4)
2026-09-05 00:08:07 DEBUG c.z.h.p.PoolBase - HikariPool-2 - Established new connection (c5d99930-452d-4502-a53d-ef587557c4b4)
2026-09-05 00:08:07 DEBUG c.z.h.p.HikariPool - HikariPool-2 - Added connection com.mysql.cj.jdbc.ConnectionImpl@2a1d2b7d
2026-09-05 00:08:12 DEBUG c.z.h.p.HikariPool - HikariPool-2 - keepalive: connection com.mysql.cj.jdbc.ConnectionImpl@3bdbd4ba is alive
2026-09-05 00:08:13 DEBUG c.z.h.p.HikariPool - HikariPool-2 - Pool stats (total=10/10, idle=10/10, active=0, waiting=0)
2026-09-05 00:08:13 DEBUG c.z.h.p.HikariPool - HikariPool-2 - Fill pool skipped, pool has sufficient level or currently being filled.
2026-09-05 00:08:32 DEBUG c.z.h.p.HikariPool - HikariPool-2 - keepalive: connection com.mysql.cj.jdbc.ConnectionImpl@2262ecf9 is alive
2026-09-05 00:08:36 DEBUG c.z.h.p.HikariPool - HikariPool-2 - keepalive: connection com.mysql.cj.jdbc.ConnectionImpl@14729734 is alive
2026-09-05 00:08:43 DEBUG c.z.h.p.HikariPool - HikariPool-2 - Pool stats (total=10/10, idle=10/10, active=0, waiting=0)
2026-09-05 00:08:43 DEBUG c.z.h.p.HikariPool - HikariPool-2 - Fill pool skipped, pool has sufficient level or currently being filled.
2026-09-05 00:08:53 DEBUG c.z.h.p.HikariPool - HikariPool-2 - keepalive: connection com.mysql.cj.jdbc.ConnectionImpl@66c631e5 is alive
2026-09-05 00:08:56 DEBUG c.z.h.p.HikariPool - HikariPool-2 - keepalive: connection com.mysql.cj.jdbc.ConnectionImpl@3ccef75f is alive
2026-09-05 00:08:59 DEBUG c.z.h.p.HikariPool - HikariPool-2 - keepalive: connection com.mysql.cj.jdbc.ConnectionImpl@988e82 is alive
2026-09-05 00:09:13 DEBUG c.z.h.p.HikariPool - HikariPool-2 - Pool stats (total=10/10, idle=10/10, active=0, waiting=0)
2026-09-05 00:09:13 DEBUG c.z.h.p.HikariPool - HikariPool-2 - Fill pool skipped, pool has sufficient level or currently being filled.
2026-09-05 00:09:15 DEBUG c.z.h.p.PoolBase - HikariPool-2 - Closing connection com.mysql.cj.jdbc.ConnectionImpl@66c631e5: (connection has passed maxLifetime)
2026-09-05 00:09:15 DEBUG c.z.h.p.PoolBase - HikariPool-2 - Attempting to create/setup new connection (c6ed4b83-4fc1-47cd-a82f-2c0e9969ba14)
2026-09-05 00:09:15 DEBUG c.z.h.p.PoolBase - HikariPool-2 - Established new connection (c6ed4b83-4fc1-47cd-a82f-2c0e9969ba14)
2026-09-05 00:09:15 DEBUG c.z.h.p.HikariPool - HikariPool-2 - Added connection com.mysql.cj.jdbc.ConnectionImpl@14e39269
2026-09-05 00:09:23 DEBUG c.z.h.p.HikariPool - HikariPool-2 - keepalive: connection com.mysql.cj.jdbc.ConnectionImpl@4dd86b29 is alive
2026-09-05 00:09:30 DEBUG c.z.h.p.HikariPool - HikariPool-2 - keepalive: connection com.mysql.cj.jdbc.ConnectionImpl@6591861 is alive
2026-09-05 00:09:43 DEBUG c.z.h.p.HikariPool - HikariPool-2 - Pool stats (total=10/10, idle=10/10, active=0, waiting=0)
2026-09-05 00:09:43 DEBUG c.z.h.p.HikariPool - HikariPool-2 - Fill pool skipped, pool has sufficient level or currently being filled.
2026-09-05 00:09:45 DEBUG c.z.h.p.HikariPool - HikariPool-2 - keepalive: connection com.mysql.cj.jdbc.ConnectionImpl@13251827 is alive
2026-09-05 00:09:49 DEBUG c.z.h.p.HikariPool - HikariPool-2 - keepalive: connection com.mysql.cj.jdbc.ConnectionImpl@3bdbd4ba is alive
2026-09-05 00:10:00 DEBUG c.z.h.p.HikariPool - HikariPool-2 - keepalive: connection com.mysql.cj.jdbc.ConnectionImpl@2a1d2b7d is alive
2026-09-05 00:10:13 DEBUG c.z.h.p.HikariPool - HikariPool-2 - Pool stats (total=10/10, idle=10/10, active=0, waiting=0)
2026-09-05 00:10:13 DEBUG c.z.h.p.HikariPool - HikariPool-2 - Fill pool skipped, pool has sufficient level or currently being filled.
2026-09-05 00:10:14 DEBUG c.z.h.p.HikariPool - HikariPool-2 - keepalive: connection com.mysql.cj.jdbc.ConnectionImpl@2262ecf9 is alive
2026-09-05 00:10:26 DEBUG c.z.h.p.HikariPool - HikariPool-2 - keepalive: connection com.mysql.cj.jdbc.ConnectionImpl@14729734 is alive
2026-09-05 00:10:38 DEBUG c.z.h.p.HikariPool - HikariPool-2 - keepalive: connection com.mysql.cj.jdbc.ConnectionImpl@3ccef75f is alive
2026-09-05 00:10:43 DEBUG c.z.h.p.HikariPool - HikariPool-2 - Pool stats (total=10/10, idle=10/10, active=0, waiting=0)
2026-09-05 00:10:43 DEBUG c.z.h.p.HikariPool - HikariPool-2 - Fill pool skipped, pool has sufficient level or currently being filled.
2026-09-05 00:10:43 DEBUG c.z.h.p.HikariPool - HikariPool-2 - keepalive: connection com.mysql.cj.jdbc.ConnectionImpl@988e82 is alive
2026-09-05 00:10:43 DEBUG c.z.h.p.PoolBase - HikariPool-2 - Closing connection com.mysql.cj.jdbc.ConnectionImpl@3bdbd4ba: (connection has passed maxLifetime)
2026-09-05 00:10:43 DEBUG c.z.h.p.PoolBase - HikariPool-2 - Attempting to create/setup new connection (d08a692f-64df-4203-af38-fa454755b71a)
2026-09-05 00:10:43 DEBUG c.z.h.p.PoolBase - HikariPool-2 - Established new connection (d08a692f-64df-4203-af38-fa454755b71a)
2026-09-05 00:10:43 DEBUG c.z.h.p.HikariPool - HikariPool-2 - Added connection com.mysql.cj.jdbc.ConnectionImpl@52e21e2
2026-09-05 00:10:56 DEBUG c.z.h.p.HikariPool - HikariPool-2 - keepalive: connection com.mysql.cj.jdbc.ConnectionImpl@14e39269 is alive
2026-09-05 00:11:07 DEBUG c.z.h.p.HikariPool - HikariPool-2 - keepalive: connection com.mysql.cj.jdbc.ConnectionImpl@4dd86b29 is alive
2026-09-05 00:11:12 DEBUG c.z.h.p.HikariPool - HikariPool-2 - keepalive: connection com.mysql.cj.jdbc.ConnectionImpl@6591861 is alive
2026-09-05 00:11:13 DEBUG c.z.h.p.HikariPool - HikariPool-2 - Pool stats (total=10/10, idle=10/10, active=0, waiting=0)
2026-09-05 00:11:13 DEBUG c.z.h.p.HikariPool - HikariPool-2 - Fill pool skipped, pool has sufficient level or currently being filled.
2026-09-05 00:11:43 DEBUG c.z.h.p.HikariPool - HikariPool-2 - Pool stats (total=10/10, idle=10/10, active=0, waiting=0)
2026-09-05 00:11:43 DEBUG c.z.h.p.HikariPool - HikariPool-2 - Fill pool skipped, pool has sufficient level or currently being filled.
2026-09-05 00:11:43 DEBUG c.z.h.p.HikariPool - HikariPool-2 - keepalive: connection com.mysql.cj.jdbc.ConnectionImpl@13251827 is alive
2026-09-05 00:11:53 DEBUG c.z.h.p.HikariPool - HikariPool-2 - keepalive: connection com.mysql.cj.jdbc.ConnectionImpl@2a1d2b7d is alive
2026-09-05 00:11:55 DEBUG c.z.h.p.HikariPool - HikariPool-2 - keepalive: connection com.mysql.cj.jdbc.ConnectionImpl@2262ecf9 is alive
2026-09-05 00:12:13 DEBUG c.z.h.p.HikariPool - HikariPool-2 - Pool stats (total=10/10, idle=10/10, active=0, waiting=0)
2026-09-05 00:12:13 DEBUG c.z.h.p.HikariPool - HikariPool-2 - Fill pool skipped, pool has sufficient level or currently being filled.
2026-09-05 00:12:16 DEBUG c.z.h.p.HikariPool - HikariPool-2 - keepalive: connection com.mysql.cj.jdbc.ConnectionImpl@14729734 is alive
2026-09-05 00:12:19 DEBUG c.z.h.p.HikariPool - HikariPool-2 - keepalive: connection com.mysql.cj.jdbc.ConnectionImpl@3ccef75f is alive
2026-09-05 00:12:27 DEBUG c.z.h.p.HikariPool - HikariPool-2 - keepalive: connection com.mysql.cj.jdbc.ConnectionImpl@988e82 is alive
2026-09-05 00:12:32 DEBUG c.z.h.p.HikariPool - HikariPool-2 - keepalive: connection com.mysql.cj.jdbc.ConnectionImpl@52e21e2 is alive
2026-09-05 00:12:36 DEBUG c.z.h.p.HikariPool - HikariPool-2 - keepalive: connection com.mysql.cj.jdbc.ConnectionImpl@14e39269 is alive
2026-09-05 00:12:43 DEBUG c.z.h.p.HikariPool - HikariPool-2 - Pool stats (total=10/10, idle=10/10, active=0, waiting=0)
2026-09-05 00:12:43 DEBUG c.z.h.p.HikariPool - HikariPool-2 - Fill pool skipped, pool has sufficient level or currently being filled.
2026-09-05 00:12:51 DEBUG c.z.h.p.HikariPool - HikariPool-2 - keepalive: connection com.mysql.cj.jdbc.ConnectionImpl@4dd86b29 is alive
2026-09-05 00:12:55 DEBUG c.z.h.p.HikariPool - HikariPool-2 - keepalive: connection com.mysql.cj.jdbc.ConnectionImpl@6591861 is alive
2026-09-05 00:13:05 DEBUG c.z.h.p.PoolBase - HikariPool-2 - Closing connection com.mysql.cj.jdbc.ConnectionImpl@3ccef75f: (connection has passed maxLifetime)
2026-09-05 00:13:05 DEBUG c.z.h.p.PoolBase - HikariPool-2 - Attempting to create/setup new connection (1f39033d-9b07-4a23-801f-c02d8700a75e)
2026-09-05 00:13:05 DEBUG c.z.h.p.PoolBase - HikariPool-2 - Established new connection (1f39033d-9b07-4a23-801f-c02d8700a75e)
2026-09-05 00:13:05 DEBUG c.z.h.p.HikariPool - HikariPool-2 - Added connection com.mysql.cj.jdbc.ConnectionImpl@14fe3731
2026-09-05 00:13:13 DEBUG c.z.h.p.HikariPool - HikariPool-2 - Pool stats (total=10/10, idle=10/10, active=0, waiting=0)
2026-09-05 00:13:13 DEBUG c.z.h.p.HikariPool - HikariPool-2 - Fill pool skipped, pool has sufficient level or currently being filled.
2026-09-05 00:13:37 DEBUG c.z.h.p.HikariPool - HikariPool-2 - keepalive: connection com.mysql.cj.jdbc.ConnectionImpl@2262ecf9 is alive
2026-09-05 00:13:40 DEBUG c.z.h.p.HikariPool - HikariPool-2 - keepalive: connection com.mysql.cj.jdbc.ConnectionImpl@13251827 is alive
2026-09-05 00:13:43 DEBUG c.z.h.p.HikariPool - HikariPool-2 - Pool stats (total=10/10, idle=10/10, active=0, waiting=0)
2026-09-05 00:13:43 DEBUG c.z.h.p.HikariPool - HikariPool-2 - Fill pool skipped, pool has sufficient level or currently being filled.
2026-09-05 00:13:45 DEBUG c.z.h.p.HikariPool - HikariPool-2 - keepalive: connection com.mysql.cj.jdbc.ConnectionImpl@2a1d2b7d is alive
2026-09-05 00:14:06 DEBUG c.z.h.p.HikariPool - HikariPool-2 - keepalive: connection com.mysql.cj.jdbc.ConnectionImpl@14729734 is alive
2026-09-05 00:14:11 DEBUG c.z.h.p.HikariPool - HikariPool-2 - keepalive: connection com.mysql.cj.jdbc.ConnectionImpl@988e82 is alive
2026-09-05 00:14:13 DEBUG c.z.h.p.HikariPool - HikariPool-2 - Pool stats (total=10/10, idle=10/10, active=0, waiting=0)
2026-09-05 00:14:13 DEBUG c.z.h.p.HikariPool - HikariPool-2 - Fill pool skipped, pool has sufficient level or currently being filled.
2026-09-05 00:14:17 DEBUG c.z.h.p.HikariPool - HikariPool-2 - keepalive: connection com.mysql.cj.jdbc.ConnectionImpl@14e39269 is alive
2026-09-05 00:14:21 DEBUG c.z.h.p.HikariPool - HikariPool-2 - keepalive: connection com.mysql.cj.jdbc.ConnectionImpl@52e21e2 is alive
2026-09-05 00:14:35 DEBUG c.z.h.p.HikariPool - HikariPool-2 - keepalive: connection com.mysql.cj.jdbc.ConnectionImpl@4dd86b29 is alive
2026-09-05 00:14:38 DEBUG c.z.h.p.HikariPool - HikariPool-2 - keepalive: connection com.mysql.cj.jdbc.ConnectionImpl@6591861 is alive
2026-09-05 00:14:42 DEBUG c.z.h.p.HikariPool - HikariPool-2 - keepalive: connection com.mysql.cj.jdbc.ConnectionImpl@14fe3731 is alive
2026-09-05 00:14:43 DEBUG c.z.h.p.HikariPool - HikariPool-2 - Pool stats (total=10/10, idle=10/10, active=0, waiting=0)
2026-09-05 00:14:43 DEBUG c.z.h.p.HikariPool - HikariPool-2 - Fill pool skipped, pool has sufficient level or currently being filled.
2026-09-05 00:15:13 DEBUG c.z.h.p.HikariPool - HikariPool-2 - Pool stats (total=10/10, idle=10/10, active=0, waiting=0)
2026-09-05 00:15:13 DEBUG c.z.h.p.HikariPool - HikariPool-2 - Fill pool skipped, pool has sufficient level or currently being filled.
2026-09-05 00:15:19 DEBUG c.z.h.p.HikariPool - HikariPool-2 - keepalive: connection com.mysql.cj.jdbc.ConnectionImpl@2262ecf9 is alive
2026-09-05 00:15:38 DEBUG c.z.h.p.HikariPool - HikariPool-2 - keepalive: connection com.mysql.cj.jdbc.ConnectionImpl@13251827 is alive
2026-09-05 00:15:38 DEBUG c.z.h.p.HikariPool - HikariPool-2 - keepalive: connection com.mysql.cj.jdbc.ConnectionImpl@2a1d2b7d is alive
2026-09-05 00:15:43 DEBUG c.z.h.p.HikariPool - HikariPool-2 - Pool stats (total=10/10, idle=10/10, active=0, waiting=0)
2026-09-05 00:15:43 DEBUG c.z.h.p.HikariPool - HikariPool-2 - Fill pool skipped, pool has sufficient level or currently being filled.
2026-09-05 00:15:55 DEBUG c.z.h.p.HikariPool - HikariPool-2 - keepalive: connection com.mysql.cj.jdbc.ConnectionImpl@988e82 is alive
2026-09-05 00:15:56 DEBUG c.z.h.p.HikariPool - HikariPool-2 - keepalive: connection com.mysql.cj.jdbc.ConnectionImpl@14729734 is alive
2026-09-05 00:15:58 DEBUG c.z.h.p.HikariPool - HikariPool-2 - keepalive: connection com.mysql.cj.jdbc.ConnectionImpl@14e39269 is alive
2026-09-05 00:16:10 DEBUG c.z.h.p.HikariPool - HikariPool-2 - keepalive: connection com.mysql.cj.jdbc.ConnectionImpl@52e21e2 is alive
2026-09-05 00:16:13 DEBUG c.z.h.p.HikariPool - HikariPool-2 - Pool stats (total=10/10, idle=10/10, active=0, waiting=0)
2026-09-05 00:16:13 DEBUG c.z.h.p.HikariPool - HikariPool-2 - Fill pool skipped, pool has sufficient level or currently being filled.
2026-09-05 00:16:18 DEBUG c.z.h.p.HikariPool - HikariPool-2 - keepalive: connection com.mysql.cj.jdbc.ConnectionImpl@14fe3731 is alive
2026-09-05 00:16:19 DEBUG c.z.h.p.HikariPool - HikariPool-2 - keepalive: connection com.mysql.cj.jdbc.ConnectionImpl@4dd86b29 is alive
2026-09-05 00:16:21 DEBUG c.z.h.p.HikariPool - HikariPool-2 - keepalive: connection com.mysql.cj.jdbc.ConnectionImpl@6591861 is alive
2026-09-05 00:16:43 DEBUG c.z.h.p.HikariPool - HikariPool-2 - Pool stats (total=10/10, idle=10/10, active=0, waiting=0)
2026-09-05 00:16:43 DEBUG c.z.h.p.HikariPool - HikariPool-2 - Fill pool skipped, pool has sufficient level or currently being filled.
2026-09-05 00:17:00 DEBUG c.z.h.p.HikariPool - HikariPool-2 - keepalive: connection com.mysql.cj.jdbc.ConnectionImpl@2262ecf9 is alive
2026-09-05 00:17:13 DEBUG c.z.h.p.HikariPool - HikariPool-2 - Pool stats (total=10/10, idle=10/10, active=0, waiting=0)
2026-09-05 00:17:13 DEBUG c.z.h.p.HikariPool - HikariPool-2 - Fill pool skipped, pool has sufficient level or currently being filled.
2026-09-05 00:17:31 DEBUG c.z.h.p.HikariPool - HikariPool-2 - keepalive: connection com.mysql.cj.jdbc.ConnectionImpl@2a1d2b7d is alive
2026-09-05 00:17:35 DEBUG c.z.h.p.HikariPool - HikariPool-2 - keepalive: connection com.mysql.cj.jdbc.ConnectionImpl@13251827 is alive
2026-09-05 00:17:38 DEBUG c.z.h.p.HikariPool - HikariPool-2 - keepalive: connection com.mysql.cj.jdbc.ConnectionImpl@14e39269 is alive
2026-09-05 00:17:39 DEBUG c.z.h.p.HikariPool - HikariPool-2 - keepalive: connection com.mysql.cj.jdbc.ConnectionImpl@988e82 is alive
2026-09-05 00:17:43 DEBUG c.z.h.p.HikariPool - HikariPool-2 - Pool stats (total=10/10, idle=10/10, active=0, waiting=0)
2026-09-05 00:17:43 DEBUG c.z.h.p.HikariPool - HikariPool-2 - Fill pool skipped, pool has sufficient level or currently being filled.
2026-09-05 00:17:46 DEBUG c.z.h.p.HikariPool - HikariPool-2 - keepalive: connection com.mysql.cj.jdbc.ConnectionImpl@14729734 is alive
2026-09-05 00:17:54 DEBUG c.z.h.p.HikariPool - HikariPool-2 - keepalive: connection com.mysql.cj.jdbc.ConnectionImpl@14fe3731 is alive
2026-09-05 00:17:59 DEBUG c.z.h.p.HikariPool - HikariPool-2 - keepalive: connection com.mysql.cj.jdbc.ConnectionImpl@52e21e2 is alive
2026-09-05 00:18:03 DEBUG c.z.h.p.HikariPool - HikariPool-2 - keepalive: connection com.mysql.cj.jdbc.ConnectionImpl@4dd86b29 is alive
2026-09-05 00:18:04 DEBUG c.z.h.p.HikariPool - HikariPool-2 - keepalive: connection com.mysql.cj.jdbc.ConnectionImpl@6591861 is alive
2026-09-05 00:18:13 DEBUG c.z.h.p.HikariPool - HikariPool-2 - Pool stats (total=10/10, idle=10/10, active=0, waiting=0)
2026-09-05 00:18:13 DEBUG c.z.h.p.HikariPool - HikariPool-2 - Fill pool skipped, pool has sufficient level or currently being filled.
2026-09-05 00:18:42 DEBUG c.z.h.p.HikariPool - HikariPool-2 - keepalive: connection com.mysql.cj.jdbc.ConnectionImpl@2262ecf9 is alive
2026-09-05 00:18:43 DEBUG c.z.h.p.HikariPool - HikariPool-2 - Pool stats (total=10/10, idle=10/10, active=0, waiting=0)
2026-09-05 00:18:43 DEBUG c.z.h.p.HikariPool - HikariPool-2 - Fill pool skipped, pool has sufficient level or currently being filled.
2026-09-05 00:19:13 DEBUG c.z.h.p.HikariPool - HikariPool-2 - Pool stats (total=10/10, idle=10/10, active=0, waiting=0)
2026-09-05 00:19:13 DEBUG c.z.h.p.HikariPool - HikariPool-2 - Fill pool skipped, pool has sufficient level or currently being filled.
2026-09-05 00:19:19 DEBUG c.z.h.p.HikariPool - HikariPool-2 - keepalive: connection com.mysql.cj.jdbc.ConnectionImpl@14e39269 is alive
2026-09-05 00:19:23 DEBUG c.z.h.p.HikariPool - HikariPool-2 - keepalive: connection com.mysql.cj.jdbc.ConnectionImpl@988e82 is alive
2026-09-05 00:19:24 DEBUG c.z.h.p.HikariPool - HikariPool-2 - keepalive: connection com.mysql.cj.jdbc.ConnectionImpl@2a1d2b7d is alive
2026-09-05 00:19:31 DEBUG c.z.h.p.HikariPool - HikariPool-2 - keepalive: connection com.mysql.cj.jdbc.ConnectionImpl@14fe3731 is alive
2026-09-05 00:19:33 DEBUG c.z.h.p.HikariPool - HikariPool-2 - keepalive: connection com.mysql.cj.jdbc.ConnectionImpl@13251827 is alive
2026-09-05 00:19:36 DEBUG c.z.h.p.HikariPool - HikariPool-2 - keepalive: connection com.mysql.cj.jdbc.ConnectionImpl@14729734 is alive
2026-09-05 00:19:43 DEBUG c.z.h.p.HikariPool - HikariPool-2 - Pool stats (total=10/10, idle=10/10, active=0, waiting=0)
2026-09-05 00:19:43 DEBUG c.z.h.p.HikariPool - HikariPool-2 - Fill pool skipped, pool has sufficient level or currently being filled.
2026-09-05 00:19:46 DEBUG c.z.h.p.HikariPool - HikariPool-2 - keepalive: connection com.mysql.cj.jdbc.ConnectionImpl@6591861 is alive
2026-09-05 00:19:47 DEBUG c.z.h.p.HikariPool - HikariPool-2 - keepalive: connection com.mysql.cj.jdbc.ConnectionImpl@4dd86b29 is alive
2026-09-05 00:19:48 DEBUG c.z.h.p.HikariPool - HikariPool-2 - keepalive: connection com.mysql.cj.jdbc.ConnectionImpl@52e21e2 is alive
2026-09-05 00:20:13 DEBUG c.z.h.p.HikariPool - HikariPool-2 - Pool stats (total=10/10, idle=10/10, active=0, waiting=0)
2026-09-05 00:20:13 DEBUG c.z.h.p.HikariPool - HikariPool-2 - Fill pool skipped, pool has sufficient level or currently being filled.
2026-09-05 00:20:23 DEBUG c.z.h.p.HikariPool - HikariPool-2 - keepalive: connection com.mysql.cj.jdbc.ConnectionImpl@2262ecf9 is alive
2026-09-05 00:20:43 DEBUG c.z.h.p.HikariPool - HikariPool-2 - Pool stats (total=10/10, idle=10/10, active=0, waiting=0)
2026-09-05 00:20:43 DEBUG c.z.h.p.HikariPool - HikariPool-2 - Fill pool skipped, pool has sufficient level or currently being filled.
2026-09-05 00:21:00 DEBUG c.z.h.p.HikariPool - HikariPool-2 - keepalive: connection com.mysql.cj.jdbc.ConnectionImpl@14e39269 is alive
2026-09-05 00:21:07 DEBUG c.z.h.p.HikariPool - HikariPool-2 - keepalive: connection com.mysql.cj.jdbc.ConnectionImpl@988e82 is alive
2026-09-05 00:21:07 DEBUG c.z.h.p.HikariPool - HikariPool-2 - keepalive: connection com.mysql.cj.jdbc.ConnectionImpl@14fe3731 is alive
2026-09-05 00:21:13 DEBUG c.z.h.p.HikariPool - HikariPool-2 - Pool stats (total=10/10, idle=10/10, active=0, waiting=0)
2026-09-05 00:21:13 DEBUG c.z.h.p.HikariPool - HikariPool-2 - Fill pool skipped, pool has sufficient level or currently being filled.
2026-09-05 00:21:17 DEBUG c.z.h.p.HikariPool - HikariPool-2 - keepalive: connection com.mysql.cj.jdbc.ConnectionImpl@2a1d2b7d is alive
2026-09-05 00:21:25 DEBUG c.z.h.p.HikariPool - HikariPool-2 - keepalive: connection com.mysql.cj.jdbc.ConnectionImpl@14729734 is alive
2026-09-05 00:21:29 DEBUG c.z.h.p.HikariPool - HikariPool-2 - keepalive: connection com.mysql.cj.jdbc.ConnectionImpl@6591861 is alive
2026-09-05 00:21:31 DEBUG c.z.h.p.HikariPool - HikariPool-2 - keepalive: connection com.mysql.cj.jdbc.ConnectionImpl@13251827 is alive
2026-09-05 00:21:31 DEBUG c.z.h.p.HikariPool - HikariPool-2 - keepalive: connection com.mysql.cj.jdbc.ConnectionImpl@4dd86b29 is alive
2026-09-05 00:21:37 DEBUG c.z.h.p.HikariPool - HikariPool-2 - keepalive: connection com.mysql.cj.jdbc.ConnectionImpl@52e21e2 is alive
2026-09-05 00:21:43 DEBUG c.z.h.p.HikariPool - HikariPool-2 - Pool stats (total=10/10, idle=10/10, active=0, waiting=0)
2026-09-05 00:21:43 DEBUG c.z.h.p.HikariPool - HikariPool-2 - Fill pool skipped, pool has sufficient level or currently being filled.
2026-09-05 00:22:05 DEBUG c.z.h.p.HikariPool - HikariPool-2 - keepalive: connection com.mysql.cj.jdbc.ConnectionImpl@2262ecf9 is alive
2026-09-05 00:22:13 DEBUG c.z.h.p.HikariPool - HikariPool-2 - Pool stats (total=10/10, idle=10/10, active=0, waiting=0)
2026-09-05 00:22:13 DEBUG c.z.h.p.HikariPool - HikariPool-2 - Fill pool skipped, pool has sufficient level or currently being filled.
2026-09-05 00:22:40 DEBUG c.z.h.p.HikariPool - HikariPool-2 - keepalive: connection com.mysql.cj.jdbc.ConnectionImpl@14e39269 is alive
2026-09-05 00:22:43 DEBUG c.z.h.p.HikariPool - HikariPool-2 - Pool stats (total=10/10, idle=10/10, active=0, waiting=0)
2026-09-05 00:22:43 DEBUG c.z.h.p.HikariPool - HikariPool-2 - Fill pool skipped, pool has sufficient level or currently being filled.
2026-09-05 00:22:43 DEBUG c.z.h.p.HikariPool - HikariPool-2 - keepalive: connection com.mysql.cj.jdbc.ConnectionImpl@14fe3731 is alive
2026-09-05 00:22:51 DEBUG c.z.h.p.HikariPool - HikariPool-2 - keepalive: connection com.mysql.cj.jdbc.ConnectionImpl@988e82 is alive
2026-09-05 00:23:10 DEBUG c.z.h.p.HikariPool - HikariPool-2 - keepalive: connection com.mysql.cj.jdbc.ConnectionImpl@2a1d2b7d is alive
2026-09-05 00:23:12 DEBUG c.z.h.p.HikariPool - HikariPool-2 - keepalive: connection com.mysql.cj.jdbc.ConnectionImpl@6591861 is alive
2026-09-05 00:23:13 DEBUG c.z.h.p.HikariPool - HikariPool-2 - Pool stats (total=10/10, idle=10/10, active=0, waiting=0)
2026-09-05 00:23:13 DEBUG c.z.h.p.HikariPool - HikariPool-2 - Fill pool skipped, pool has sufficient level or currently being filled.
2026-09-05 00:23:15 DEBUG c.z.h.p.HikariPool - HikariPool-2 - keepalive: connection com.mysql.cj.jdbc.ConnectionImpl@4dd86b29 is alive
2026-09-05 00:23:15 DEBUG c.z.h.p.HikariPool - HikariPool-2 - keepalive: connection com.mysql.cj.jdbc.ConnectionImpl@14729734 is alive
2026-09-05 00:23:26 DEBUG c.z.h.p.HikariPool - HikariPool-2 - keepalive: connection com.mysql.cj.jdbc.ConnectionImpl@52e21e2 is alive
2026-09-05 00:23:28 DEBUG c.z.h.p.HikariPool - HikariPool-2 - keepalive: connection com.mysql.cj.jdbc.ConnectionImpl@13251827 is alive
2026-09-05 00:23:43 DEBUG c.z.h.p.HikariPool - HikariPool-2 - Pool stats (total=10/10, idle=10/10, active=0, waiting=0)
2026-09-05 00:23:43 DEBUG c.z.h.p.HikariPool - HikariPool-2 - Fill pool skipped, pool has sufficient level or currently being filled.
2026-09-05 00:23:47 DEBUG c.z.h.p.HikariPool - HikariPool-2 - keepalive: connection com.mysql.cj.jdbc.ConnectionImpl@2262ecf9 is alive
2026-09-05 00:24:05 DEBUG c.z.h.p.PoolBase - HikariPool-2 - Closing connection com.mysql.cj.jdbc.ConnectionImpl@14729734: (connection has passed maxLifetime)
2026-09-05 00:24:05 DEBUG c.z.h.p.PoolBase - HikariPool-2 - Attempting to create/setup new connection (c1b4f9c6-09df-4769-a014-11c3e808e607)
2026-09-05 00:24:05 DEBUG c.z.h.p.PoolBase - HikariPool-2 - Established new connection (c1b4f9c6-09df-4769-a014-11c3e808e607)
2026-09-05 00:24:05 DEBUG c.z.h.p.HikariPool - HikariPool-2 - Added connection com.mysql.cj.jdbc.ConnectionImpl@bdf66e7
2026-09-05 00:24:13 DEBUG c.z.h.p.HikariPool - HikariPool-2 - Pool stats (total=10/10, idle=10/10, active=0, waiting=0)
2026-09-05 00:24:13 DEBUG c.z.h.p.HikariPool - HikariPool-2 - Fill pool skipped, pool has sufficient level or currently being filled.
2026-09-05 00:24:20 DEBUG c.z.h.p.HikariPool - HikariPool-2 - keepalive: connection com.mysql.cj.jdbc.ConnectionImpl@14fe3731 is alive
2026-09-05 00:24:21 DEBUG c.z.h.p.HikariPool - HikariPool-2 - keepalive: connection com.mysql.cj.jdbc.ConnectionImpl@14e39269 is alive
2026-09-05 00:24:35 DEBUG c.z.h.p.HikariPool - HikariPool-2 - keepalive: connection com.mysql.cj.jdbc.ConnectionImpl@988e82 is alive
2026-09-05 00:24:43 DEBUG c.z.h.p.HikariPool - HikariPool-2 - Pool stats (total=10/10, idle=10/10, active=0, waiting=0)
2026-09-05 00:24:43 DEBUG c.z.h.p.HikariPool - HikariPool-2 - Fill pool skipped, pool has sufficient level or currently being filled.
2026-09-05 00:24:55 DEBUG c.z.h.p.HikariPool - HikariPool-2 - keepalive: connection com.mysql.cj.jdbc.ConnectionImpl@6591861 is alive
2026-09-05 00:24:59 DEBUG c.z.h.p.HikariPool - HikariPool-2 - keepalive: connection com.mysql.cj.jdbc.ConnectionImpl@4dd86b29 is alive
2026-09-05 00:25:02 DEBUG c.z.h.p.HikariPool - HikariPool-2 - keepalive: connection com.mysql.cj.jdbc.ConnectionImpl@2a1d2b7d is alive
2026-09-05 00:25:13 DEBUG c.z.h.p.HikariPool - HikariPool-2 - Pool stats (total=10/10, idle=10/10, active=0, waiting=0)
2026-09-05 00:25:13 DEBUG c.z.h.p.HikariPool - HikariPool-2 - Fill pool skipped, pool has sufficient level or currently being filled.
2026-09-05 00:25:15 DEBUG c.z.h.p.HikariPool - HikariPool-2 - keepalive: connection com.mysql.cj.jdbc.ConnectionImpl@52e21e2 is alive
2026-09-05 00:25:26 DEBUG c.z.h.p.HikariPool - HikariPool-2 - keepalive: connection com.mysql.cj.jdbc.ConnectionImpl@13251827 is alive
2026-09-05 00:25:28 DEBUG c.z.h.p.HikariPool - HikariPool-2 - keepalive: connection com.mysql.cj.jdbc.ConnectionImpl@2262ecf9 is alive
2026-09-05 00:25:43 DEBUG c.z.h.p.HikariPool - HikariPool-2 - Pool stats (total=10/10, idle=10/10, active=0, waiting=0)
2026-09-05 00:25:43 DEBUG c.z.h.p.HikariPool - HikariPool-2 - Fill pool skipped, pool has sufficient level or currently being filled.
2026-09-05 00:25:56 DEBUG c.z.h.p.HikariPool - HikariPool-2 - keepalive: connection com.mysql.cj.jdbc.ConnectionImpl@14fe3731 is alive
2026-09-05 00:25:56 DEBUG c.z.h.p.HikariPool - HikariPool-2 - keepalive: connection com.mysql.cj.jdbc.ConnectionImpl@bdf66e7 is alive
2026-09-05 00:26:01 DEBUG c.z.h.p.HikariPool - HikariPool-2 - keepalive: connection com.mysql.cj.jdbc.ConnectionImpl@14e39269 is alive
2026-09-05 00:26:13 DEBUG c.z.h.p.HikariPool - HikariPool-2 - Pool stats (total=10/10, idle=10/10, active=0, waiting=0)
2026-09-05 00:26:13 DEBUG c.z.h.p.HikariPool - HikariPool-2 - Fill pool skipped, pool has sufficient level or currently being filled.
2026-09-05 00:26:19 DEBUG c.z.h.p.HikariPool - HikariPool-2 - keepalive: connection com.mysql.cj.jdbc.ConnectionImpl@988e82 is alive
2026-09-05 00:26:37 DEBUG c.z.h.p.HikariPool - HikariPool-2 - keepalive: connection com.mysql.cj.jdbc.ConnectionImpl@6591861 is alive
2026-09-05 00:26:43 DEBUG c.z.h.p.HikariPool - HikariPool-2 - Pool stats (total=10/10, idle=10/10, active=0, waiting=0)
2026-09-05 00:26:43 DEBUG c.z.h.p.HikariPool - HikariPool-2 - Fill pool skipped, pool has sufficient level or currently being filled.
2026-09-05 00:26:43 DEBUG c.z.h.p.HikariPool - HikariPool-2 - keepalive: connection com.mysql.cj.jdbc.ConnectionImpl@4dd86b29 is alive
2026-09-05 00:26:55 DEBUG c.z.h.p.HikariPool - HikariPool-2 - keepalive: connection com.mysql.cj.jdbc.ConnectionImpl@2a1d2b7d is alive
2026-09-05 00:27:03 DEBUG c.z.h.p.HikariPool - HikariPool-2 - keepalive: connection com.mysql.cj.jdbc.ConnectionImpl@52e21e2 is alive
2026-09-05 00:27:10 DEBUG c.z.h.p.HikariPool - HikariPool-2 - keepalive: connection com.mysql.cj.jdbc.ConnectionImpl@2262ecf9 is alive
2026-09-05 00:27:13 DEBUG c.z.h.p.HikariPool - HikariPool-2 - Pool stats (total=10/10, idle=10/10, active=0, waiting=0)
2026-09-05 00:27:13 DEBUG c.z.h.p.HikariPool - HikariPool-2 - Fill pool skipped, pool has sufficient level or currently being filled.
2026-09-05 00:27:23 DEBUG c.z.h.p.HikariPool - HikariPool-2 - keepalive: connection com.mysql.cj.jdbc.ConnectionImpl@13251827 is alive
2026-09-05 00:27:32 DEBUG c.z.h.p.HikariPool - HikariPool-2 - keepalive: connection com.mysql.cj.jdbc.ConnectionImpl@14fe3731 is alive
2026-09-05 00:27:42 DEBUG c.z.h.p.HikariPool - HikariPool-2 - keepalive: connection com.mysql.cj.jdbc.ConnectionImpl@14e39269 is alive
2026-09-05 00:27:43 DEBUG c.z.h.p.HikariPool - HikariPool-2 - Pool stats (total=10/10, idle=10/10, active=0, waiting=0)
2026-09-05 00:27:43 DEBUG c.z.h.p.HikariPool - HikariPool-2 - Fill pool skipped, pool has sufficient level or currently being filled.
2026-09-05 00:27:47 DEBUG c.z.h.p.HikariPool - HikariPool-2 - keepalive: connection com.mysql.cj.jdbc.ConnectionImpl@bdf66e7 is alive
2026-09-05 00:28:03 DEBUG c.z.h.p.HikariPool - HikariPool-2 - keepalive: connection com.mysql.cj.jdbc.ConnectionImpl@988e82 is alive
2026-09-05 00:28:13 DEBUG c.z.h.p.HikariPool - HikariPool-2 - Pool stats (total=10/10, idle=10/10, active=0, waiting=0)
2026-09-05 00:28:13 DEBUG c.z.h.p.HikariPool - HikariPool-2 - Fill pool skipped, pool has sufficient level or currently being filled.
2026-09-05 00:28:20 DEBUG c.z.h.p.HikariPool - HikariPool-2 - keepalive: connection com.mysql.cj.jdbc.ConnectionImpl@6591861 is alive
2026-09-05 00:28:27 DEBUG c.z.h.p.HikariPool - HikariPool-2 - keepalive: connection com.mysql.cj.jdbc.ConnectionImpl@4dd86b29 is alive
2026-09-05 00:28:43 DEBUG c.z.h.p.HikariPool - HikariPool-2 - Pool stats (total=10/10, idle=10/10, active=0, waiting=0)
2026-09-05 00:28:43 DEBUG c.z.h.p.HikariPool - HikariPool-2 - Fill pool skipped, pool has sufficient level or currently being filled.
2026-09-05 00:28:48 DEBUG c.z.h.p.HikariPool - HikariPool-2 - keepalive: connection com.mysql.cj.jdbc.ConnectionImpl@2a1d2b7d is alive
2026-09-05 00:28:51 DEBUG c.z.h.p.HikariPool - HikariPool-2 - keepalive: connection com.mysql.cj.jdbc.ConnectionImpl@2262ecf9 is alive
2026-09-05 00:28:52 DEBUG c.z.h.p.HikariPool - HikariPool-2 - keepalive: connection com.mysql.cj.jdbc.ConnectionImpl@52e21e2 is alive
2026-09-05 00:29:08 DEBUG c.z.h.p.HikariPool - HikariPool-2 - keepalive: connection com.mysql.cj.jdbc.ConnectionImpl@14fe3731 is alive
2026-09-05 00:29:13 DEBUG c.z.h.p.HikariPool - HikariPool-2 - Pool stats (total=10/10, idle=10/10, active=0, waiting=0)
2026-09-05 00:29:13 DEBUG c.z.h.p.HikariPool - HikariPool-2 - Fill pool skipped, pool has sufficient level or currently being filled.
2026-09-05 00:29:21 DEBUG c.z.h.p.HikariPool - HikariPool-2 - keepalive: connection com.mysql.cj.jdbc.ConnectionImpl@13251827 is alive
2026-09-05 00:29:23 DEBUG c.z.h.p.HikariPool - HikariPool-2 - keepalive: connection com.mysql.cj.jdbc.ConnectionImpl@14e39269 is alive
2026-09-05 00:29:39 DEBUG c.z.h.p.HikariPool - HikariPool-2 - keepalive: connection com.mysql.cj.jdbc.ConnectionImpl@bdf66e7 is alive
2026-09-05 00:29:43 DEBUG c.z.h.p.HikariPool - HikariPool-2 - Pool stats (total=10/10, idle=10/10, active=0, waiting=0)
2026-09-05 00:29:43 DEBUG c.z.h.p.HikariPool - HikariPool-2 - Fill pool skipped, pool has sufficient level or currently being filled.
2026-09-05 00:29:47 DEBUG c.z.h.p.HikariPool - HikariPool-2 - keepalive: connection com.mysql.cj.jdbc.ConnectionImpl@988e82 is alive
2026-09-05 00:30:03 DEBUG c.z.h.p.HikariPool - HikariPool-2 - keepalive: connection com.mysql.cj.jdbc.ConnectionImpl@6591861 is alive
2026-09-05 00:30:11 DEBUG c.z.h.p.HikariPool - HikariPool-2 - keepalive: connection com.mysql.cj.jdbc.ConnectionImpl@4dd86b29 is alive
2026-09-05 00:30:13 DEBUG c.z.h.p.HikariPool - HikariPool-2 - Pool stats (total=10/10, idle=10/10, active=0, waiting=0)
2026-09-05 00:30:13 DEBUG c.z.h.p.HikariPool - HikariPool-2 - Fill pool skipped, pool has sufficient level or currently being filled.
2026-09-05 00:30:33 DEBUG c.z.h.p.HikariPool - HikariPool-2 - keepalive: connection com.mysql.cj.jdbc.ConnectionImpl@2262ecf9 is alive
2026-09-05 00:30:41 DEBUG c.z.h.p.HikariPool - HikariPool-2 - keepalive: connection com.mysql.cj.jdbc.ConnectionImpl@2a1d2b7d is alive
2026-09-05 00:30:41 DEBUG c.z.h.p.HikariPool - HikariPool-2 - keepalive: connection com.mysql.cj.jdbc.ConnectionImpl@52e21e2 is alive
2026-09-05 00:30:43 DEBUG c.z.h.p.HikariPool - HikariPool-2 - Pool stats (total=10/10, idle=10/10, active=0, waiting=0)
2026-09-05 00:30:43 DEBUG c.z.h.p.HikariPool - HikariPool-2 - Fill pool skipped, pool has sufficient level or currently being filled.
2026-09-05 00:30:45 DEBUG c.z.h.p.HikariPool - HikariPool-2 - keepalive: connection com.mysql.cj.jdbc.ConnectionImpl@14fe3731 is alive
2026-09-05 00:30:59 DEBUG c.z.h.p.PoolBase - HikariPool-2 - Closing connection com.mysql.cj.jdbc.ConnectionImpl@2262ecf9: (connection has passed maxLifetime)
2026-09-05 00:30:59 DEBUG c.z.h.p.PoolBase - HikariPool-2 - Attempting to create/setup new connection (49ec97e6-7d5f-45fc-bfa2-12ab44da4bad)
2026-09-05 00:30:59 DEBUG c.z.h.p.PoolBase - HikariPool-2 - Established new connection (49ec97e6-7d5f-45fc-bfa2-12ab44da4bad)
2026-09-05 00:30:59 DEBUG c.z.h.p.HikariPool - HikariPool-2 - Added connection com.mysql.cj.jdbc.ConnectionImpl@1a1b6acd
2026-09-05 00:31:03 DEBUG c.z.h.p.HikariPool - HikariPool-2 - keepalive: connection com.mysql.cj.jdbc.ConnectionImpl@14e39269 is alive
2026-09-05 00:31:10 DEBUG c.z.h.p.PoolBase - HikariPool-2 - Closing connection com.mysql.cj.jdbc.ConnectionImpl@988e82: (connection has passed maxLifetime)
2026-09-05 00:31:10 DEBUG c.z.h.p.PoolBase - HikariPool-2 - Attempting to create/setup new connection (dfb83c2e-cb70-42ff-9ca9-0847523b78da)
2026-09-05 00:31:10 DEBUG c.z.h.p.PoolBase - HikariPool-2 - Established new connection (dfb83c2e-cb70-42ff-9ca9-0847523b78da)
2026-09-05 00:31:10 DEBUG c.z.h.p.HikariPool - HikariPool-2 - Added connection com.mysql.cj.jdbc.ConnectionImpl@67bc6686
2026-09-05 00:31:13 DEBUG c.z.h.p.HikariPool - HikariPool-2 - Pool stats (total=10/10, idle=10/10, active=0, waiting=0)
2026-09-05 00:31:13 DEBUG c.z.h.p.HikariPool - HikariPool-2 - Fill pool skipped, pool has sufficient level or currently being filled.
2026-09-05 00:31:19 DEBUG c.z.h.p.HikariPool - HikariPool-2 - keepalive: connection com.mysql.cj.jdbc.ConnectionImpl@13251827 is alive
2026-09-05 00:31:30 DEBUG c.z.h.p.HikariPool - HikariPool-2 - keepalive: connection com.mysql.cj.jdbc.ConnectionImpl@bdf66e7 is alive
2026-09-05 00:31:42 DEBUG c.z.h.p.PoolBase - HikariPool-2 - Closing connection com.mysql.cj.jdbc.ConnectionImpl@4dd86b29: (connection has passed maxLifetime)
2026-09-05 00:31:42 DEBUG c.z.h.p.PoolBase - HikariPool-2 - Attempting to create/setup new connection (473d9f3b-5e14-40d7-8935-14ad1ea6992a)
2026-09-05 00:31:42 DEBUG c.z.h.p.PoolBase - HikariPool-2 - Established new connection (473d9f3b-5e14-40d7-8935-14ad1ea6992a)
2026-09-05 00:31:42 DEBUG c.z.h.p.HikariPool - HikariPool-2 - Added connection com.mysql.cj.jdbc.ConnectionImpl@5c2283cc
2026-09-05 00:31:43 DEBUG c.z.h.p.HikariPool - HikariPool-2 - Pool stats (total=10/10, idle=10/10, active=0, waiting=0)
2026-09-05 00:31:43 DEBUG c.z.h.p.HikariPool - HikariPool-2 - Fill pool skipped, pool has sufficient level or currently being filled.
2026-09-05 00:31:46 DEBUG c.z.h.p.HikariPool - HikariPool-2 - keepalive: connection com.mysql.cj.jdbc.ConnectionImpl@6591861 is alive
2026-09-05 00:32:13 DEBUG c.z.h.p.HikariPool - HikariPool-2 - Pool stats (total=10/10, idle=10/10, active=0, waiting=0)
2026-09-05 00:32:13 DEBUG c.z.h.p.HikariPool - HikariPool-2 - Fill pool skipped, pool has sufficient level or currently being filled.
2026-09-05 00:32:21 DEBUG c.z.h.p.HikariPool - HikariPool-2 - keepalive: connection com.mysql.cj.jdbc.ConnectionImpl@14fe3731 is alive
2026-09-05 00:32:30 DEBUG c.z.h.p.HikariPool - HikariPool-2 - keepalive: connection com.mysql.cj.jdbc.ConnectionImpl@52e21e2 is alive
2026-09-05 00:32:32 DEBUG c.z.h.p.PoolBase - HikariPool-2 - Closing connection com.mysql.cj.jdbc.ConnectionImpl@13251827: (connection has passed maxLifetime)
2026-09-05 00:32:32 DEBUG c.z.h.p.PoolBase - HikariPool-2 - Attempting to create/setup new connection (0ab263d5-657d-4332-b6a3-0da35968a42c)
2026-09-05 00:32:32 DEBUG c.z.h.p.PoolBase - HikariPool-2 - Established new connection (0ab263d5-657d-4332-b6a3-0da35968a42c)
2026-09-05 00:32:32 DEBUG c.z.h.p.HikariPool - HikariPool-2 - Added connection com.mysql.cj.jdbc.ConnectionImpl@13947e98
2026-09-05 00:32:34 DEBUG c.z.h.p.HikariPool - HikariPool-2 - keepalive: connection com.mysql.cj.jdbc.ConnectionImpl@2a1d2b7d is alive
2026-09-05 00:32:36 DEBUG c.z.h.p.PoolBase - HikariPool-2 - Closing connection com.mysql.cj.jdbc.ConnectionImpl@6591861: (connection has passed maxLifetime)
2026-09-05 00:32:36 DEBUG c.z.h.p.PoolBase - HikariPool-2 - Attempting to create/setup new connection (75d828cf-81eb-4d98-9d7e-3db553dbba99)
2026-09-05 00:32:36 DEBUG c.z.h.p.PoolBase - HikariPool-2 - Established new connection (75d828cf-81eb-4d98-9d7e-3db553dbba99)
2026-09-05 00:32:36 DEBUG c.z.h.p.HikariPool - HikariPool-2 - Added connection com.mysql.cj.jdbc.ConnectionImpl@52a974a3
2026-09-05 00:32:39 DEBUG c.z.h.p.HikariPool - HikariPool-2 - keepalive: connection com.mysql.cj.jdbc.ConnectionImpl@1a1b6acd is alive
2026-09-05 00:32:43 DEBUG c.z.h.p.HikariPool - HikariPool-2 - Pool stats (total=10/10, idle=10/10, active=0, waiting=0)
2026-09-05 00:32:43 DEBUG c.z.h.p.HikariPool - HikariPool-2 - Fill pool skipped, pool has sufficient level or currently being filled.
2026-09-05 00:32:44 DEBUG c.z.h.p.HikariPool - HikariPool-2 - keepalive: connection com.mysql.cj.jdbc.ConnectionImpl@14e39269 is alive
2026-09-05 00:32:52 DEBUG c.z.h.p.HikariPool - HikariPool-2 - keepalive: connection com.mysql.cj.jdbc.ConnectionImpl@67bc6686 is alive
2026-09-05 00:33:13 DEBUG c.z.h.p.HikariPool - HikariPool-2 - Pool stats (total=10/10, idle=10/10, active=0, waiting=0)
2026-09-05 00:33:13 DEBUG c.z.h.p.HikariPool - HikariPool-2 - Fill pool skipped, pool has sufficient level or currently being filled.
2026-09-05 00:33:21 DEBUG c.z.h.p.HikariPool - HikariPool-2 - keepalive: connection com.mysql.cj.jdbc.ConnectionImpl@bdf66e7 is alive
2026-09-05 00:33:29 DEBUG c.z.h.p.PoolBase - HikariPool-2 - Closing connection com.mysql.cj.jdbc.ConnectionImpl@2a1d2b7d: (connection has passed maxLifetime)
2026-09-05 00:33:29 DEBUG c.z.h.p.PoolBase - HikariPool-2 - Attempting to create/setup new connection (b71f0fb5-543d-4fb5-b9a5-b0afeb8a6d43)
2026-09-05 00:33:29 DEBUG c.z.h.p.PoolBase - HikariPool-2 - Established new connection (b71f0fb5-543d-4fb5-b9a5-b0afeb8a6d43)
2026-09-05 00:33:29 DEBUG c.z.h.p.HikariPool - HikariPool-2 - Added connection com.mysql.cj.jdbc.ConnectionImpl@253e152c
2026-09-05 00:33:35 DEBUG c.z.h.p.HikariPool - HikariPool-2 - keepalive: connection com.mysql.cj.jdbc.ConnectionImpl@5c2283cc is alive
2026-09-05 00:33:43 DEBUG c.z.h.p.HikariPool - HikariPool-2 - Pool stats (total=10/10, idle=10/10, active=0, waiting=0)
2026-09-05 00:33:43 DEBUG c.z.h.p.HikariPool - HikariPool-2 - Fill pool skipped, pool has sufficient level or currently being filled.
2026-09-05 00:33:57 DEBUG c.z.h.p.HikariPool - HikariPool-2 - keepalive: connection com.mysql.cj.jdbc.ConnectionImpl@14fe3731 is alive
2026-09-05 01:19:11 WARN  c.z.h.p.HikariPool - HikariPool-2 - Thread starvation or clock leap detected (housekeeper delta=45m28s357ms345µs900ns).
2026-09-05 01:19:11 DEBUG c.z.h.p.HikariPool - HikariPool-2 - Pool stats (total=10/10, idle=10/10, active=0, waiting=0)
2026-09-05 01:19:11 DEBUG c.z.h.p.HikariPool - HikariPool-2 - Fill pool skipped, pool has sufficient level or currently being filled.
2026-09-05 01:19:11 DEBUG c.z.h.p.HikariPool - HikariPool-2 - keepalive: connection com.mysql.cj.jdbc.ConnectionImpl@52e21e2 is alive
2026-09-05 01:19:11 DEBUG c.z.h.p.HikariPool - HikariPool-2 - keepalive: connection com.mysql.cj.jdbc.ConnectionImpl@1a1b6acd is alive
2026-09-05 01:19:11 DEBUG c.z.h.p.HikariPool - HikariPool-2 - keepalive: connection com.mysql.cj.jdbc.ConnectionImpl@13947e98 is alive
2026-09-05 01:19:11 DEBUG c.z.h.p.HikariPool - HikariPool-2 - keepalive: connection com.mysql.cj.jdbc.ConnectionImpl@14e39269 is alive
2026-09-05 01:19:11 DEBUG c.z.h.p.HikariPool - HikariPool-2 - keepalive: connection com.mysql.cj.jdbc.ConnectionImpl@52a974a3 is alive
2026-09-05 01:19:11 DEBUG c.z.h.p.HikariPool - HikariPool-2 - keepalive: connection com.mysql.cj.jdbc.ConnectionImpl@67bc6686 is alive
2026-09-05 01:19:11 DEBUG c.z.h.p.HikariPool - HikariPool-2 - keepalive: connection com.mysql.cj.jdbc.ConnectionImpl@253e152c is alive
2026-09-05 01:19:11 DEBUG c.z.h.p.HikariPool - HikariPool-2 - keepalive: connection com.mysql.cj.jdbc.ConnectionImpl@bdf66e7 is alive
2026-09-05 01:19:11 DEBUG c.z.h.p.HikariPool - HikariPool-2 - keepalive: connection com.mysql.cj.jdbc.ConnectionImpl@5c2283cc is alive
2026-09-05 01:19:11 DEBUG c.z.h.p.HikariPool - HikariPool-2 - keepalive: connection com.mysql.cj.jdbc.ConnectionImpl@14fe3731 is alive
2026-09-05 01:19:11 DEBUG c.z.h.p.PoolBase - HikariPool-2 - Closing connection com.mysql.cj.jdbc.ConnectionImpl@52e21e2: (connection has passed maxLifetime)
2026-09-05 01:19:11 DEBUG c.z.h.p.PoolBase - HikariPool-2 - Closing connection com.mysql.cj.jdbc.ConnectionImpl@14fe3731: (connection has passed maxLifetime)
2026-09-05 01:19:11 DEBUG c.z.h.p.PoolBase - HikariPool-2 - Closing connection com.mysql.cj.jdbc.ConnectionImpl@14e39269: (connection has passed maxLifetime)
2026-09-05 01:19:11 DEBUG c.z.h.p.PoolBase - HikariPool-2 - Closing connection com.mysql.cj.jdbc.ConnectionImpl@bdf66e7: (connection has passed maxLifetime)
2026-09-05 01:19:11 DEBUG c.z.h.p.PoolBase - HikariPool-2 - Closing connection com.mysql.cj.jdbc.ConnectionImpl@67bc6686: (connection has passed maxLifetime)
2026-09-05 01:19:11 DEBUG c.z.h.p.PoolBase - HikariPool-2 - Closing connection com.mysql.cj.jdbc.ConnectionImpl@13947e98: (connection has passed maxLifetime)
2026-09-05 01:19:11 DEBUG c.z.h.p.PoolBase - HikariPool-2 - Closing connection com.mysql.cj.jdbc.ConnectionImpl@52a974a3: (connection has passed maxLifetime)
2026-09-05 01:19:11 DEBUG c.z.h.p.PoolBase - HikariPool-2 - Closing connection com.mysql.cj.jdbc.ConnectionImpl@5c2283cc: (connection has passed maxLifetime)
2026-09-05 01:19:11 DEBUG c.z.h.p.PoolBase - HikariPool-2 - Closing connection com.mysql.cj.jdbc.ConnectionImpl@253e152c: (connection has passed maxLifetime)
2026-09-05 01:19:11 DEBUG c.z.h.p.PoolBase - HikariPool-2 - Closing connection com.mysql.cj.jdbc.ConnectionImpl@1a1b6acd: (connection has passed maxLifetime)
2026-09-05 01:19:11 DEBUG c.z.h.p.PoolBase - HikariPool-2 - Attempting to create/setup new connection (13827ef9-11ae-4377-be42-adef5200003f)
2026-09-05 01:19:11 DEBUG c.z.h.p.PoolBase - HikariPool-2 - Established new connection (13827ef9-11ae-4377-be42-adef5200003f)
2026-09-05 01:19:11 DEBUG c.z.h.p.HikariPool - HikariPool-2 - Added connection com.mysql.cj.jdbc.ConnectionImpl@202644b2
2026-09-05 01:19:11 DEBUG c.z.h.p.PoolBase - HikariPool-2 - Attempting to create/setup new connection (9a6b0def-7343-4c29-a0bc-8094afc7916f)
2026-09-05 01:19:11 DEBUG c.z.h.p.PoolBase - HikariPool-2 - Established new connection (9a6b0def-7343-4c29-a0bc-8094afc7916f)
2026-09-05 01:19:11 DEBUG c.z.h.p.HikariPool - HikariPool-2 - Added connection com.mysql.cj.jdbc.ConnectionImpl@611b4e89
2026-09-05 01:19:12 DEBUG c.z.h.p.PoolBase - HikariPool-2 - Attempting to create/setup new connection (511f6010-50c2-4280-a7aa-0bc80cc65667)
2026-09-05 01:19:12 DEBUG c.z.h.p.PoolBase - HikariPool-2 - Established new connection (511f6010-50c2-4280-a7aa-0bc80cc65667)
2026-09-05 01:19:12 DEBUG c.z.h.p.HikariPool - HikariPool-2 - Added connection com.mysql.cj.jdbc.ConnectionImpl@50304bc9
2026-09-05 01:19:12 DEBUG c.z.h.p.PoolBase - HikariPool-2 - Attempting to create/setup new connection (8f21f267-0b11-45db-8547-789222053397)
2026-09-05 01:19:12 DEBUG c.z.h.p.PoolBase - HikariPool-2 - Established new connection (8f21f267-0b11-45db-8547-789222053397)
2026-09-05 01:19:12 DEBUG c.z.h.p.HikariPool - HikariPool-2 - Added connection com.mysql.cj.jdbc.ConnectionImpl@134b1c6
2026-09-05 01:19:12 DEBUG c.z.h.p.PoolBase - HikariPool-2 - Attempting to create/setup new connection (4d46b24b-b272-426e-a3f8-18140341c1b3)
2026-09-05 01:19:12 DEBUG c.z.h.p.PoolBase - HikariPool-2 - Established new connection (4d46b24b-b272-426e-a3f8-18140341c1b3)
2026-09-05 01:19:12 DEBUG c.z.h.p.HikariPool - HikariPool-2 - Added connection com.mysql.cj.jdbc.ConnectionImpl@1dc01fe2
2026-09-05 01:19:12 DEBUG c.z.h.p.PoolBase - HikariPool-2 - Attempting to create/setup new connection (8e053e4e-aaae-4a94-8a10-ae76e0d59614)
2026-09-05 01:19:12 DEBUG c.z.h.p.PoolBase - HikariPool-2 - Established new connection (8e053e4e-aaae-4a94-8a10-ae76e0d59614)
2026-09-05 01:19:12 DEBUG c.z.h.p.HikariPool - HikariPool-2 - Added connection com.mysql.cj.jdbc.ConnectionImpl@57a4c43
2026-09-05 01:19:12 DEBUG c.z.h.p.PoolBase - HikariPool-2 - Attempting to create/setup new connection (1ace1126-60fa-4909-890a-c9e5b2799c2d)
2026-09-05 01:19:12 DEBUG c.z.h.p.PoolBase - HikariPool-2 - Established new connection (1ace1126-60fa-4909-890a-c9e5b2799c2d)
2026-09-05 01:19:12 DEBUG c.z.h.p.HikariPool - HikariPool-2 - Added connection com.mysql.cj.jdbc.ConnectionImpl@34d6882b
2026-09-05 01:19:12 DEBUG c.z.h.p.PoolBase - HikariPool-2 - Attempting to create/setup new connection (c5766877-9987-4a27-ba92-dae711357739)
2026-09-05 01:19:12 DEBUG c.z.h.p.PoolBase - HikariPool-2 - Established new connection (c5766877-9987-4a27-ba92-dae711357739)
2026-09-05 01:19:12 DEBUG c.z.h.p.HikariPool - HikariPool-2 - Added connection com.mysql.cj.jdbc.ConnectionImpl@61660af8
2026-09-05 01:19:12 DEBUG c.z.h.p.PoolBase - HikariPool-2 - Attempting to create/setup new connection (f92544e8-df02-4aba-a8d0-38c5de1e4fc0)
2026-09-05 01:19:12 DEBUG c.z.h.p.PoolBase - HikariPool-2 - Established new connection (f92544e8-df02-4aba-a8d0-38c5de1e4fc0)
2026-09-05 01:19:12 DEBUG c.z.h.p.HikariPool - HikariPool-2 - Added connection com.mysql.cj.jdbc.ConnectionImpl@6d66ba04
2026-09-05 01:19:12 DEBUG c.z.h.p.PoolBase - HikariPool-2 - Attempting to create/setup new connection (7ce90d93-a2a5-433e-b76c-13cd0fcb7e45)
2026-09-05 01:19:12 DEBUG c.z.h.p.PoolBase - HikariPool-2 - Established new connection (7ce90d93-a2a5-433e-b76c-13cd0fcb7e45)
2026-09-05 01:19:12 DEBUG c.z.h.p.HikariPool - HikariPool-2 - Added connection com.mysql.cj.jdbc.ConnectionImpl@40d2f616
2026-09-05 01:19:12 DEBUG c.z.h.p.HikariPool - HikariPool-2 - Connection not added, stats (total=10/10, idle=10/10, active=0, waiting=0)
2026-09-05 01:19:41 DEBUG c.z.h.p.HikariPool - HikariPool-2 - Pool stats (total=10/10, idle=10/10, active=0, waiting=0)
2026-09-05 01:19:41 DEBUG c.z.h.p.HikariPool - HikariPool-2 - Fill pool skipped, pool has sufficient level or currently being filled.
2026-09-05 01:20:08 DEBUG o.s.b.a.ApplicationAvailabilityBean - Application availability state ReadinessState changed from ACCEPTING_TRAFFIC to REFUSING_TRAFFIC
2026-09-05 01:20:08 DEBUG o.s.b.w.s.s.c.AnnotationConfigServletWebServerApplicationContext - Closing org.springframework.boot.web.server.servlet.context.AnnotationConfigServletWebServerApplicationContext@10f66d85, started on Fri Sep 04 18:40:36 IST 2026
2026-09-05 01:20:08 DEBUG o.s.c.s.DefaultLifecycleProcessor - Stopping beans in phase 2147482623
2026-09-05 01:20:08 INFO  o.s.b.t.GracefulShutdown - Commencing graceful shutdown. Waiting for active requests to complete
2026-09-05 10:57:08,871 yyyy-MM-dd HH:mm:ss2026-09-05 10:57:08,876 yyyy-MM-dd HH:mm:ss2026-09-05 10:57:08,877 yyyy-MM-dd HH:mm:ss2026-09-05 10:57:08,880 yyyy-MM-dd HH:mm:ss2026-09-05 10:57:09,005 yyyy-MM-dd HH:mm:ss2026-09-05 10:57:09,005 yyyy-MM-dd HH:mm:ss2026-09-05 10:57:09,005 yyyy-MM-dd HH:mm:ss2026-09-05 10:57:09,005 yyyy-MM-dd HH:mm:ss2026-09-05 10:57:09,005 yyyy-MM-dd HH:mm:ss2026-09-05 10:57:09,006 yyyy-MM-dd HH:mm:ss2026-09-05 10:57:09,047 yyyy-MM-dd HH:mm:ss2026-09-05 10:57:09,081 yyyy-MM-dd HH:mm:ss2026-09-05 10:57:09,268 yyyy-MM-dd HH:mm:ss2026-09-05 10:57:09,285 yyyy-MM-dd HH:mm:ss2026-09-05 10:57:09,309 yyyy-MM-dd HH:mm:ss2026-09-05 10:57:09,312 yyyy-MM-dd HH:mm:ss2026-09-05 10:57:09,351 yyyy-MM-dd HH:mm:ss2026-09-05 10:57:09,359 yyyy-MM-dd HH:mm:ss2026-09-05 10:57:09,388 yyyy-MM-dd HH:mm:ss2026-09-05 10:57:09,392 yyyy-MM-dd HH:mm:ss2026-09-05 10:57:11,141 yyyy-MM-dd HH:mm:ss2026-09-05 10:57:11,162 yyyy-MM-dd HH:mm:ss2026-09-05 10:57:11,176 yyyy-MM-dd HH:mm:ss2026-09-05 10:57:11,178 yyyy-MM-dd HH:mm:ss2026-09-05 10:57:11,206 yyyy-MM-dd HH:mm:ss2026-09-05 10:57:11,255 yyyy-MM-dd HH:mm:ss2026-09-05 10:57:11,255 yyyy-MM-dd HH:mm:ss2026-09-05 10:57:11,255 yyyy-MM-dd HH:mm:ss2026-09-05 10:57:11,278 yyyy-MM-dd HH:mm:ss2026-09-05 10:57:11,808 yyyy-MM-dd HH:mm:ss2026-09-05 10:57:11,813 yyyy-MM-dd HH:mm:ss2026-09-05 10:57:11,814 yyyy-MM-dd HH:mm:ss2026-09-05 10:57:11,906 yyyy-MM-dd HH:mm:ss2026-09-05 10:57:11,910 yyyy-MM-dd HH:mm:ss2026-09-05 10:57:11,910 yyyy-MM-dd HH:mm:ss2026-09-05 10:57:11,912 yyyy-MM-dd HH:mm:ss2026-09-05 10:57:11,914 yyyy-MM-dd HH:mm:ss2026-09-05 10:57:11,915 yyyy-MM-dd HH:mm:ss2026-09-05 10:57:11,931 yyyy-MM-dd HH:mm:ss2026-09-05 10:57:11,935 yyyy-MM-dd HH:mm:ss2026-09-05 10:57:11,943 yyyy-MM-dd HH:mm:ss2026-09-05 10:57:11,944 yyyy-MM-dd HH:mm:ss2026-09-05 10:57:11,945 yyyy-MM-dd HH:mm:ss2026-09-05 10:57:11,951 yyyy-MM-dd HH:mm:ss2026-09-05 10:57:11,956 yyyy-MM-dd HH:mm:ss2026-09-05 10:57:11,977 yyyy-MM-dd HH:mm:ss2026-09-05 10:57:12,001 yyyy-MM-dd HH:mm:ss2026-09-05 10:57:12,004 yyyy-MM-dd HH:mm:ss2026-09-05 10:57:12,012 yyyy-MM-dd HH:mm:ss2026-09-05 10:57:12,017 yyyy-MM-dd HH:mm:ss2026-09-05 10:57:12,017 yyyy-MM-dd HH:mm:ss2026-09-05 10:57:12,069 yyyy-MM-dd HH:mm:ss2026-09-05 10:57:12,074 yyyy-MM-dd HH:mm:ss2026-09-05 10:57:12,075 yyyy-MM-dd HH:mm:ss2026-09-05 10:57:12,311 yyyy-MM-dd HH:mm:ss2026-09-05 10:57:12,313 yyyy-MM-dd HH:mm:ss2026-09-05 10:57:12,315 yyyy-MM-dd HH:mm:ss2026-09-05 10:57:12,316 yyyy-MM-dd HH:mm:ss2026-09-05 10:57:12,323 yyyy-MM-dd HH:mm:ss2026-09-05 10:57:12,324 yyyy-MM-dd HH:mm:ss2026-09-05 10:57:12,333 yyyy-MM-dd HH:mm:ss2026-09-05 10:57:12,334 yyyy-MM-dd HH:mm:ss2026-09-05 10:57:12,340 yyyy-MM-dd HH:mm:ss2026-09-05 10:57:12,349 yyyy-MM-dd HH:mm:ss2026-09-05 10:57:12,352 yyyy-MM-dd HH:mm:ss2026-09-05 10:57:12,392 yyyy-MM-dd HH:mm:ss2026-09-05 10:57:12,393 yyyy-MM-dd HH:mm:ss2026-09-05 10:57:12,398 yyyy-MM-dd HH:mm:ss2026-09-05 10:57:12,399 yyyy-MM-dd HH:mm:ss2026-09-05 10:57:12,403 yyyy-MM-dd HH:mm:ss2026-09-05 10:57:12,403 yyyy-MM-dd HH:mm:ss2026-09-05 10:57:12,405 yyyy-MM-dd HH:mm:ss2026-09-05 10:57:12,410 yyyy-MM-dd HH:mm:ss2026-09-05 10:57:12,437 yyyy-MM-dd HH:mm:ss2026-09-05 10:57:12,507 yyyy-MM-dd HH:mm:ss2026-09-05 10:57:12,507 yyyy-MM-dd HH:mm:ss2026-09-05 10:57:12,510 yyyy-MM-dd HH:mm:ss2026-09-05 10:57:12,541 yyyy-MM-dd HH:mm:ss2026-09-05 10:57:12,548 yyyy-MM-dd HH:mm:ss2026-09-05 10:57:12,548 yyyy-MM-dd HH:mm:ss2026-09-05 10:57:12,551 yyyy-MM-dd HH:mm:ss2026-09-05 10:57:12,554 yyyy-MM-dd HH:mm:ss2026-09-05 10:57:12,555 yyyy-MM-dd HH:mm:ss2026-09-05 10:57:12,565 yyyy-MM-dd HH:mm:ss2026-09-05 10:57:12,566 yyyy-MM-dd HH:mm:ss2026-09-05 10:57:12,569 yyyy-MM-dd HH:mm:ss2026-09-05 10:57:12,583 yyyy-MM-dd HH:mm:ss2026-09-05 10:57:12,584 yyyy-MM-dd HH:mm:ss2026-09-05 10:57:12,587 yyyy-MM-dd HH:mm:ss2026-09-05 10:57:12,588 yyyy-MM-dd HH:mm:ss2026-09-05 10:57:12,594 yyyy-MM-dd HH:mm:ss2026-09-05 10:57:12,634 yyyy-MM-dd HH:mm:ss2026-09-05 10:57:12,634 yyyy-MM-dd HH:mm:ss2026-09-05 10:57:12,634 yyyy-MM-dd HH:mm:ss2026-09-05 10:57:12,634 yyyy-MM-dd HH:mm:ss2026-09-05 10:57:12,640 yyyy-MM-dd HH:mm:ss2026-09-05 10:57:12,641 yyyy-MM-dd HH:mm:ss2026-09-05 10:57:12,714 yyyy-MM-dd HH:mm:ss2026-09-05 10:57:12,714 yyyy-MM-dd HH:mm:ss2026-09-05 10:57:12,716 yyyy-MM-dd HH:mm:ss2026-09-05 10:57:12,719 yyyy-MM-dd HH:mm:ss2026-09-05 10:57:12,720 yyyy-MM-dd HH:mm:ss2026-09-05 10:57:12,722 yyyy-MM-dd HH:mm:ss2026-09-05 10:57:12,723 yyyy-MM-dd HH:mm:ss2026-09-05 10:57:12,725 yyyy-MM-dd HH:mm:ss2026-09-05 10:57:12,732 yyyy-MM-dd HH:mm:ss2026-09-05 10:57:12,754 yyyy-MM-dd HH:mm:ss2026-09-05 10:57:12,755 yyyy-MM-dd HH:mm:ss2026-09-05 10:57:12,759 yyyy-MM-dd HH:mm:ss2026-09-05 10:57:12,759 yyyy-MM-dd HH:mm:ss2026-09-05 10:57:12,761 yyyy-MM-dd HH:mm:ss2026-09-05 10:57:12,766 yyyy-MM-dd HH:mm:ss2026-09-05 10:57:12,779 yyyy-MM-dd HH:mm:ss2026-09-05 10:57:12,978 yyyy-MM-dd HH:mm:ss2026-09-05 10:57:12,979 yyyy-MM-dd HH:mm:ss2026-09-05 10:57:12,981 yyyy-MM-dd HH:mm:ss2026-09-05 10:57:13,099 yyyy-MM-dd HH:mm:ss2026-09-05 10:57:13,126 yyyy-MM-dd HH:mm:ss2026-09-05 10:57:13,135 yyyy-MM-dd HH:mm:ss2026-09-05 10:57:13,136 yyyy-MM-dd HH:mm:ss2026-09-05 10:57:13,322 yyyy-MM-dd HH:mm:ss2026-09-05 10:57:13,325 yyyy-MM-dd HH:mm:ss2026-09-05 10:57:13,333 yyyy-MM-dd HH:mm:ss2026-09-05 10:57:13,334 yyyy-MM-dd HH:mm:ss2026-09-05 10:57:13,337 yyyy-MM-dd HH:mm:ss2026-09-05 10:57:13,338 yyyy-MM-dd HH:mm:ss2026-09-05 10:57:13,344 yyyy-MM-dd HH:mm:ss2026-09-05 10:57:13,347 yyyy-MM-dd HH:mm:ss2026-09-05 10:57:13,352 yyyy-MM-dd HH:mm:ss2026-09-05 10:57:13,360 yyyy-MM-dd HH:mm:ss2026-09-05 10:57:13,361 yyyy-MM-dd HH:mm:ss2026-09-05 10:57:13,368 yyyy-MM-dd HH:mm:ss2026-09-05 10:57:13,369 yyyy-MM-dd HH:mm:ss2026-09-05 10:57:13,372 yyyy-MM-dd HH:mm:ss2026-09-05 10:57:13,375 yyyy-MM-dd HH:mm:ss2026-09-05 10:57:13,375 yyyy-MM-dd HH:mm:ss2026-09-05 10:57:13,378 yyyy-MM-dd HH:mm:ss2026-09-05 10:57:13,378 yyyy-MM-dd HH:mm:ss2026-09-05 10:57:13,379 yyyy-MM-dd HH:mm:ss2026-09-05 10:57:13,381 yyyy-MM-dd HH:mm:ss2026-09-05 10:57:13,383 yyyy-MM-dd HH:mm:ss2026-09-05 10:57:13,390 yyyy-MM-dd HH:mm:ss2026-09-05 10:57:13,390 yyyy-MM-dd HH:mm:ss2026-09-05 10:57:13,406 yyyy-MM-dd HH:mm:ss2026-09-05 10:57:13,442 yyyy-MM-dd HH:mm:ss2026-09-05 10:57:13,444 yyyy-MM-dd HH:mm:ss2026-09-05 10:57:13,448 yyyy-MM-dd HH:mm:ss2026-09-05 10:57:13,448 yyyy-MM-dd HH:mm:ss2026-09-05 10:57:13,451 yyyy-MM-dd HH:mm:ss2026-09-05 10:57:13,451 yyyy-MM-dd HH:mm:ss2026-09-05 10:57:13,466 yyyy-MM-dd HH:mm:ss2026-09-05 10:57:13,467 yyyy-MM-dd HH:mm:ss2026-09-05 10:57:13,484 yyyy-MM-dd HH:mm:ss2026-09-05 10:57:13,484 yyyy-MM-dd HH:mm:ss2026-09-05 10:57:13,486 yyyy-MM-dd HH:mm:ss2026-09-05 10:57:13,493 yyyy-MM-dd HH:mm:ss2026-09-05 10:57:13,493 yyyy-MM-dd HH:mm:ss2026-09-05 10:57:13,495 yyyy-MM-dd HH:mm:ss2026-09-05 10:57:13,498 yyyy-MM-dd HH:mm:ss2026-09-05 10:57:13,499 yyyy-MM-dd HH:mm:ss2026-09-05 10:57:13,500 yyyy-MM-dd HH:mm:ss2026-09-05 10:57:13,500 yyyy-MM-dd HH:mm:ss2026-09-05 10:57:13,504 yyyy-MM-dd HH:mm:ss2026-09-05 10:57:13,504 yyyy-MM-dd HH:mm:ss2026-09-05 10:57:13,506 yyyy-MM-dd HH:mm:ss2026-09-05 10:57:13,514 yyyy-MM-dd HH:mm:ss2026-09-05 10:57:13,514 yyyy-MM-dd HH:mm:ss2026-09-05 10:57:13,515 yyyy-MM-dd HH:mm:ss2026-09-05 10:57:13,517 yyyy-MM-dd HH:mm:ss2026-09-05 10:57:13,517 yyyy-MM-dd HH:mm:ss2026-09-05 10:57:13,517 yyyy-MM-dd HH:mm:ss2026-09-05 10:57:13,517 yyyy-MM-dd HH:mm:ss2026-09-05 10:57:13,543 yyyy-MM-dd HH:mm:ss2026-09-05 10:57:13,546 yyyy-MM-dd HH:mm:ss2026-09-05 10:57:13,547 yyyy-MM-dd HH:mm:ss2026-09-05 10:57:13,551 yyyy-MM-dd HH:mm:ss2026-09-05 10:57:13,551 yyyy-MM-dd HH:mm:ss2026-09-05 10:57:13,553 yyyy-MM-dd HH:mm:ss2026-09-05 10:57:13,555 yyyy-MM-dd HH:mm:ss2026-09-05 10:57:13,565 yyyy-MM-dd HH:mm:ss2026-09-05 10:57:13,566 yyyy-MM-dd HH:mm:ss2026-09-05 10:57:13,622 yyyy-MM-dd HH:mm:ss2026-09-05 10:57:13,631 yyyy-MM-dd HH:mm:ss2026-09-05 10:57:13,632 yyyy-MM-dd HH:mm:ss2026-09-05 10:57:13,633 yyyy-MM-dd HH:mm:ss2026-09-05 10:57:13,657 yyyy-MM-dd HH:mm:ss2026-09-05 10:57:13,657 yyyy-MM-dd HH:mm:ss2026-09-05 10:57:13,661 yyyy-MM-dd HH:mm:ss2026-09-05 10:57:13,661 yyyy-MM-dd HH:mm:ss2026-09-05 10:57:13,667 yyyy-MM-dd HH:mm:ss2026-09-05 10:57:13,671 yyyy-MM-dd HH:mm:ss2026-09-05 10:57:13,675 yyyy-MM-dd HH:mm:ss2026-09-05 10:57:13,686 yyyy-MM-dd HH:mm:ss2026-09-05 10:57:13,691 yyyy-MM-dd HH:mm:ss2026-09-05 10:57:13,691 yyyy-MM-dd HH:mm:ss2026-09-05 10:57:13,693 yyyy-MM-dd HH:mm:ss2026-09-05 10:57:13,693 yyyy-MM-dd HH:mm:ss2026-09-05 10:57:13,695 yyyy-MM-dd HH:mm:ss2026-09-05 10:57:13,707 yyyy-MM-dd HH:mm:ss2026-09-05 10:57:13,708 yyyy-MM-dd HH:mm:ss2026-09-05 10:57:13,710 yyyy-MM-dd HH:mm:ss2026-09-05 10:57:13,712 yyyy-MM-dd HH:mm:ss2026-09-05 10:57:13,712 yyyy-MM-dd HH:mm:ss2026-09-05 10:57:13,712 yyyy-MM-dd HH:mm:ss2026-09-05 10:57:13,724 yyyy-MM-dd HH:mm:ss2026-09-05 10:57:13,759 yyyy-MM-dd HH:mm:ss2026-09-05 10:57:13,760 yyyy-MM-dd HH:mm:ss2026-09-05 10:57:13,761 yyyy-MM-dd HH:mm:ss2026-09-05 10:57:13,761 yyyy-MM-dd HH:mm:ss2026-09-05 10:57:13,763 yyyy-MM-dd HH:mm:ss2026-09-05 10:57:13,767 yyyy-MM-dd HH:mm:ss2026-09-05 10:57:13,767 yyyy-MM-dd HH:mm:ss2026-09-05 10:57:13,775 yyyy-MM-dd HH:mm:ss2026-09-05 10:57:13,777 yyyy-MM-dd HH:mm:ss2026-09-05 10:57:13,778 yyyy-MM-dd HH:mm:ss2026-09-05 10:57:13,782 yyyy-MM-dd HH:mm:ss2026-09-05 10:57:13,790 yyyy-MM-dd HH:mm:ss2026-09-05 10:57:13,792 yyyy-MM-dd HH:mm:ss2026-09-05 10:57:13,792 yyyy-MM-dd HH:mm:ss2026-09-05 10:57:13,792 yyyy-MM-dd HH:mm:ss2026-09-05 10:57:13,799 yyyy-MM-dd HH:mm:ss2026-09-05 10:57:13,799 yyyy-MM-dd HH:mm:ss2026-09-05 10:57:13,806 yyyy-MM-dd HH:mm:ss2026-09-05 10:57:13,808 yyyy-MM-dd HH:mm:ss2026-09-05 10:57:13,878 yyyy-MM-dd HH:mm:ss2026-09-05 10:57:13,878 yyyy-MM-dd HH:mm:ss2026-09-05 10:57:13,886 yyyy-MM-dd HH:mm:ss2026-09-05 10:57:13,888 yyyy-MM-dd HH:mm:ss2026-09-05 10:57:13,888 yyyy-MM-dd HH:mm:ss2026-09-05 10:57:13,904 yyyy-MM-dd HH:mm:ss2026-09-05 10:57:13,904 yyyy-MM-dd HH:mm:ss2026-09-05 10:57:13,941 yyyy-MM-dd HH:mm:ss2026-09-05 10:57:13,967 yyyy-MM-dd HH:mm:ss2026-09-05 10:57:13,970 yyyy-MM-dd HH:mm:ss2026-09-05 10:57:14,073 yyyy-MM-dd HH:mm:ss2026-09-05 10:57:14,078 yyyy-MM-dd HH:mm:ss2026-09-05 10:57:14,085 yyyy-MM-dd HH:mm:ss2026-09-05 10:57:14,148 yyyy-MM-dd HH:mm:ss2026-09-05 10:57:14,150 yyyy-MM-dd HH:mm:ss2026-09-05 10:57:14,206 yyyy-MM-dd HH:mm:ss2026-09-05 10:57:14,212 yyyy-MM-dd HH:mm:ss2026-09-05 10:57:14,213 yyyy-MM-dd HH:mm:ss2026-09-05 10:57:14,770 yyyy-MM-dd HH:mm:ss2026-09-05 10:57:15,100 yyyy-MM-dd HH:mm:ss2026-09-05 10:57:15,150 yyyy-MM-dd HH:mm:ss2026-09-05 10:57:15,152 yyyy-MM-dd HH:mm:ss2026-09-05 10:57:15,153 yyyy-MM-dd HH:mm:ss2026-09-05 10:57:15,153 yyyy-MM-dd HH:mm:ss2026-09-05 10:57:15,154 yyyy-MM-dd HH:mm:ss2026-09-05 10:57:15,154 yyyy-MM-dd HH:mm:ss2026-09-05 10:57:15,155 yyyy-MM-dd HH:mm:ss2026-09-05 10:57:15,155 yyyy-MM-dd HH:mm:ss2026-09-05 10:57:15,155 yyyy-MM-dd HH:mm:ss2026-09-05 10:57:15,155 yyyy-MM-dd HH:mm:ss2026-09-05 10:57:15,155 yyyy-MM-dd HH:mm:ss2026-09-05 10:57:15,155 yyyy-MM-dd HH:mm:ss2026-09-05 10:57:15,155 yyyy-MM-dd HH:mm:ss2026-09-05 10:57:15,156 yyyy-MM-dd HH:mm:ss2026-09-05 10:57:15,157 yyyy-MM-dd HH:mm:ss2026-09-05 10:57:15,157 yyyy-MM-dd HH:mm:ss2026-09-05 10:57:15,157 yyyy-MM-dd HH:mm:ss2026-09-05 10:57:15,158 yyyy-MM-dd HH:mm:ss2026-09-05 10:57:15,158 yyyy-MM-dd HH:mm:ss2026-09-05 10:57:15,158 yyyy-MM-dd HH:mm:ss2026-09-05 10:57:15,159 yyyy-MM-dd HH:mm:ss2026-09-05 10:57:15,159 yyyy-MM-dd HH:mm:ss2026-09-05 10:57:15,159 yyyy-MM-dd HH:mm:ss2026-09-05 10:57:15,160 yyyy-MM-dd HH:mm:ss2026-09-05 10:57:15,160 yyyy-MM-dd HH:mm:ss2026-09-05 10:57:15,160 yyyy-MM-dd HH:mm:ss2026-09-05 10:57:15,160 yyyy-MM-dd HH:mm:ss2026-09-05 10:57:15,161 yyyy-MM-dd HH:mm:ss2026-09-05 10:57:15,161 yyyy-MM-dd HH:mm:ss2026-09-05 10:57:15,161 yyyy-MM-dd HH:mm:ss2026-09-05 10:57:15,161 yyyy-MM-dd HH:mm:ss2026-09-05 10:57:15,161 yyyy-MM-dd HH:mm:ss2026-09-05 10:57:15,162 yyyy-MM-dd HH:mm:ss2026-09-05 10:57:15,162 yyyy-MM-dd HH:mm:ss2026-09-05 10:57:15,163 yyyy-MM-dd HH:mm:ss2026-09-05 10:57:15,163 yyyy-MM-dd HH:mm:ss2026-09-05 10:57:15,163 yyyy-MM-dd HH:mm:ss2026-09-05 10:57:15,163 yyyy-MM-dd HH:mm:ss2026-09-05 10:57:15,164 yyyy-MM-dd HH:mm:ss2026-09-05 10:57:15,164 yyyy-MM-dd HH:mm:ss2026-09-05 10:57:15,164 yyyy-MM-dd HH:mm:ss2026-09-05 10:57:15,196 yyyy-MM-dd HH:mm:ss2026-09-05 10:57:15,459 yyyy-MM-dd HH:mm:ss2026-09-05 10:57:15,460 yyyy-MM-dd HH:mm:ss2026-09-05 10:57:15,462 yyyy-MM-dd HH:mm:ss2026-09-05 10:57:15,471 yyyy-MM-dd HH:mm:ss2026-09-05 10:57:15,472 yyyy-MM-dd HH:mm:ss2026-09-05 10:57:15,564 yyyy-MM-dd HH:mm:ss2026-09-05 10:57:15,565 yyyy-MM-dd HH:mm:ss2026-09-05 10:57:15,567 yyyy-MM-dd HH:mm:ss2026-09-05 10:57:15,577 yyyy-MM-dd HH:mm:ss2026-09-05 10:57:15,577 yyyy-MM-dd HH:mm:ss2026-09-05 10:57:15,578 yyyy-MM-dd HH:mm:ss2026-09-05 10:57:15,600 yyyy-MM-dd HH:mm:ss2026-09-05 10:57:15,611 yyyy-MM-dd HH:mm:ss2026-09-05 10:57:15,612 yyyy-MM-dd HH:mm:ss2026-09-05 10:57:15,620 yyyy-MM-dd HH:mm:ss2026-09-05 10:57:15,622 yyyy-MM-dd HH:mm:ss2026-09-05 10:57:15,622 yyyy-MM-dd HH:mm:ss2026-09-05 10:57:15,659 yyyy-MM-dd HH:mm:ss2026-09-05 10:57:15,659 yyyy-MM-dd HH:mm:ss2026-09-05 10:57:15,669 yyyy-MM-dd HH:mm:ss2026-09-05 10:57:15,669 yyyy-MM-dd HH:mm:ss2026-09-05 10:57:15,707 yyyy-MM-dd HH:mm:ss2026-09-05 10:57:15,708 yyyy-MM-dd HH:mm:ss2026-09-05 10:57:15,718 yyyy-MM-dd HH:mm:ss2026-09-05 10:57:15,719 yyyy-MM-dd HH:mm:ss2026-09-05 10:57:15,754 yyyy-MM-dd HH:mm:ss2026-09-05 10:57:15,755 yyyy-MM-dd HH:mm:ss2026-09-05 10:57:15,764 yyyy-MM-dd HH:mm:ss2026-09-05 10:57:15,764 yyyy-MM-dd HH:mm:ss2026-09-05 10:57:15,801 yyyy-MM-dd HH:mm:ss2026-09-05 10:57:15,802 yyyy-MM-dd HH:mm:ss2026-09-05 10:57:15,812 yyyy-MM-dd HH:mm:ss2026-09-05 10:57:15,812 yyyy-MM-dd HH:mm:ss2026-09-05 10:57:15,849 yyyy-MM-dd HH:mm:ss2026-09-05 10:57:15,849 yyyy-MM-dd HH:mm:ss2026-09-05 10:57:15,860 yyyy-MM-dd HH:mm:ss2026-09-05 10:57:15,860 yyyy-MM-dd HH:mm:ss2026-09-05 10:57:15,896 yyyy-MM-dd HH:mm:ss2026-09-05 10:57:15,896 yyyy-MM-dd HH:mm:ss2026-09-05 10:57:15,904 yyyy-MM-dd HH:mm:ss2026-09-05 10:57:15,904 yyyy-MM-dd HH:mm:ss2026-09-05 10:57:15,943 yyyy-MM-dd HH:mm:ss2026-09-05 10:57:15,943 yyyy-MM-dd HH:mm:ss2026-09-05 10:57:15,955 yyyy-MM-dd HH:mm:ss2026-09-05 10:57:15,956 yyyy-MM-dd HH:mm:ss2026-09-05 10:57:15,991 yyyy-MM-dd HH:mm:ss2026-09-05 10:57:15,991 yyyy-MM-dd HH:mm:ss2026-09-05 10:57:16,160 yyyy-MM-dd HH:mm:ss2026-09-05 10:57:16,174 yyyy-MM-dd HH:mm:ss2026-09-05 10:57:16,177 yyyy-MM-dd HH:mm:ss2026-09-05 10:57:16,394 yyyy-MM-dd HH:mm:ss2026-09-05 10:57:16,396 yyyy-MM-dd HH:mm:ss2026-09-05 10:57:16,397 yyyy-MM-dd HH:mm:ss2026-09-05 10:57:16,610 yyyy-MM-dd HH:mm:ss2026-09-05 10:57:16,923 yyyy-MM-dd HH:mm:ss2026-09-05 10:57:17,876 yyyy-MM-dd HH:mm:ss2026-09-05 10:57:18,473 yyyy-MM-dd HH:mm:ss2026-09-05 10:57:18,490 yyyy-MM-dd HH:mm:ss2026-09-05 10:57:18,539 yyyy-MM-dd HH:mm:ss2026-09-05 10:57:18,590 yyyy-MM-dd HH:mm:ss2026-09-05 10:57:18,621 yyyy-MM-dd HH:mm:ss2026-09-05 10:57:18,649 yyyy-MM-dd HH:mm:ss2026-09-05 10:57:18,697 yyyy-MM-dd HH:mm:ss2026-09-05 10:57:18,743 yyyy-MM-dd HH:mm:ss2026-09-05 10:57:18,803 yyyy-MM-dd HH:mm:ss2026-09-05 10:57:18,866 yyyy-MM-dd HH:mm:ss2026-09-05 10:57:19,108 yyyy-MM-dd HH:mm:ss2026-09-05 10:57:19,109 yyyy-MM-dd HH:mm:ss2026-09-05 10:57:19,186 yyyy-MM-dd HH:mm:ss2026-09-05 10:57:19,188 yyyy-MM-dd HH:mm:ss2026-09-05 10:57:19,198 yyyy-MM-dd HH:mm:ss2026-09-05 10:57:19,214 yyyy-MM-dd HH:mm:ss2026-09-05 10:57:19,214 yyyy-MM-dd HH:mm:ss2026-09-05 10:57:19,224 yyyy-MM-dd HH:mm:ss2026-09-05 10:57:19,839 yyyy-MM-dd HH:mm:ss2026-09-05 10:57:19,841 yyyy-MM-dd HH:mm:ss2026-09-05 10:57:19,843 yyyy-MM-dd HH:mm:ss2026-09-05 10:57:19,855 yyyy-MM-dd HH:mm:ss2026-09-05 10:57:19,862 yyyy-MM-dd HH:mm:ss2026-09-05 10:57:19,863 yyyy-MM-dd HH:mm:ss2026-09-05 10:57:19,878 yyyy-MM-dd HH:mm:ss2026-09-05 10:57:19,884 yyyy-MM-dd HH:mm:ss2026-09-05 10:57:19,891 yyyy-MM-dd HH:mm:ss2026-09-05 10:57:19,919 yyyy-MM-dd HH:mm:ss2026-09-05 10:57:19,920 yyyy-MM-dd HH:mm:ss2026-09-05 10:57:19,968 yyyy-MM-dd HH:mm:ss2026-09-05 10:57:20,033 yyyy-MM-dd HH:mm:ss2026-09-05 10:57:20,074 yyyy-MM-dd HH:mm:ss2026-09-05 10:57:20,075 yyyy-MM-dd HH:mm:ss2026-09-05 10:57:20,077 yyyy-MM-dd HH:mm:ss2026-09-05 10:57:20,082 yyyy-MM-dd HH:mm:ss2026-09-05 10:57:20,084 yyyy-MM-dd HH:mm:ss2026-09-05 10:57:20,088 yyyy-MM-dd HH:mm:ss2026-09-05 10:57:20,149 yyyy-MM-dd HH:mm:ss2026-09-05 10:57:20,236 yyyy-MM-dd HH:mm:ss2026-09-05 10:57:20,341 yyyy-MM-dd HH:mm:ss2026-09-05 10:57:20,350 yyyy-MM-dd HH:mm:ss2026-09-05 10:57:20,426 yyyy-MM-dd HH:mm:ss2026-09-05 10:57:20,426 yyyy-MM-dd HH:mm:ss2026-09-05 10:57:20,428 yyyy-MM-dd HH:mm:ss2026-09-05 10:57:20,430 yyyy-MM-dd HH:mm:ss2026-09-05 10:57:20,434 yyyy-MM-dd HH:mm:ss2026-09-05 10:57:20,480 yyyy-MM-dd HH:mm:ss2026-09-05 10:57:20,488 yyyy-MM-dd HH:mm:ss2026-09-05 10:57:20,492 yyyy-MM-dd HH:mm:ss2026-09-05 10:57:20,493 yyyy-MM-dd HH:mm:ss2026-09-05 10:57:20,497 yyyy-MM-dd HH:mm:ss2026-09-05 10:57:20,499 yyyy-MM-dd HH:mm:ss2026-09-05 10:57:20,502 yyyy-MM-dd HH:mm:ss2026-09-05 10:57:20,504 yyyy-MM-dd HH:mm:ss2026-09-05 10:57:20,511 yyyy-MM-dd HH:mm:ss2026-09-05 10:57:20,512 yyyy-MM-dd HH:mm:ss2026-09-05 10:57:20,514 yyyy-MM-dd HH:mm:ss2026-09-05 10:57:20,516 yyyy-MM-dd HH:mm:ss2026-09-05 10:57:20,517 yyyy-MM-dd HH:mm:ss2026-09-05 10:57:20,518 yyyy-MM-dd HH:mm:ss2026-09-05 10:57:20,523 yyyy-MM-dd HH:mm:ss2026-09-05 10:57:20,542 yyyy-MM-dd HH:mm:ss2026-09-05 10:57:20,546 yyyy-MM-dd HH:mm:ss2026-09-05 10:57:20,549 yyyy-MM-dd HH:mm:ss2026-09-05 10:57:20,549 yyyy-MM-dd HH:mm:ss2026-09-05 10:57:20,550 yyyy-MM-dd HH:mm:ss2026-09-05 10:57:20,556 yyyy-MM-dd HH:mm:ss2026-09-05 10:57:20,561 yyyy-MM-dd HH:mm:ss2026-09-05 10:57:20,562 yyyy-MM-dd HH:mm:ss2026-09-05 10:57:20,569 yyyy-MM-dd HH:mm:ss2026-09-05 10:57:20,573 yyyy-MM-dd HH:mm:ss2026-09-05 10:57:20,573 yyyy-MM-dd HH:mm:ss2026-09-05 10:57:20,573 yyyy-MM-dd HH:mm:ss2026-09-05 10:57:20,585 yyyy-MM-dd HH:mm:ss2026-09-05 10:57:20,588 yyyy-MM-dd HH:mm:ss2026-09-05 10:57:20,589 yyyy-MM-dd HH:mm:ss2026-09-05 10:57:20,589 yyyy-MM-dd HH:mm:ss2026-09-05 10:57:20,595 yyyy-MM-dd HH:mm:ss2026-09-05 10:57:20,598 yyyy-MM-dd HH:mm:ss2026-09-05 10:57:20,605 yyyy-MM-dd HH:mm:ss2026-09-05 10:57:20,606 yyyy-MM-dd HH:mm:ss2026-09-05 10:57:20,608 yyyy-MM-dd HH:mm:ss2026-09-05 10:57:20,610 yyyy-MM-dd HH:mm:ss2026-09-05 10:57:20,611 yyyy-MM-dd HH:mm:ss2026-09-05 10:57:20,618 yyyy-MM-dd HH:mm:ss2026-09-05 10:57:20,622 yyyy-MM-dd HH:mm:ss2026-09-05 10:57:20,622 yyyy-MM-dd HH:mm:ss2026-09-05 10:57:20,624 yyyy-MM-dd HH:mm:ss2026-09-05 10:57:20,627 yyyy-MM-dd HH:mm:ss2026-09-05 10:57:20,634 yyyy-MM-dd HH:mm:ss2026-09-05 10:57:20,635 yyyy-MM-dd HH:mm:ss2026-09-05 10:57:20,665 yyyy-MM-dd HH:mm:ss2026-09-05 10:57:20,671 yyyy-MM-dd HH:mm:ss2026-09-05 10:57:20,671 yyyy-MM-dd HH:mm:ss2026-09-05 10:57:20,671 yyyy-MM-dd HH:mm:ss2026-09-05 10:57:20,705 yyyy-MM-dd HH:mm:ss2026-09-05 10:57:20,706 yyyy-MM-dd HH:mm:ss2026-09-05 10:57:20,706 yyyy-MM-dd HH:mm:ss2026-09-05 10:57:20,706 yyyy-MM-dd HH:mm:ss2026-09-05 10:57:20,713 yyyy-MM-dd HH:mm:ss2026-09-05 10:57:20,719 yyyy-MM-dd HH:mm:ss2026-09-05 10:57:20,728 yyyy-MM-dd HH:mm:ss2026-09-05 10:57:20,734 yyyy-MM-dd HH:mm:ss2026-09-05 10:57:20,737 yyyy-MM-dd HH:mm:ss2026-09-05 10:57:20,739 yyyy-MM-dd HH:mm:ss2026-09-05 10:57:20,745 yyyy-MM-dd HH:mm:ss2026-09-05 10:57:20,745 yyyy-MM-dd HH:mm:ss2026-09-05 10:57:20,747 yyyy-MM-dd HH:mm:ss2026-09-05 10:57:20,749 yyyy-MM-dd HH:mm:ss2026-09-05 10:57:20,750 yyyy-MM-dd HH:mm:ss2026-09-05 10:57:20,751 yyyy-MM-dd HH:mm:ss2026-09-05 10:57:20,752 yyyy-MM-dd HH:mm:ss2026-09-05 10:57:20,753 yyyy-MM-dd HH:mm:ss2026-09-05 10:57:20,756 yyyy-MM-dd HH:mm:ss2026-09-05 10:57:20,757 yyyy-MM-dd HH:mm:ss2026-09-05 10:57:20,760 yyyy-MM-dd HH:mm:ss2026-09-05 10:57:20,761 yyyy-MM-dd HH:mm:ss2026-09-05 10:57:20,762 yyyy-MM-dd HH:mm:ss2026-09-05 10:57:20,777 yyyy-MM-dd HH:mm:ss2026-09-05 10:57:20,779 yyyy-MM-dd HH:mm:ss2026-09-05 10:57:20,783 yyyy-MM-dd HH:mm:ss2026-09-05 10:57:20,783 yyyy-MM-dd HH:mm:ss2026-09-05 10:57:20,785 yyyy-MM-dd HH:mm:ss2026-09-05 10:57:20,785 yyyy-MM-dd HH:mm:ss2026-09-05 10:57:20,786 yyyy-MM-dd HH:mm:ss2026-09-05 10:57:20,789 yyyy-MM-dd HH:mm:ss2026-09-05 10:57:20,811 yyyy-MM-dd HH:mm:ss2026-09-05 10:57:20,815 yyyy-MM-dd HH:mm:ss2026-09-05 10:57:20,816 yyyy-MM-dd HH:mm:ss2026-09-05 10:57:20,817 yyyy-MM-dd HH:mm:ss2026-09-05 10:57:20,818 yyyy-MM-dd HH:mm:ss2026-09-05 10:57:20,839 yyyy-MM-dd HH:mm:ss2026-09-05 10:57:20,839 yyyy-MM-dd HH:mm:ss2026-09-05 10:57:20,842 yyyy-MM-dd HH:mm:ss2026-09-05 10:57:20,851 yyyy-MM-dd HH:mm:ss2026-09-05 10:57:20,853 yyyy-MM-dd HH:mm:ss2026-09-05 10:57:20,856 yyyy-MM-dd HH:mm:ss2026-09-05 10:57:20,879 yyyy-MM-dd HH:mm:ss2026-09-05 10:57:20,879 yyyy-MM-dd HH:mm:ss2026-09-05 10:57:20,879 yyyy-MM-dd HH:mm:ss2026-09-05 10:57:20,902 yyyy-MM-dd HH:mm:ss2026-09-05 10:57:20,929 yyyy-MM-dd HH:mm:ss2026-09-05 10:57:20,931 yyyy-MM-dd HH:mm:ss2026-09-05 10:57:20,932 yyyy-MM-dd HH:mm:ss2026-09-05 10:57:20,955 yyyy-MM-dd HH:mm:ss2026-09-05 10:57:20,975 yyyy-MM-dd HH:mm:ss2026-09-05 10:57:20,975 yyyy-MM-dd HH:mm:ss2026-09-05 10:57:20,975 yyyy-MM-dd HH:mm:ss2026-09-05 10:57:20,975 yyyy-MM-dd HH:mm:ss2026-09-05 10:57:21,069 yyyy-MM-dd HH:mm:ss2026-09-05 10:57:21,084 yyyy-MM-dd HH:mm:ss2026-09-05 10:57:21,095 yyyy-MM-dd HH:mm:ss2026-09-05 10:57:21,103 yyyy-MM-dd HH:mm:ss2026-09-05 10:57:21,118 yyyy-MM-dd HH:mm:ss2026-09-05 10:57:21,120 yyyy-MM-dd HH:mm:ss2026-09-05 10:57:21,122 yyyy-MM-dd HH:mm:ss2026-09-05 10:57:21,124 yyyy-MM-dd HH:mm:ss2026-09-05 10:57:21,126 yyyy-MM-dd HH:mm:ss2026-09-05 10:57:21,127 yyyy-MM-dd HH:mm:ss2026-09-05 10:57:21,128 yyyy-MM-dd HH:mm:ss2026-09-05 10:57:21,130 yyyy-MM-dd HH:mm:ss2026-09-05 10:57:21,130 yyyy-MM-dd HH:mm:ss2026-09-05 10:57:21,136 yyyy-MM-dd HH:mm:ss2026-09-05 10:57:21,142 yyyy-MM-dd HH:mm:ss2026-09-05 10:57:21,144 yyyy-MM-dd HH:mm:ss2026-09-05 10:57:21,145 yyyy-MM-dd HH:mm:ss2026-09-05 10:57:21,145 yyyy-MM-dd HH:mm:ss2026-09-05 10:57:21,165 yyyy-MM-dd HH:mm:ss2026-09-05 10:57:21,166 yyyy-MM-dd HH:mm:ss2026-09-05 10:57:21,167 yyyy-MM-dd HH:mm:ss2026-09-05 10:57:21,167 yyyy-MM-dd HH:mm:ss2026-09-05 10:57:21,205 yyyy-MM-dd HH:mm:ss2026-09-05 10:57:21,211 yyyy-MM-dd HH:mm:ss2026-09-05 10:57:21,213 yyyy-MM-dd HH:mm:ss2026-09-05 10:57:21,215 yyyy-MM-dd HH:mm:ss2026-09-05 10:57:21,215 yyyy-MM-dd HH:mm:ss2026-09-05 10:57:21,215 yyyy-MM-dd HH:mm:ss2026-09-05 10:57:21,234 yyyy-MM-dd HH:mm:ss2026-09-05 10:57:21,239 yyyy-MM-dd HH:mm:ss2026-09-05 10:57:21,246 yyyy-MM-dd HH:mm:ss2026-09-05 10:57:21,251 yyyy-MM-dd HH:mm:ss2026-09-05 10:57:21,294 yyyy-MM-dd HH:mm:ss2026-09-05 10:57:21,367 yyyy-MM-dd HH:mm:ss2026-09-05 10:57:21,368 yyyy-MM-dd HH:mm:ss2026-09-05 10:57:21,375 yyyy-MM-dd HH:mm:ss2026-09-05 10:57:21,387 yyyy-MM-dd HH:mm:ss2026-09-05 10:57:21,388 yyyy-MM-dd HH:mm:ss2026-09-05 10:57:21,392 yyyy-MM-dd HH:mm:ss2026-09-05 10:57:21,413 yyyy-MM-dd HH:mm:ss2026-09-05 10:57:21,418 yyyy-MM-dd HH:mm:ss2026-09-05 10:57:21,420 yyyy-MM-dd HH:mm:ss2026-09-05 10:57:21,420 yyyy-MM-dd HH:mm:ss2026-09-05 10:57:21,421 yyyy-MM-dd HH:mm:ss2026-09-05 10:57:21,423 yyyy-MM-dd HH:mm:ss2026-09-05 10:57:21,424 yyyy-MM-dd HH:mm:ss2026-09-05 10:57:21,425 yyyy-MM-dd HH:mm:ss2026-09-05 10:57:21,443 yyyy-MM-dd HH:mm:ss2026-09-05 10:57:21,451 yyyy-MM-dd HH:mm:ss2026-09-05 10:57:21,453 yyyy-MM-dd HH:mm:ss2026-09-05 10:57:21,454 yyyy-MM-dd HH:mm:ss2026-09-05 10:57:21,456 yyyy-MM-dd HH:mm:ss2026-09-05 10:57:21,462 yyyy-MM-dd HH:mm:ss2026-09-05 10:57:21,463 yyyy-MM-dd HH:mm:ss2026-09-05 10:57:21,464 yyyy-MM-dd HH:mm:ss2026-09-05 10:57:21,466 yyyy-MM-dd HH:mm:ss2026-09-05 10:57:21,468 yyyy-MM-dd HH:mm:ss2026-09-05 10:57:21,472 yyyy-MM-dd HH:mm:ss2026-09-05 10:57:21,475 yyyy-MM-dd HH:mm:ss2026-09-05 10:57:21,495 yyyy-MM-dd HH:mm:ss2026-09-05 10:57:21,497 yyyy-MM-dd HH:mm:ss2026-09-05 10:57:21,497 yyyy-MM-dd HH:mm:ss2026-09-05 10:57:21,501 yyyy-MM-dd HH:mm:ss2026-09-05 10:57:21,508 yyyy-MM-dd HH:mm:ss2026-09-05 10:57:21,509 yyyy-MM-dd HH:mm:ss2026-09-05 10:57:21,513 yyyy-MM-dd HH:mm:ss2026-09-05 10:57:21,516 yyyy-MM-dd HH:mm:ss2026-09-05 10:57:21,518 yyyy-MM-dd HH:mm:ss2026-09-05 10:57:21,518 yyyy-MM-dd HH:mm:ss2026-09-05 10:57:21,525 yyyy-MM-dd HH:mm:ss2026-09-05 10:57:21,526 yyyy-MM-dd HH:mm:ss2026-09-05 10:57:21,528 yyyy-MM-dd HH:mm:ss2026-09-05 10:57:21,532 yyyy-MM-dd HH:mm:ss2026-09-05 10:57:21,534 yyyy-MM-dd HH:mm:ss2026-09-05 10:57:21,538 yyyy-MM-dd HH:mm:ss2026-09-05 10:57:21,540 yyyy-MM-dd HH:mm:ss2026-09-05 10:57:21,551 yyyy-MM-dd HH:mm:ss2026-09-05 10:57:21,552 yyyy-MM-dd HH:mm:ss2026-09-05 10:57:21,567 yyyy-MM-dd HH:mm:ss2026-09-05 10:57:21,568 yyyy-MM-dd HH:mm:ss2026-09-05 10:57:21,569 yyyy-MM-dd HH:mm:ss2026-09-05 10:57:21,580 yyyy-MM-dd HH:mm:ss2026-09-05 10:57:21,583 yyyy-MM-dd HH:mm:ss2026-09-05 10:57:21,585 yyyy-MM-dd HH:mm:ss2026-09-05 10:57:21,593 yyyy-MM-dd HH:mm:ss2026-09-05 10:57:21,598 yyyy-MM-dd HH:mm:ss2026-09-05 10:57:21,602 yyyy-MM-dd HH:mm:ss2026-09-05 10:57:21,606 yyyy-MM-dd HH:mm:ss2026-09-05 10:57:21,606 yyyy-MM-dd HH:mm:ss2026-09-05 10:57:21,606 yyyy-MM-dd HH:mm:ss2026-09-05 10:57:21,629 yyyy-MM-dd HH:mm:ss2026-09-05 10:57:21,629 yyyy-MM-dd HH:mm:ss2026-09-05 10:57:21,632 yyyy-MM-dd HH:mm:ss2026-09-05 10:57:21,637 yyyy-MM-dd HH:mm:ss2026-09-05 10:57:21,637 yyyy-MM-dd HH:mm:ss2026-09-05 10:57:21,647 yyyy-MM-dd HH:mm:ss2026-09-05 10:57:21,647 yyyy-MM-dd HH:mm:ss2026-09-05 10:57:21,649 yyyy-MM-dd HH:mm:ss2026-09-05 10:57:21,652 yyyy-MM-dd HH:mm:ss2026-09-05 10:57:21,655 yyyy-MM-dd HH:mm:ss2026-09-05 10:57:21,664 yyyy-MM-dd HH:mm:ss2026-09-05 10:57:21,667 yyyy-MM-dd HH:mm:ss2026-09-05 10:57:21,667 yyyy-MM-dd HH:mm:ss2026-09-05 10:57:21,672 yyyy-MM-dd HH:mm:ss2026-09-05 10:57:21,673 yyyy-MM-dd HH:mm:ss2026-09-05 10:57:21,673 yyyy-MM-dd HH:mm:ss2026-09-05 10:57:21,680 yyyy-MM-dd HH:mm:ss2026-09-05 10:57:21,690 yyyy-MM-dd HH:mm:ss2026-09-05 10:57:21,691 yyyy-MM-dd HH:mm:ss2026-09-05 10:57:21,694 yyyy-MM-dd HH:mm:ss2026-09-05 10:57:21,695 yyyy-MM-dd HH:mm:ss2026-09-05 10:57:21,698 yyyy-MM-dd HH:mm:ss2026-09-05 10:57:21,701 yyyy-MM-dd HH:mm:ss2026-09-05 10:57:21,703 yyyy-MM-dd HH:mm:ss2026-09-05 10:57:21,703 yyyy-MM-dd HH:mm:ss2026-09-05 10:57:21,704 yyyy-MM-dd HH:mm:ss2026-09-05 10:57:21,706 yyyy-MM-dd HH:mm:ss2026-09-05 10:57:21,710 yyyy-MM-dd HH:mm:ss2026-09-05 10:57:21,712 yyyy-MM-dd HH:mm:ss2026-09-05 10:57:21,712 yyyy-MM-dd HH:mm:ss2026-09-05 10:57:21,716 yyyy-MM-dd HH:mm:ss2026-09-05 10:57:21,716 yyyy-MM-dd HH:mm:ss2026-09-05 10:57:21,718 yyyy-MM-dd HH:mm:ss2026-09-05 10:57:21,718 yyyy-MM-dd HH:mm:ss2026-09-05 10:57:21,723 yyyy-MM-dd HH:mm:ss2026-09-05 10:57:21,726 yyyy-MM-dd HH:mm:ss2026-09-05 10:57:21,726 yyyy-MM-dd HH:mm:ss2026-09-05 10:57:21,744 yyyy-MM-dd HH:mm:ss2026-09-05 10:57:21,746 yyyy-MM-dd HH:mm:ss2026-09-05 10:57:21,746 yyyy-MM-dd HH:mm:ss2026-09-05 10:57:21,747 yyyy-MM-dd HH:mm:ss2026-09-05 10:57:21,747 yyyy-MM-dd HH:mm:ss2026-09-05 10:57:21,747 yyyy-MM-dd HH:mm:ss2026-09-05 10:57:21,747 yyyy-MM-dd HH:mm:ss2026-09-05 10:57:21,747 yyyy-MM-dd HH:mm:ss2026-09-05 10:57:21,761 yyyy-MM-dd HH:mm:ss2026-09-05 10:57:21,761 yyyy-MM-dd HH:mm:ss2026-09-05 10:57:21,761 yyyy-MM-dd HH:mm:ss2026-09-05 10:57:21,821 yyyy-MM-dd HH:mm:ss2026-09-05 10:57:21,822 yyyy-MM-dd HH:mm:ss2026-09-05 10:57:21,823 yyyy-MM-dd HH:mm:ss2026-09-05 10:57:21,827 yyyy-MM-dd HH:mm:ss2026-09-05 10:57:21,827 yyyy-MM-dd HH:mm:ss2026-09-05 10:57:21,830 yyyy-MM-dd HH:mm:ss2026-09-05 10:57:21,830 yyyy-MM-dd HH:mm:ss2026-09-05 10:57:21,832 yyyy-MM-dd HH:mm:ss2026-09-05 10:57:21,835 yyyy-MM-dd HH:mm:ss2026-09-05 10:57:21,840 yyyy-MM-dd HH:mm:ss2026-09-05 10:57:21,844 yyyy-MM-dd HH:mm:ss2026-09-05 10:57:21,845 yyyy-MM-dd HH:mm:ss2026-09-05 10:57:21,847 yyyy-MM-dd HH:mm:ss2026-09-05 10:57:21,849 yyyy-MM-dd HH:mm:ss2026-09-05 10:57:21,856 yyyy-MM-dd HH:mm:ss2026-09-05 10:57:21,857 yyyy-MM-dd HH:mm:ss2026-09-05 10:57:21,859 yyyy-MM-dd HH:mm:ss2026-09-05 10:57:21,870 yyyy-MM-dd HH:mm:ss2026-09-05 10:57:21,870 yyyy-MM-dd HH:mm:ss2026-09-05 10:57:21,881 yyyy-MM-dd HH:mm:ss2026-09-05 10:57:21,882 yyyy-MM-dd HH:mm:ss2026-09-05 10:57:21,885 yyyy-MM-dd HH:mm:ss2026-09-05 10:57:21,886 yyyy-MM-dd HH:mm:ss2026-09-05 10:57:21,892 yyyy-MM-dd HH:mm:ss2026-09-05 10:57:21,892 yyyy-MM-dd HH:mm:ss2026-09-05 10:57:21,893 yyyy-MM-dd HH:mm:ss2026-09-05 10:57:21,895 yyyy-MM-dd HH:mm:ss2026-09-05 10:57:21,895 yyyy-MM-dd HH:mm:ss2026-09-05 10:57:21,897 yyyy-MM-dd HH:mm:ss2026-09-05 10:57:21,899 yyyy-MM-dd HH:mm:ss2026-09-05 10:57:21,899 yyyy-MM-dd HH:mm:ss2026-09-05 10:57:21,916 yyyy-MM-dd HH:mm:ss2026-09-05 10:57:21,916 yyyy-MM-dd HH:mm:ss2026-09-05 10:57:21,918 yyyy-MM-dd HH:mm:ss2026-09-05 10:57:21,918 yyyy-MM-dd HH:mm:ss2026-09-05 10:57:21,918 yyyy-MM-dd HH:mm:ss2026-09-05 10:57:21,925 yyyy-MM-dd HH:mm:ss2026-09-05 10:57:21,926 yyyy-MM-dd HH:mm:ss2026-09-05 10:57:21,928 yyyy-MM-dd HH:mm:ss2026-09-05 10:57:21,948 yyyy-MM-dd HH:mm:ss2026-09-05 10:57:21,951 yyyy-MM-dd HH:mm:ss2026-09-05 10:57:21,954 yyyy-MM-dd HH:mm:ss2026-09-05 10:57:21,956 yyyy-MM-dd HH:mm:ss2026-09-05 10:57:21,960 yyyy-MM-dd HH:mm:ss2026-09-05 10:57:21,962 yyyy-MM-dd HH:mm:ss2026-09-05 10:57:21,963 yyyy-MM-dd HH:mm:ss2026-09-05 10:57:21,964 yyyy-MM-dd HH:mm:ss2026-09-05 10:57:21,965 yyyy-MM-dd HH:mm:ss2026-09-05 10:57:21,966 yyyy-MM-dd HH:mm:ss2026-09-05 10:57:21,967 yyyy-MM-dd HH:mm:ss2026-09-05 10:57:21,968 yyyy-MM-dd HH:mm:ss2026-09-05 10:57:21,970 yyyy-MM-dd HH:mm:ss2026-09-05 10:57:21,975 yyyy-MM-dd HH:mm:ss2026-09-05 10:57:21,976 yyyy-MM-dd HH:mm:ss2026-09-05 10:57:21,978 yyyy-MM-dd HH:mm:ss2026-09-05 10:57:21,982 yyyy-MM-dd HH:mm:ss2026-09-05 10:57:21,987 yyyy-MM-dd HH:mm:ss2026-09-05 10:57:21,989 yyyy-MM-dd HH:mm:ss2026-09-05 10:57:21,990 yyyy-MM-dd HH:mm:ss2026-09-05 10:57:21,996 yyyy-MM-dd HH:mm:ss2026-09-05 10:57:21,998 yyyy-MM-dd HH:mm:ss2026-09-05 10:57:21,999 yyyy-MM-dd HH:mm:ss2026-09-05 10:57:21,999 yyyy-MM-dd HH:mm:ss2026-09-05 10:57:22,001 yyyy-MM-dd HH:mm:ss2026-09-05 10:57:22,002 yyyy-MM-dd HH:mm:ss2026-09-05 10:57:22,003 yyyy-MM-dd HH:mm:ss2026-09-05 10:57:22,008 yyyy-MM-dd HH:mm:ss2026-09-05 10:57:22,009 yyyy-MM-dd HH:mm:ss2026-09-05 10:57:22,010 yyyy-MM-dd HH:mm:ss2026-09-05 10:57:22,011 yyyy-MM-dd HH:mm:ss2026-09-05 10:57:22,012 yyyy-MM-dd HH:mm:ss2026-09-05 10:57:22,014 yyyy-MM-dd HH:mm:ss2026-09-05 10:57:22,017 yyyy-MM-dd HH:mm:ss2026-09-05 10:57:22,021 yyyy-MM-dd HH:mm:ss2026-09-05 10:57:22,022 yyyy-MM-dd HH:mm:ss2026-09-05 10:57:22,050 yyyy-MM-dd HH:mm:ss2026-09-05 10:57:22,051 yyyy-MM-dd HH:mm:ss2026-09-05 10:57:22,052 yyyy-MM-dd HH:mm:ss2026-09-05 10:57:22,054 yyyy-MM-dd HH:mm:ss2026-09-05 10:57:22,055 yyyy-MM-dd HH:mm:ss2026-09-05 10:57:22,058 yyyy-MM-dd HH:mm:ss2026-09-05 10:57:22,076 yyyy-MM-dd HH:mm:ss2026-09-05 10:57:22,078 yyyy-MM-dd HH:mm:ss2026-09-05 10:57:22,079 yyyy-MM-dd HH:mm:ss2026-09-05 10:57:22,091 yyyy-MM-dd HH:mm:ss2026-09-05 10:57:22,092 yyyy-MM-dd HH:mm:ss2026-09-05 10:57:22,093 yyyy-MM-dd HH:mm:ss2026-09-05 10:57:22,095 yyyy-MM-dd HH:mm:ss2026-09-05 10:57:22,098 yyyy-MM-dd HH:mm:ss2026-09-05 10:57:22,099 yyyy-MM-dd HH:mm:ss2026-09-05 10:57:22,102 yyyy-MM-dd HH:mm:ss2026-09-05 10:57:22,102 yyyy-MM-dd HH:mm:ss2026-09-05 10:57:22,129 yyyy-MM-dd HH:mm:ss2026-09-05 10:57:22,131 yyyy-MM-dd HH:mm:ss2026-09-05 10:57:22,132 yyyy-MM-dd HH:mm:ss2026-09-05 10:57:22,133 yyyy-MM-dd HH:mm:ss2026-09-05 10:57:22,135 yyyy-MM-dd HH:mm:ss2026-09-05 10:57:22,135 yyyy-MM-dd HH:mm:ss2026-09-05 10:57:22,139 yyyy-MM-dd HH:mm:ss2026-09-05 10:57:22,141 yyyy-MM-dd HH:mm:ss2026-09-05 10:57:22,142 yyyy-MM-dd HH:mm:ss2026-09-05 10:57:22,143 yyyy-MM-dd HH:mm:ss2026-09-05 10:57:22,145 yyyy-MM-dd HH:mm:ss2026-09-05 10:57:22,146 yyyy-MM-dd HH:mm:ss2026-09-05 10:57:22,148 yyyy-MM-dd HH:mm:ss2026-09-05 10:57:22,150 yyyy-MM-dd HH:mm:ss2026-09-05 10:57:22,150 yyyy-MM-dd HH:mm:ss2026-09-05 10:57:22,161 yyyy-MM-dd HH:mm:ss2026-09-05 10:57:22,162 yyyy-MM-dd HH:mm:ss2026-09-05 10:57:22,163 yyyy-MM-dd HH:mm:ss2026-09-05 10:57:22,173 yyyy-MM-dd HH:mm:ss2026-09-05 10:57:22,174 yyyy-MM-dd HH:mm:ss2026-09-05 10:57:22,175 yyyy-MM-dd HH:mm:ss2026-09-05 10:57:22,176 yyyy-MM-dd HH:mm:ss2026-09-05 10:57:22,179 yyyy-MM-dd HH:mm:ss2026-09-05 10:57:22,181 yyyy-MM-dd HH:mm:ss2026-09-05 10:57:22,183 yyyy-MM-dd HH:mm:ss2026-09-05 10:57:22,184 yyyy-MM-dd HH:mm:ss2026-09-05 10:57:22,185 yyyy-MM-dd HH:mm:ss2026-09-05 10:57:22,187 yyyy-MM-dd HH:mm:ss2026-09-05 10:57:22,188 yyyy-MM-dd HH:mm:ss2026-09-05 10:57:22,189 yyyy-MM-dd HH:mm:ss2026-09-05 10:57:22,190 yyyy-MM-dd HH:mm:ss2026-09-05 10:57:22,210 yyyy-MM-dd HH:mm:ss2026-09-05 10:57:22,222 yyyy-MM-dd HH:mm:ss2026-09-05 10:57:22,230 yyyy-MM-dd HH:mm:ss2026-09-05 10:57:22,234 yyyy-MM-dd HH:mm:ss2026-09-05 10:57:22,239 yyyy-MM-dd HH:mm:ss2026-09-05 10:57:22,240 yyyy-MM-dd HH:mm:ss2026-09-05 10:57:22,242 yyyy-MM-dd HH:mm:ss2026-09-05 10:57:22,243 yyyy-MM-dd HH:mm:ss2026-09-05 10:57:22,247 yyyy-MM-dd HH:mm:ss2026-09-05 10:57:22,248 yyyy-MM-dd HH:mm:ss2026-09-05 10:57:22,248 yyyy-MM-dd HH:mm:ss2026-09-05 10:57:22,255 yyyy-MM-dd HH:mm:ss2026-09-05 10:57:22,256 yyyy-MM-dd HH:mm:ss2026-09-05 10:57:22,256 yyyy-MM-dd HH:mm:ss2026-09-05 10:57:22,258 yyyy-MM-dd HH:mm:ss2026-09-05 10:57:22,259 yyyy-MM-dd HH:mm:ss2026-09-05 10:57:22,262 yyyy-MM-dd HH:mm:ss2026-09-05 10:57:22,270 yyyy-MM-dd HH:mm:ss2026-09-05 10:57:22,274 yyyy-MM-dd HH:mm:ss2026-09-05 10:57:22,274 yyyy-MM-dd HH:mm:ss2026-09-05 10:57:22,275 yyyy-MM-dd HH:mm:ss2026-09-05 10:57:22,308 yyyy-MM-dd HH:mm:ss2026-09-05 10:57:22,309 yyyy-MM-dd HH:mm:ss2026-09-05 10:57:22,310 yyyy-MM-dd HH:mm:ss2026-09-05 10:57:22,311 yyyy-MM-dd HH:mm:ss2026-09-05 10:57:22,314 yyyy-MM-dd HH:mm:ss2026-09-05 10:57:22,315 yyyy-MM-dd HH:mm:ss2026-09-05 10:57:22,318 yyyy-MM-dd HH:mm:ss2026-09-05 10:57:22,319 yyyy-MM-dd HH:mm:ss2026-09-05 10:57:22,320 yyyy-MM-dd HH:mm:ss2026-09-05 10:57:22,322 yyyy-MM-dd HH:mm:ss2026-09-05 10:57:22,323 yyyy-MM-dd HH:mm:ss2026-09-05 10:57:22,323 yyyy-MM-dd HH:mm:ss2026-09-05 10:57:22,324 yyyy-MM-dd HH:mm:ss2026-09-05 10:57:22,329 yyyy-MM-dd HH:mm:ss2026-09-05 10:57:22,329 yyyy-MM-dd HH:mm:ss2026-09-05 10:57:22,330 yyyy-MM-dd HH:mm:ss2026-09-05 10:57:22,331 yyyy-MM-dd HH:mm:ss2026-09-05 10:57:22,332 yyyy-MM-dd HH:mm:ss2026-09-05 10:57:22,332 yyyy-MM-dd HH:mm:ss2026-09-05 10:57:22,335 yyyy-MM-dd HH:mm:ss2026-09-05 10:57:22,338 yyyy-MM-dd HH:mm:ss2026-09-05 10:57:22,339 yyyy-MM-dd HH:mm:ss2026-09-05 10:57:22,340 yyyy-MM-dd HH:mm:ss2026-09-05 10:57:22,341 yyyy-MM-dd HH:mm:ss2026-09-05 10:57:22,358 yyyy-MM-dd HH:mm:ss2026-09-05 10:57:22,360 yyyy-MM-dd HH:mm:ss2026-09-05 10:57:22,362 yyyy-MM-dd HH:mm:ss2026-09-05 10:57:22,366 yyyy-MM-dd HH:mm:ss2026-09-05 10:57:22,366 yyyy-MM-dd HH:mm:ss2026-09-05 10:57:22,366 yyyy-MM-dd HH:mm:ss2026-09-05 10:57:22,366 yyyy-MM-dd HH:mm:ss2026-09-05 10:57:22,366 yyyy-MM-dd HH:mm:ss2026-09-05 10:57:22,366 yyyy-MM-dd HH:mm:ss2026-09-05 10:57:22,366 yyyy-MM-dd HH:mm:ss2026-09-05 10:57:22,382 yyyy-MM-dd HH:mm:ss2026-09-05 10:57:22,426 yyyy-MM-dd HH:mm:ss2026-09-05 10:57:22,427 yyyy-MM-dd HH:mm:ss2026-09-05 10:57:22,427 yyyy-MM-dd HH:mm:ss2026-09-05 10:57:22,428 yyyy-MM-dd HH:mm:ss2026-09-05 10:57:22,428 yyyy-MM-dd HH:mm:ss2026-09-05 10:57:22,443 yyyy-MM-dd HH:mm:ss2026-09-05 10:57:22,444 yyyy-MM-dd HH:mm:ss2026-09-05 10:57:22,446 yyyy-MM-dd HH:mm:ss2026-09-05 10:57:22,447 yyyy-MM-dd HH:mm:ss2026-09-05 10:57:22,611 yyyy-MM-dd HH:mm:ss2026-09-05 10:57:22,612 yyyy-MM-dd HH:mm:ss2026-09-05 10:57:22,612 yyyy-MM-dd HH:mm:ss2026-09-05 10:57:22,612 yyyy-MM-dd HH:mm:ss2026-09-05 10:57:22,613 yyyy-MM-dd HH:mm:ss2026-09-05 10:57:22,653 yyyy-MM-dd HH:mm:ss2026-09-05 10:57:22,657 yyyy-MM-dd HH:mm:ss2026-09-05 10:57:22,657 yyyy-MM-dd HH:mm:ss2026-09-05 10:57:22,657 yyyy-MM-dd HH:mm:ss2026-09-05 10:57:22,698 yyyy-MM-dd HH:mm:ss2026-09-05 10:57:22,709 yyyy-MM-dd HH:mm:ss2026-09-05 10:57:22,998 yyyy-MM-dd HH:mm:ss2026-09-05 10:57:23,004 yyyy-MM-dd HH:mm:ss2026-09-05 10:57:23,004 yyyy-MM-dd HH:mm:ss2026-09-05 10:57:23,004 yyyy-MM-dd HH:mm:ss2026-09-05 10:57:23,006 yyyy-MM-dd HH:mm:ss2026-09-05 10:57:45,570 yyyy-MM-dd HH:mm:ss2026-09-05 10:57:45,571 yyyy-MM-dd HH:mm:ss2026-09-05 10:58:15,575 yyyy-MM-dd HH:mm:ss2026-09-05 10:58:15,576 yyyy-MM-dd HH:mm:ss2026-09-05 10:58:45,587 yyyy-MM-dd HH:mm:ss2026-09-05 10:58:45,587 yyyy-MM-dd HH:mm:ss2026-09-05 10:58:55,849 yyyy-MM-dd HH:mm:ss2026-09-05 10:58:56,864 yyyy-MM-dd HH:mm:ss2026-09-05 10:59:06,956 yyyy-MM-dd HH:mm:ss2026-09-05 10:59:07,253 yyyy-MM-dd HH:mm:ss2026-09-05 10:59:09,757 yyyy-MM-dd HH:mm:ss2026-09-05 10:59:09,976 yyyy-MM-dd HH:mm:ss2026-09-05 10:59:11,080 yyyy-MM-dd HH:mm:ss2026-09-05 10:59:11,483 yyyy-MM-dd HH:mm:ss2026-09-05 10:59:13,506 yyyy-MM-dd HH:mm:ss2026-09-05 10:59:13,973 yyyy-MM-dd HH:mm:ss2026-09-05 10:59:15,597 yyyy-MM-dd HH:mm:ss2026-09-05 10:59:15,597 yyyy-MM-dd HH:mm:ss2026-09-05 10:59:45,600 yyyy-MM-dd HH:mm:ss2026-09-05 10:59:45,600 yyyy-MM-dd HH:mm:ss2026-09-05 11:00:03,268 yyyy-MM-dd HH:mm:ss2026-09-05 11:00:03,270 yyyy-MM-dd HH:mm:ss2026-09-05 11:00:03,281 yyyy-MM-dd HH:mm:ss2026-09-05 11:00:03,284 yyyy-MM-dd HH:mm:ss2026-09-05 11:00:03,317 yyyy-MM-dd HH:mm:ss2026-09-05 11:00:03,317 yyyy-MM-dd HH:mm:ss2026-09-05 11:00:03,317 yyyy-MM-dd HH:mm:ss2026-09-05 11:00:03,322 yyyy-MM-dd HH:mm:ss2026-09-05 11:00:03,322 yyyy-MM-dd HH:mm:ss2026-09-05 11:00:03,323 yyyy-MM-dd HH:mm:ss2026-09-05 11:00:03,323 yyyy-MM-dd HH:mm:ss2026-09-05 11:00:03,323 yyyy-MM-dd HH:mm:ss2026-09-05 11:00:03,332 yyyy-MM-dd HH:mm:ss2026-09-05 11:00:03,334 yyyy-MM-dd HH:mm:ss2026-09-05 11:00:03,342 yyyy-MM-dd HH:mm:ss2026-09-05 11:00:03,342 yyyy-MM-dd HH:mm:ss2026-09-05 11:00:03,345 yyyy-MM-dd HH:mm:ss2026-09-05 11:00:03,354 yyyy-MM-dd HH:mm:ss2026-09-05 11:00:03,355 yyyy-MM-dd HH:mm:ss2026-09-05 11:00:03,356 yyyy-MM-dd HH:mm:ss2026-09-05 11:00:03,357 yyyy-MM-dd HH:mm:ss2026-09-05 11:00:03,358 yyyy-MM-dd HH:mm:ss2026-09-05 11:00:03,358 yyyy-MM-dd HH:mm:ss2026-09-05 11:00:03,359 yyyy-MM-dd HH:mm:ss2026-09-05 11:00:03,359 yyyy-MM-dd HH:mm:ss2026-09-05 11:00:03,361 yyyy-MM-dd HH:mm:ss2026-09-05 11:00:03,363 yyyy-MM-dd HH:mm:ss2026-09-05 11:00:03,364 yyyy-MM-dd HH:mm:ss2026-09-05 11:00:03,364 yyyy-MM-dd HH:mm:ss2026-09-05 11:00:03,366 yyyy-MM-dd HH:mm:ss2026-09-05 11:00:10,003 yyyy-MM-dd HH:mm:ss2026-09-05 11:00:10,007 yyyy-MM-dd HH:mm:ss2026-09-05 11:00:10,010 yyyy-MM-dd HH:mm:ss2026-09-05 11:00:10,016 yyyy-MM-dd HH:mm:ss2026-09-05 11:00:10,167 yyyy-MM-dd HH:mm:ss2026-09-05 11:00:10,168 yyyy-MM-dd HH:mm:ss2026-09-05 11:00:10,168 yyyy-MM-dd HH:mm:ss2026-09-05 11:00:10,169 yyyy-MM-dd HH:mm:ss2026-09-05 11:00:10,169 yyyy-MM-dd HH:mm:ss2026-09-05 11:00:10,172 yyyy-MM-dd HH:mm:ss2026-09-05 11:00:10,345 yyyy-MM-dd HH:mm:ss2026-09-05 11:00:10,416 yyyy-MM-dd HH:mm:ss2026-09-05 11:00:10,668 yyyy-MM-dd HH:mm:ss2026-09-05 11:00:10,681 yyyy-MM-dd HH:mm:ss2026-09-05 11:00:10,746 yyyy-MM-dd HH:mm:ss2026-09-05 11:00:10,749 yyyy-MM-dd HH:mm:ss2026-09-05 11:00:10,794 yyyy-MM-dd HH:mm:ss2026-09-05 11:00:10,813 yyyy-MM-dd HH:mm:ss2026-09-05 11:00:10,886 yyyy-MM-dd HH:mm:ss2026-09-05 11:00:10,888 yyyy-MM-dd HH:mm:ss2026-09-05 11:00:12,982 yyyy-MM-dd HH:mm:ss2026-09-05 11:00:13,000 yyyy-MM-dd HH:mm:ss2026-09-05 11:00:13,027 yyyy-MM-dd HH:mm:ss2026-09-05 11:00:13,030 yyyy-MM-dd HH:mm:ss2026-09-05 11:00:13,063 yyyy-MM-dd HH:mm:ss2026-09-05 11:00:13,127 yyyy-MM-dd HH:mm:ss2026-09-05 11:00:13,127 yyyy-MM-dd HH:mm:ss2026-09-05 11:00:13,127 yyyy-MM-dd HH:mm:ss2026-09-05 11:00:13,148 yyyy-MM-dd HH:mm:ss2026-09-05 11:00:13,808 yyyy-MM-dd HH:mm:ss2026-09-05 11:00:13,817 yyyy-MM-dd HH:mm:ss2026-09-05 11:00:13,817 yyyy-MM-dd HH:mm:ss2026-09-05 11:00:13,921 yyyy-MM-dd HH:mm:ss2026-09-05 11:00:13,925 yyyy-MM-dd HH:mm:ss2026-09-05 11:00:13,925 yyyy-MM-dd HH:mm:ss2026-09-05 11:00:13,927 yyyy-MM-dd HH:mm:ss2026-09-05 11:00:13,928 yyyy-MM-dd HH:mm:ss2026-09-05 11:00:13,930 yyyy-MM-dd HH:mm:ss2026-09-05 11:00:13,941 yyyy-MM-dd HH:mm:ss2026-09-05 11:00:13,945 yyyy-MM-dd HH:mm:ss2026-09-05 11:00:13,952 yyyy-MM-dd HH:mm:ss2026-09-05 11:00:13,953 yyyy-MM-dd HH:mm:ss2026-09-05 11:00:13,954 yyyy-MM-dd HH:mm:ss2026-09-05 11:00:13,959 yyyy-MM-dd HH:mm:ss2026-09-05 11:00:13,965 yyyy-MM-dd HH:mm:ss2026-09-05 11:00:13,986 yyyy-MM-dd HH:mm:ss2026-09-05 11:00:14,006 yyyy-MM-dd HH:mm:ss2026-09-05 11:00:14,008 yyyy-MM-dd HH:mm:ss2026-09-05 11:00:14,016 yyyy-MM-dd HH:mm:ss2026-09-05 11:00:14,022 yyyy-MM-dd HH:mm:ss2026-09-05 11:00:14,023 yyyy-MM-dd HH:mm:ss2026-09-05 11:00:14,083 yyyy-MM-dd HH:mm:ss2026-09-05 11:00:14,087 yyyy-MM-dd HH:mm:ss2026-09-05 11:00:14,088 yyyy-MM-dd HH:mm:ss2026-09-05 11:00:14,357 yyyy-MM-dd HH:mm:ss2026-09-05 11:00:14,361 yyyy-MM-dd HH:mm:ss2026-09-05 11:00:14,363 yyyy-MM-dd HH:mm:ss2026-09-05 11:00:14,364 yyyy-MM-dd HH:mm:ss2026-09-05 11:00:14,371 yyyy-MM-dd HH:mm:ss2026-09-05 11:00:14,372 yyyy-MM-dd HH:mm:ss2026-09-05 11:00:14,383 yyyy-MM-dd HH:mm:ss2026-09-05 11:00:14,383 yyyy-MM-dd HH:mm:ss2026-09-05 11:00:14,392 yyyy-MM-dd HH:mm:ss2026-09-05 11:00:14,401 yyyy-MM-dd HH:mm:ss2026-09-05 11:00:14,406 yyyy-MM-dd HH:mm:ss2026-09-05 11:00:14,434 yyyy-MM-dd HH:mm:ss2026-09-05 11:00:14,435 yyyy-MM-dd HH:mm:ss2026-09-05 11:00:14,438 yyyy-MM-dd HH:mm:ss2026-09-05 11:00:14,440 yyyy-MM-dd HH:mm:ss2026-09-05 11:00:14,446 yyyy-MM-dd HH:mm:ss2026-09-05 11:00:14,447 yyyy-MM-dd HH:mm:ss2026-09-05 11:00:14,448 yyyy-MM-dd HH:mm:ss2026-09-05 11:00:14,455 yyyy-MM-dd HH:mm:ss2026-09-05 11:00:14,483 yyyy-MM-dd HH:mm:ss2026-09-05 11:00:14,548 yyyy-MM-dd HH:mm:ss2026-09-05 11:00:14,549 yyyy-MM-dd HH:mm:ss2026-09-05 11:00:14,555 yyyy-MM-dd HH:mm:ss2026-09-05 11:00:14,594 yyyy-MM-dd HH:mm:ss2026-09-05 11:00:14,600 yyyy-MM-dd HH:mm:ss2026-09-05 11:00:14,601 yyyy-MM-dd HH:mm:ss2026-09-05 11:00:14,603 yyyy-MM-dd HH:mm:ss2026-09-05 11:00:14,606 yyyy-MM-dd HH:mm:ss2026-09-05 11:00:14,606 yyyy-MM-dd HH:mm:ss2026-09-05 11:00:14,613 yyyy-MM-dd HH:mm:ss2026-09-05 11:00:14,614 yyyy-MM-dd HH:mm:ss2026-09-05 11:00:14,616 yyyy-MM-dd HH:mm:ss2026-09-05 11:00:14,637 yyyy-MM-dd HH:mm:ss2026-09-05 11:00:14,637 yyyy-MM-dd HH:mm:ss2026-09-05 11:00:14,639 yyyy-MM-dd HH:mm:ss2026-09-05 11:00:14,640 yyyy-MM-dd HH:mm:ss2026-09-05 11:00:14,645 yyyy-MM-dd HH:mm:ss2026-09-05 11:00:14,682 yyyy-MM-dd HH:mm:ss2026-09-05 11:00:14,682 yyyy-MM-dd HH:mm:ss2026-09-05 11:00:14,683 yyyy-MM-dd HH:mm:ss2026-09-05 11:00:14,683 yyyy-MM-dd HH:mm:ss2026-09-05 11:00:14,687 yyyy-MM-dd HH:mm:ss2026-09-05 11:00:14,688 yyyy-MM-dd HH:mm:ss2026-09-05 11:00:14,780 yyyy-MM-dd HH:mm:ss2026-09-05 11:00:14,781 yyyy-MM-dd HH:mm:ss2026-09-05 11:00:14,782 yyyy-MM-dd HH:mm:ss2026-09-05 11:00:14,784 yyyy-MM-dd HH:mm:ss2026-09-05 11:00:14,784 yyyy-MM-dd HH:mm:ss2026-09-05 11:00:14,786 yyyy-MM-dd HH:mm:ss2026-09-05 11:00:14,786 yyyy-MM-dd HH:mm:ss2026-09-05 11:00:14,788 yyyy-MM-dd HH:mm:ss2026-09-05 11:00:14,797 yyyy-MM-dd HH:mm:ss2026-09-05 11:00:14,823 yyyy-MM-dd HH:mm:ss2026-09-05 11:00:14,823 yyyy-MM-dd HH:mm:ss2026-09-05 11:00:14,829 yyyy-MM-dd HH:mm:ss2026-09-05 11:00:14,829 yyyy-MM-dd HH:mm:ss2026-09-05 11:00:14,831 yyyy-MM-dd HH:mm:ss2026-09-05 11:00:14,836 yyyy-MM-dd HH:mm:ss2026-09-05 11:00:14,848 yyyy-MM-dd HH:mm:ss2026-09-05 11:00:15,049 yyyy-MM-dd HH:mm:ss2026-09-05 11:00:15,050 yyyy-MM-dd HH:mm:ss2026-09-05 11:00:15,051 yyyy-MM-dd HH:mm:ss2026-09-05 11:00:15,180 yyyy-MM-dd HH:mm:ss2026-09-05 11:00:15,210 yyyy-MM-dd HH:mm:ss2026-09-05 11:00:15,214 yyyy-MM-dd HH:mm:ss2026-09-05 11:00:15,214 yyyy-MM-dd HH:mm:ss2026-09-05 11:00:15,481 yyyy-MM-dd HH:mm:ss2026-09-05 11:00:15,485 yyyy-MM-dd HH:mm:ss2026-09-05 11:00:15,495 yyyy-MM-dd HH:mm:ss2026-09-05 11:00:15,496 yyyy-MM-dd HH:mm:ss2026-09-05 11:00:15,500 yyyy-MM-dd HH:mm:ss2026-09-05 11:00:15,500 yyyy-MM-dd HH:mm:ss2026-09-05 11:00:15,508 yyyy-MM-dd HH:mm:ss2026-09-05 11:00:15,511 yyyy-MM-dd HH:mm:ss2026-09-05 11:00:15,517 yyyy-MM-dd HH:mm:ss2026-09-05 11:00:15,527 yyyy-MM-dd HH:mm:ss2026-09-05 11:00:15,527 yyyy-MM-dd HH:mm:ss2026-09-05 11:00:15,534 yyyy-MM-dd HH:mm:ss2026-09-05 11:00:15,536 yyyy-MM-dd HH:mm:ss2026-09-05 11:00:15,539 yyyy-MM-dd HH:mm:ss2026-09-05 11:00:15,547 yyyy-MM-dd HH:mm:ss2026-09-05 11:00:15,547 yyyy-MM-dd HH:mm:ss2026-09-05 11:00:15,552 yyyy-MM-dd HH:mm:ss2026-09-05 11:00:15,552 yyyy-MM-dd HH:mm:ss2026-09-05 11:00:15,555 yyyy-MM-dd HH:mm:ss2026-09-05 11:00:15,557 yyyy-MM-dd HH:mm:ss2026-09-05 11:00:15,561 yyyy-MM-dd HH:mm:ss2026-09-05 11:00:15,598 yyyy-MM-dd HH:mm:ss2026-09-05 11:00:15,598 yyyy-MM-dd HH:mm:ss2026-09-05 11:00:15,616 yyyy-MM-dd HH:mm:ss2026-09-05 11:00:15,647 yyyy-MM-dd HH:mm:ss2026-09-05 11:00:15,648 yyyy-MM-dd HH:mm:ss2026-09-05 11:00:15,657 yyyy-MM-dd HH:mm:ss2026-09-05 11:00:15,657 yyyy-MM-dd HH:mm:ss2026-09-05 11:00:15,667 yyyy-MM-dd HH:mm:ss2026-09-05 11:00:15,667 yyyy-MM-dd HH:mm:ss2026-09-05 11:00:15,697 yyyy-MM-dd HH:mm:ss2026-09-05 11:00:15,697 yyyy-MM-dd HH:mm:ss2026-09-05 11:00:15,720 yyyy-MM-dd HH:mm:ss2026-09-05 11:00:15,721 yyyy-MM-dd HH:mm:ss2026-09-05 11:00:15,724 yyyy-MM-dd HH:mm:ss2026-09-05 11:00:15,733 yyyy-MM-dd HH:mm:ss2026-09-05 11:00:15,734 yyyy-MM-dd HH:mm:ss2026-09-05 11:00:15,736 yyyy-MM-dd HH:mm:ss2026-09-05 11:00:15,741 yyyy-MM-dd HH:mm:ss2026-09-05 11:00:15,742 yyyy-MM-dd HH:mm:ss2026-09-05 11:00:15,744 yyyy-MM-dd HH:mm:ss2026-09-05 11:00:15,745 yyyy-MM-dd HH:mm:ss2026-09-05 11:00:15,752 yyyy-MM-dd HH:mm:ss2026-09-05 11:00:15,753 yyyy-MM-dd HH:mm:ss2026-09-05 11:00:15,756 yyyy-MM-dd HH:mm:ss2026-09-05 11:00:15,773 yyyy-MM-dd HH:mm:ss2026-09-05 11:00:15,773 yyyy-MM-dd HH:mm:ss2026-09-05 11:00:15,775 yyyy-MM-dd HH:mm:ss2026-09-05 11:00:15,777 yyyy-MM-dd HH:mm:ss2026-09-05 11:00:15,777 yyyy-MM-dd HH:mm:ss2026-09-05 11:00:15,777 yyyy-MM-dd HH:mm:ss2026-09-05 11:00:15,777 yyyy-MM-dd HH:mm:ss2026-09-05 11:00:15,806 yyyy-MM-dd HH:mm:ss2026-09-05 11:00:15,811 yyyy-MM-dd HH:mm:ss2026-09-05 11:00:15,811 yyyy-MM-dd HH:mm:ss2026-09-05 11:00:15,816 yyyy-MM-dd HH:mm:ss2026-09-05 11:00:15,817 yyyy-MM-dd HH:mm:ss2026-09-05 11:00:15,818 yyyy-MM-dd HH:mm:ss2026-09-05 11:00:15,821 yyyy-MM-dd HH:mm:ss2026-09-05 11:00:15,838 yyyy-MM-dd HH:mm:ss2026-09-05 11:00:15,838 yyyy-MM-dd HH:mm:ss2026-09-05 11:00:15,914 yyyy-MM-dd HH:mm:ss2026-09-05 11:00:15,920 yyyy-MM-dd HH:mm:ss2026-09-05 11:00:15,920 yyyy-MM-dd HH:mm:ss2026-09-05 11:00:15,921 yyyy-MM-dd HH:mm:ss2026-09-05 11:00:15,941 yyyy-MM-dd HH:mm:ss2026-09-05 11:00:15,942 yyyy-MM-dd HH:mm:ss2026-09-05 11:00:15,944 yyyy-MM-dd HH:mm:ss2026-09-05 11:00:15,945 yyyy-MM-dd HH:mm:ss2026-09-05 11:00:15,948 yyyy-MM-dd HH:mm:ss2026-09-05 11:00:15,954 yyyy-MM-dd HH:mm:ss2026-09-05 11:00:15,962 yyyy-MM-dd HH:mm:ss2026-09-05 11:00:15,974 yyyy-MM-dd HH:mm:ss2026-09-05 11:00:15,980 yyyy-MM-dd HH:mm:ss2026-09-05 11:00:15,981 yyyy-MM-dd HH:mm:ss2026-09-05 11:00:15,982 yyyy-MM-dd HH:mm:ss2026-09-05 11:00:15,982 yyyy-MM-dd HH:mm:ss2026-09-05 11:00:15,984 yyyy-MM-dd HH:mm:ss2026-09-05 11:00:15,996 yyyy-MM-dd HH:mm:ss2026-09-05 11:00:15,997 yyyy-MM-dd HH:mm:ss2026-09-05 11:00:15,998 yyyy-MM-dd HH:mm:ss2026-09-05 11:00:16,000 yyyy-MM-dd HH:mm:ss2026-09-05 11:00:16,000 yyyy-MM-dd HH:mm:ss2026-09-05 11:00:16,000 yyyy-MM-dd HH:mm:ss2026-09-05 11:00:16,011 yyyy-MM-dd HH:mm:ss2026-09-05 11:00:16,038 yyyy-MM-dd HH:mm:ss2026-09-05 11:00:16,038 yyyy-MM-dd HH:mm:ss2026-09-05 11:00:16,039 yyyy-MM-dd HH:mm:ss2026-09-05 11:00:16,040 yyyy-MM-dd HH:mm:ss2026-09-05 11:00:16,043 yyyy-MM-dd HH:mm:ss2026-09-05 11:00:16,046 yyyy-MM-dd HH:mm:ss2026-09-05 11:00:16,046 yyyy-MM-dd HH:mm:ss2026-09-05 11:00:16,056 yyyy-MM-dd HH:mm:ss2026-09-05 11:00:16,061 yyyy-MM-dd HH:mm:ss2026-09-05 11:00:16,062 yyyy-MM-dd HH:mm:ss2026-09-05 11:00:16,066 yyyy-MM-dd HH:mm:ss2026-09-05 11:00:16,074 yyyy-MM-dd HH:mm:ss2026-09-05 11:00:16,077 yyyy-MM-dd HH:mm:ss2026-09-05 11:00:16,077 yyyy-MM-dd HH:mm:ss2026-09-05 11:00:16,077 yyyy-MM-dd HH:mm:ss2026-09-05 11:00:16,086 yyyy-MM-dd HH:mm:ss2026-09-05 11:00:16,087 yyyy-MM-dd HH:mm:ss2026-09-05 11:00:16,097 yyyy-MM-dd HH:mm:ss2026-09-05 11:00:16,098 yyyy-MM-dd HH:mm:ss2026-09-05 11:00:16,165 yyyy-MM-dd HH:mm:ss2026-09-05 11:00:16,165 yyyy-MM-dd HH:mm:ss2026-09-05 11:00:16,173 yyyy-MM-dd HH:mm:ss2026-09-05 11:00:16,175 yyyy-MM-dd HH:mm:ss2026-09-05 11:00:16,175 yyyy-MM-dd HH:mm:ss2026-09-05 11:00:16,195 yyyy-MM-dd HH:mm:ss2026-09-05 11:00:16,195 yyyy-MM-dd HH:mm:ss2026-09-05 11:00:16,239 yyyy-MM-dd HH:mm:ss2026-09-05 11:00:16,263 yyyy-MM-dd HH:mm:ss2026-09-05 11:00:16,267 yyyy-MM-dd HH:mm:ss2026-09-05 11:00:16,338 yyyy-MM-dd HH:mm:ss2026-09-05 11:00:16,343 yyyy-MM-dd HH:mm:ss2026-09-05 11:00:16,351 yyyy-MM-dd HH:mm:ss2026-09-05 11:00:16,407 yyyy-MM-dd HH:mm:ss2026-09-05 11:00:16,409 yyyy-MM-dd HH:mm:ss2026-09-05 11:00:16,468 yyyy-MM-dd HH:mm:ss2026-09-05 11:00:16,477 yyyy-MM-dd HH:mm:ss2026-09-05 11:00:16,480 yyyy-MM-dd HH:mm:ss2026-09-05 11:00:17,168 yyyy-MM-dd HH:mm:ss2026-09-05 11:00:17,570 yyyy-MM-dd HH:mm:ss2026-09-05 11:00:17,640 yyyy-MM-dd HH:mm:ss2026-09-05 11:00:17,644 yyyy-MM-dd HH:mm:ss2026-09-05 11:00:17,644 yyyy-MM-dd HH:mm:ss2026-09-05 11:00:17,645 yyyy-MM-dd HH:mm:ss2026-09-05 11:00:17,646 yyyy-MM-dd HH:mm:ss2026-09-05 11:00:17,646 yyyy-MM-dd HH:mm:ss2026-09-05 11:00:17,648 yyyy-MM-dd HH:mm:ss2026-09-05 11:00:17,649 yyyy-MM-dd HH:mm:ss2026-09-05 11:00:17,649 yyyy-MM-dd HH:mm:ss2026-09-05 11:00:17,649 yyyy-MM-dd HH:mm:ss2026-09-05 11:00:17,650 yyyy-MM-dd HH:mm:ss2026-09-05 11:00:17,650 yyyy-MM-dd HH:mm:ss2026-09-05 11:00:17,651 yyyy-MM-dd HH:mm:ss2026-09-05 11:00:17,652 yyyy-MM-dd HH:mm:ss2026-09-05 11:00:17,653 yyyy-MM-dd HH:mm:ss2026-09-05 11:00:17,654 yyyy-MM-dd HH:mm:ss2026-09-05 11:00:17,654 yyyy-MM-dd HH:mm:ss2026-09-05 11:00:17,655 yyyy-MM-dd HH:mm:ss2026-09-05 11:00:17,656 yyyy-MM-dd HH:mm:ss2026-09-05 11:00:17,658 yyyy-MM-dd HH:mm:ss2026-09-05 11:00:17,658 yyyy-MM-dd HH:mm:ss2026-09-05 11:00:17,659 yyyy-MM-dd HH:mm:ss2026-09-05 11:00:17,660 yyyy-MM-dd HH:mm:ss2026-09-05 11:00:17,660 yyyy-MM-dd HH:mm:ss2026-09-05 11:00:17,661 yyyy-MM-dd HH:mm:ss2026-09-05 11:00:17,661 yyyy-MM-dd HH:mm:ss2026-09-05 11:00:17,662 yyyy-MM-dd HH:mm:ss2026-09-05 11:00:17,662 yyyy-MM-dd HH:mm:ss2026-09-05 11:00:17,663 yyyy-MM-dd HH:mm:ss2026-09-05 11:00:17,663 yyyy-MM-dd HH:mm:ss2026-09-05 11:00:17,664 yyyy-MM-dd HH:mm:ss2026-09-05 11:00:17,664 yyyy-MM-dd HH:mm:ss2026-09-05 11:00:17,665 yyyy-MM-dd HH:mm:ss2026-09-05 11:00:17,665 yyyy-MM-dd HH:mm:ss2026-09-05 11:00:17,666 yyyy-MM-dd HH:mm:ss2026-09-05 11:00:17,666 yyyy-MM-dd HH:mm:ss2026-09-05 11:00:17,667 yyyy-MM-dd HH:mm:ss2026-09-05 11:00:17,667 yyyy-MM-dd HH:mm:ss2026-09-05 11:00:17,668 yyyy-MM-dd HH:mm:ss2026-09-05 11:00:17,668 yyyy-MM-dd HH:mm:ss2026-09-05 11:00:17,668 yyyy-MM-dd HH:mm:ss2026-09-05 11:00:17,708 yyyy-MM-dd HH:mm:ss2026-09-05 11:00:18,037 yyyy-MM-dd HH:mm:ss2026-09-05 11:00:18,039 yyyy-MM-dd HH:mm:ss2026-09-05 11:00:18,041 yyyy-MM-dd HH:mm:ss2026-09-05 11:00:18,048 yyyy-MM-dd HH:mm:ss2026-09-05 11:00:18,048 yyyy-MM-dd HH:mm:ss2026-09-05 11:00:18,128 yyyy-MM-dd HH:mm:ss2026-09-05 11:00:18,131 yyyy-MM-dd HH:mm:ss2026-09-05 11:00:18,140 yyyy-MM-dd HH:mm:ss2026-09-05 11:00:18,141 yyyy-MM-dd HH:mm:ss2026-09-05 11:00:18,142 yyyy-MM-dd HH:mm:ss2026-09-05 11:00:18,152 yyyy-MM-dd HH:mm:ss2026-09-05 11:00:18,152 yyyy-MM-dd HH:mm:ss2026-09-05 11:00:18,156 yyyy-MM-dd HH:mm:ss2026-09-05 11:00:18,189 yyyy-MM-dd HH:mm:ss2026-09-05 11:00:18,189 yyyy-MM-dd HH:mm:ss2026-09-05 11:00:18,198 yyyy-MM-dd HH:mm:ss2026-09-05 11:00:18,198 yyyy-MM-dd HH:mm:ss2026-09-05 11:00:18,236 yyyy-MM-dd HH:mm:ss2026-09-05 11:00:18,237 yyyy-MM-dd HH:mm:ss2026-09-05 11:00:18,253 yyyy-MM-dd HH:mm:ss2026-09-05 11:00:18,254 yyyy-MM-dd HH:mm:ss2026-09-05 11:00:18,298 yyyy-MM-dd HH:mm:ss2026-09-05 11:00:18,299 yyyy-MM-dd HH:mm:ss2026-09-05 11:00:18,315 yyyy-MM-dd HH:mm:ss2026-09-05 11:00:18,315 yyyy-MM-dd HH:mm:ss2026-09-05 11:00:18,361 yyyy-MM-dd HH:mm:ss2026-09-05 11:00:18,363 yyyy-MM-dd HH:mm:ss2026-09-05 11:00:18,379 yyyy-MM-dd HH:mm:ss2026-09-05 11:00:18,380 yyyy-MM-dd HH:mm:ss2026-09-05 11:00:18,423 yyyy-MM-dd HH:mm:ss2026-09-05 11:00:18,423 yyyy-MM-dd HH:mm:ss2026-09-05 11:00:18,440 yyyy-MM-dd HH:mm:ss2026-09-05 11:00:18,441 yyyy-MM-dd HH:mm:ss2026-09-05 11:00:18,486 yyyy-MM-dd HH:mm:ss2026-09-05 11:00:18,486 yyyy-MM-dd HH:mm:ss2026-09-05 11:00:18,500 yyyy-MM-dd HH:mm:ss2026-09-05 11:00:18,500 yyyy-MM-dd HH:mm:ss2026-09-05 11:00:18,533 yyyy-MM-dd HH:mm:ss2026-09-05 11:00:18,535 yyyy-MM-dd HH:mm:ss2026-09-05 11:00:18,547 yyyy-MM-dd HH:mm:ss2026-09-05 11:00:18,548 yyyy-MM-dd HH:mm:ss2026-09-05 11:00:18,581 yyyy-MM-dd HH:mm:ss2026-09-05 11:00:18,581 yyyy-MM-dd HH:mm:ss2026-09-05 11:00:18,595 yyyy-MM-dd HH:mm:ss2026-09-05 11:00:18,595 yyyy-MM-dd HH:mm:ss2026-09-05 11:00:18,629 yyyy-MM-dd HH:mm:ss2026-09-05 11:00:18,629 yyyy-MM-dd HH:mm:ss2026-09-05 11:00:18,900 yyyy-MM-dd HH:mm:ss2026-09-05 11:00:18,914 yyyy-MM-dd HH:mm:ss2026-09-05 11:00:18,918 yyyy-MM-dd HH:mm:ss2026-09-05 11:00:19,096 yyyy-MM-dd HH:mm:ss2026-09-05 11:00:19,097 yyyy-MM-dd HH:mm:ss2026-09-05 11:00:19,099 yyyy-MM-dd HH:mm:ss2026-09-05 11:00:19,366 yyyy-MM-dd HH:mm:ss2026-09-05 11:00:19,694 yyyy-MM-dd HH:mm:ss2026-09-05 11:00:20,802 yyyy-MM-dd HH:mm:ss2026-09-05 11:00:21,465 yyyy-MM-dd HH:mm:ss2026-09-05 11:00:21,482 yyyy-MM-dd HH:mm:ss2026-09-05 11:00:21,522 yyyy-MM-dd HH:mm:ss2026-09-05 11:00:21,561 yyyy-MM-dd HH:mm:ss2026-09-05 11:00:21,589 yyyy-MM-dd HH:mm:ss2026-09-05 11:00:21,618 yyyy-MM-dd HH:mm:ss2026-09-05 11:00:21,665 yyyy-MM-dd HH:mm:ss2026-09-05 11:00:21,705 yyyy-MM-dd HH:mm:ss2026-09-05 11:00:21,749 yyyy-MM-dd HH:mm:ss2026-09-05 11:00:21,794 yyyy-MM-dd HH:mm:ss2026-09-05 11:00:21,926 yyyy-MM-dd HH:mm:ss2026-09-05 11:00:21,926 yyyy-MM-dd HH:mm:ss2026-09-05 11:00:21,987 yyyy-MM-dd HH:mm:ss2026-09-05 11:00:21,989 yyyy-MM-dd HH:mm:ss2026-09-05 11:00:21,999 yyyy-MM-dd HH:mm:ss2026-09-05 11:00:22,014 yyyy-MM-dd HH:mm:ss2026-09-05 11:00:22,015 yyyy-MM-dd HH:mm:ss2026-09-05 11:00:22,023 yyyy-MM-dd HH:mm:ss2026-09-05 11:00:22,588 yyyy-MM-dd HH:mm:ss2026-09-05 11:00:22,590 yyyy-MM-dd HH:mm:ss2026-09-05 11:00:22,592 yyyy-MM-dd HH:mm:ss2026-09-05 11:00:22,607 yyyy-MM-dd HH:mm:ss2026-09-05 11:00:22,615 yyyy-MM-dd HH:mm:ss2026-09-05 11:00:22,616 yyyy-MM-dd HH:mm:ss2026-09-05 11:00:22,633 yyyy-MM-dd HH:mm:ss2026-09-05 11:00:22,639 yyyy-MM-dd HH:mm:ss2026-09-05 11:00:22,648 yyyy-MM-dd HH:mm:ss2026-09-05 11:00:22,681 yyyy-MM-dd HH:mm:ss2026-09-05 11:00:22,682 yyyy-MM-dd HH:mm:ss2026-09-05 11:00:22,767 yyyy-MM-dd HH:mm:ss2026-09-05 11:00:22,884 yyyy-MM-dd HH:mm:ss2026-09-05 11:00:22,927 yyyy-MM-dd HH:mm:ss2026-09-05 11:00:22,930 yyyy-MM-dd HH:mm:ss2026-09-05 11:00:22,933 yyyy-MM-dd HH:mm:ss2026-09-05 11:00:22,939 yyyy-MM-dd HH:mm:ss2026-09-05 11:00:22,944 yyyy-MM-dd HH:mm:ss2026-09-05 11:00:22,952 yyyy-MM-dd HH:mm:ss2026-09-05 11:00:23,003 yyyy-MM-dd HH:mm:ss2026-09-05 11:00:23,128 yyyy-MM-dd HH:mm:ss2026-09-05 11:00:23,242 yyyy-MM-dd HH:mm:ss2026-09-05 11:00:23,256 yyyy-MM-dd HH:mm:ss2026-09-05 11:00:23,337 yyyy-MM-dd HH:mm:ss2026-09-05 11:00:23,338 yyyy-MM-dd HH:mm:ss2026-09-05 11:00:23,340 yyyy-MM-dd HH:mm:ss2026-09-05 11:00:23,344 yyyy-MM-dd HH:mm:ss2026-09-05 11:00:23,348 yyyy-MM-dd HH:mm:ss2026-09-05 11:00:23,406 yyyy-MM-dd HH:mm:ss2026-09-05 11:00:23,420 yyyy-MM-dd HH:mm:ss2026-09-05 11:00:23,424 yyyy-MM-dd HH:mm:ss2026-09-05 11:00:23,426 yyyy-MM-dd HH:mm:ss2026-09-05 11:00:23,432 yyyy-MM-dd HH:mm:ss2026-09-05 11:00:23,433 yyyy-MM-dd HH:mm:ss2026-09-05 11:00:23,436 yyyy-MM-dd HH:mm:ss2026-09-05 11:00:23,439 yyyy-MM-dd HH:mm:ss2026-09-05 11:00:23,446 yyyy-MM-dd HH:mm:ss2026-09-05 11:00:23,448 yyyy-MM-dd HH:mm:ss2026-09-05 11:00:23,449 yyyy-MM-dd HH:mm:ss2026-09-05 11:00:23,452 yyyy-MM-dd HH:mm:ss2026-09-05 11:00:23,453 yyyy-MM-dd HH:mm:ss2026-09-05 11:00:23,454 yyyy-MM-dd HH:mm:ss2026-09-05 11:00:23,459 yyyy-MM-dd HH:mm:ss2026-09-05 11:00:23,461 yyyy-MM-dd HH:mm:ss2026-09-05 11:00:23,466 yyyy-MM-dd HH:mm:ss2026-09-05 11:00:23,469 yyyy-MM-dd HH:mm:ss2026-09-05 11:00:23,470 yyyy-MM-dd HH:mm:ss2026-09-05 11:00:23,471 yyyy-MM-dd HH:mm:ss2026-09-05 11:00:23,477 yyyy-MM-dd HH:mm:ss2026-09-05 11:00:23,483 yyyy-MM-dd HH:mm:ss2026-09-05 11:00:23,484 yyyy-MM-dd HH:mm:ss2026-09-05 11:00:23,492 yyyy-MM-dd HH:mm:ss2026-09-05 11:00:23,498 yyyy-MM-dd HH:mm:ss2026-09-05 11:00:23,498 yyyy-MM-dd HH:mm:ss2026-09-05 11:00:23,499 yyyy-MM-dd HH:mm:ss2026-09-05 11:00:23,511 yyyy-MM-dd HH:mm:ss2026-09-05 11:00:23,515 yyyy-MM-dd HH:mm:ss2026-09-05 11:00:23,515 yyyy-MM-dd HH:mm:ss2026-09-05 11:00:23,515 yyyy-MM-dd HH:mm:ss2026-09-05 11:00:23,521 yyyy-MM-dd HH:mm:ss2026-09-05 11:00:23,522 yyyy-MM-dd HH:mm:ss2026-09-05 11:00:23,527 yyyy-MM-dd HH:mm:ss2026-09-05 11:00:23,527 yyyy-MM-dd HH:mm:ss2026-09-05 11:00:23,529 yyyy-MM-dd HH:mm:ss2026-09-05 11:00:23,533 yyyy-MM-dd HH:mm:ss2026-09-05 11:00:23,534 yyyy-MM-dd HH:mm:ss2026-09-05 11:00:23,540 yyyy-MM-dd HH:mm:ss2026-09-05 11:00:23,544 yyyy-MM-dd HH:mm:ss2026-09-05 11:00:23,545 yyyy-MM-dd HH:mm:ss2026-09-05 11:00:23,546 yyyy-MM-dd HH:mm:ss2026-09-05 11:00:23,550 yyyy-MM-dd HH:mm:ss2026-09-05 11:00:23,556 yyyy-MM-dd HH:mm:ss2026-09-05 11:00:23,557 yyyy-MM-dd HH:mm:ss2026-09-05 11:00:23,586 yyyy-MM-dd HH:mm:ss2026-09-05 11:00:23,593 yyyy-MM-dd HH:mm:ss2026-09-05 11:00:23,593 yyyy-MM-dd HH:mm:ss2026-09-05 11:00:23,593 yyyy-MM-dd HH:mm:ss2026-09-05 11:00:23,635 yyyy-MM-dd HH:mm:ss2026-09-05 11:00:23,636 yyyy-MM-dd HH:mm:ss2026-09-05 11:00:23,636 yyyy-MM-dd HH:mm:ss2026-09-05 11:00:23,636 yyyy-MM-dd HH:mm:ss2026-09-05 11:00:23,643 yyyy-MM-dd HH:mm:ss2026-09-05 11:00:23,647 yyyy-MM-dd HH:mm:ss2026-09-05 11:00:23,654 yyyy-MM-dd HH:mm:ss2026-09-05 11:00:23,659 yyyy-MM-dd HH:mm:ss2026-09-05 11:00:23,663 yyyy-MM-dd HH:mm:ss2026-09-05 11:00:23,666 yyyy-MM-dd HH:mm:ss2026-09-05 11:00:23,670 yyyy-MM-dd HH:mm:ss2026-09-05 11:00:23,670 yyyy-MM-dd HH:mm:ss2026-09-05 11:00:23,673 yyyy-MM-dd HH:mm:ss2026-09-05 11:00:23,675 yyyy-MM-dd HH:mm:ss2026-09-05 11:00:23,677 yyyy-MM-dd HH:mm:ss2026-09-05 11:00:23,677 yyyy-MM-dd HH:mm:ss2026-09-05 11:00:23,680 yyyy-MM-dd HH:mm:ss2026-09-05 11:00:23,680 yyyy-MM-dd HH:mm:ss2026-09-05 11:00:23,685 yyyy-MM-dd HH:mm:ss2026-09-05 11:00:23,685 yyyy-MM-dd HH:mm:ss2026-09-05 11:00:23,687 yyyy-MM-dd HH:mm:ss2026-09-05 11:00:23,687 yyyy-MM-dd HH:mm:ss2026-09-05 11:00:23,689 yyyy-MM-dd HH:mm:ss2026-09-05 11:00:23,702 yyyy-MM-dd HH:mm:ss2026-09-05 11:00:23,705 yyyy-MM-dd HH:mm:ss2026-09-05 11:00:23,711 yyyy-MM-dd HH:mm:ss2026-09-05 11:00:23,712 yyyy-MM-dd HH:mm:ss2026-09-05 11:00:23,715 yyyy-MM-dd HH:mm:ss2026-09-05 11:00:23,715 yyyy-MM-dd HH:mm:ss2026-09-05 11:00:23,717 yyyy-MM-dd HH:mm:ss2026-09-05 11:00:23,720 yyyy-MM-dd HH:mm:ss2026-09-05 11:00:23,748 yyyy-MM-dd HH:mm:ss2026-09-05 11:00:23,753 yyyy-MM-dd HH:mm:ss2026-09-05 11:00:23,754 yyyy-MM-dd HH:mm:ss2026-09-05 11:00:23,756 yyyy-MM-dd HH:mm:ss2026-09-05 11:00:23,756 yyyy-MM-dd HH:mm:ss2026-09-05 11:00:23,779 yyyy-MM-dd HH:mm:ss2026-09-05 11:00:23,780 yyyy-MM-dd HH:mm:ss2026-09-05 11:00:23,782 yyyy-MM-dd HH:mm:ss2026-09-05 11:00:23,793 yyyy-MM-dd HH:mm:ss2026-09-05 11:00:23,795 yyyy-MM-dd HH:mm:ss2026-09-05 11:00:23,797 yyyy-MM-dd HH:mm:ss2026-09-05 11:00:23,825 yyyy-MM-dd HH:mm:ss2026-09-05 11:00:23,825 yyyy-MM-dd HH:mm:ss2026-09-05 11:00:23,825 yyyy-MM-dd HH:mm:ss2026-09-05 11:00:23,853 yyyy-MM-dd HH:mm:ss2026-09-05 11:00:23,883 yyyy-MM-dd HH:mm:ss2026-09-05 11:00:23,885 yyyy-MM-dd HH:mm:ss2026-09-05 11:00:23,885 yyyy-MM-dd HH:mm:ss2026-09-05 11:00:23,907 yyyy-MM-dd HH:mm:ss2026-09-05 11:00:23,923 yyyy-MM-dd HH:mm:ss2026-09-05 11:00:23,924 yyyy-MM-dd HH:mm:ss2026-09-05 11:00:23,924 yyyy-MM-dd HH:mm:ss2026-09-05 11:00:23,924 yyyy-MM-dd HH:mm:ss2026-09-05 11:00:24,024 yyyy-MM-dd HH:mm:ss2026-09-05 11:00:24,070 yyyy-MM-dd HH:mm:ss2026-09-05 11:00:24,102 yyyy-MM-dd HH:mm:ss2026-09-05 11:00:24,123 yyyy-MM-dd HH:mm:ss2026-09-05 11:00:24,145 yyyy-MM-dd HH:mm:ss2026-09-05 11:00:24,148 yyyy-MM-dd HH:mm:ss2026-09-05 11:00:24,151 yyyy-MM-dd HH:mm:ss2026-09-05 11:00:24,154 yyyy-MM-dd HH:mm:ss2026-09-05 11:00:24,156 yyyy-MM-dd HH:mm:ss2026-09-05 11:00:24,157 yyyy-MM-dd HH:mm:ss2026-09-05 11:00:24,160 yyyy-MM-dd HH:mm:ss2026-09-05 11:00:24,164 yyyy-MM-dd HH:mm:ss2026-09-05 11:00:24,165 yyyy-MM-dd HH:mm:ss2026-09-05 11:00:24,181 yyyy-MM-dd HH:mm:ss2026-09-05 11:00:24,191 yyyy-MM-dd HH:mm:ss2026-09-05 11:00:24,197 yyyy-MM-dd HH:mm:ss2026-09-05 11:00:24,197 yyyy-MM-dd HH:mm:ss2026-09-05 11:00:24,197 yyyy-MM-dd HH:mm:ss2026-09-05 11:00:24,228 yyyy-MM-dd HH:mm:ss2026-09-05 11:00:24,230 yyyy-MM-dd HH:mm:ss2026-09-05 11:00:24,230 yyyy-MM-dd HH:mm:ss2026-09-05 11:00:24,231 yyyy-MM-dd HH:mm:ss2026-09-05 11:00:24,281 yyyy-MM-dd HH:mm:ss2026-09-05 11:00:24,286 yyyy-MM-dd HH:mm:ss2026-09-05 11:00:24,287 yyyy-MM-dd HH:mm:ss2026-09-05 11:00:24,290 yyyy-MM-dd HH:mm:ss2026-09-05 11:00:24,290 yyyy-MM-dd HH:mm:ss2026-09-05 11:00:24,290 yyyy-MM-dd HH:mm:ss2026-09-05 11:00:24,313 yyyy-MM-dd HH:mm:ss2026-09-05 11:00:24,319 yyyy-MM-dd HH:mm:ss2026-09-05 11:00:24,327 yyyy-MM-dd HH:mm:ss2026-09-05 11:00:24,333 yyyy-MM-dd HH:mm:ss2026-09-05 11:00:24,455 yyyy-MM-dd HH:mm:ss2026-09-05 11:00:24,525 yyyy-MM-dd HH:mm:ss2026-09-05 11:00:24,526 yyyy-MM-dd HH:mm:ss2026-09-05 11:00:24,533 yyyy-MM-dd HH:mm:ss2026-09-05 11:00:24,546 yyyy-MM-dd HH:mm:ss2026-09-05 11:00:24,546 yyyy-MM-dd HH:mm:ss2026-09-05 11:00:24,551 yyyy-MM-dd HH:mm:ss2026-09-05 11:00:24,568 yyyy-MM-dd HH:mm:ss2026-09-05 11:00:24,572 yyyy-MM-dd HH:mm:ss2026-09-05 11:00:24,574 yyyy-MM-dd HH:mm:ss2026-09-05 11:00:24,574 yyyy-MM-dd HH:mm:ss2026-09-05 11:00:24,576 yyyy-MM-dd HH:mm:ss2026-09-05 11:00:24,578 yyyy-MM-dd HH:mm:ss2026-09-05 11:00:24,580 yyyy-MM-dd HH:mm:ss2026-09-05 11:00:24,581 yyyy-MM-dd HH:mm:ss2026-09-05 11:00:24,599 yyyy-MM-dd HH:mm:ss2026-09-05 11:00:24,609 yyyy-MM-dd HH:mm:ss2026-09-05 11:00:24,612 yyyy-MM-dd HH:mm:ss2026-09-05 11:00:24,613 yyyy-MM-dd HH:mm:ss2026-09-05 11:00:24,615 yyyy-MM-dd HH:mm:ss2026-09-05 11:00:24,622 yyyy-MM-dd HH:mm:ss2026-09-05 11:00:24,623 yyyy-MM-dd HH:mm:ss2026-09-05 11:00:24,623 yyyy-MM-dd HH:mm:ss2026-09-05 11:00:24,627 yyyy-MM-dd HH:mm:ss2026-09-05 11:00:24,628 yyyy-MM-dd HH:mm:ss2026-09-05 11:00:24,633 yyyy-MM-dd HH:mm:ss2026-09-05 11:00:24,636 yyyy-MM-dd HH:mm:ss2026-09-05 11:00:24,660 yyyy-MM-dd HH:mm:ss2026-09-05 11:00:24,662 yyyy-MM-dd HH:mm:ss2026-09-05 11:00:24,663 yyyy-MM-dd HH:mm:ss2026-09-05 11:00:24,669 yyyy-MM-dd HH:mm:ss2026-09-05 11:00:24,679 yyyy-MM-dd HH:mm:ss2026-09-05 11:00:24,680 yyyy-MM-dd HH:mm:ss2026-09-05 11:00:24,687 yyyy-MM-dd HH:mm:ss2026-09-05 11:00:24,692 yyyy-MM-dd HH:mm:ss2026-09-05 11:00:24,694 yyyy-MM-dd HH:mm:ss2026-09-05 11:00:24,694 yyyy-MM-dd HH:mm:ss2026-09-05 11:00:24,701 yyyy-MM-dd HH:mm:ss2026-09-05 11:00:24,701 yyyy-MM-dd HH:mm:ss2026-09-05 11:00:24,703 yyyy-MM-dd HH:mm:ss2026-09-05 11:00:24,708 yyyy-MM-dd HH:mm:ss2026-09-05 11:00:24,708 yyyy-MM-dd HH:mm:ss2026-09-05 11:00:24,714 yyyy-MM-dd HH:mm:ss2026-09-05 11:00:24,715 yyyy-MM-dd HH:mm:ss2026-09-05 11:00:24,730 yyyy-MM-dd HH:mm:ss2026-09-05 11:00:24,731 yyyy-MM-dd HH:mm:ss2026-09-05 11:00:24,752 yyyy-MM-dd HH:mm:ss2026-09-05 11:00:24,752 yyyy-MM-dd HH:mm:ss2026-09-05 11:00:24,756 yyyy-MM-dd HH:mm:ss2026-09-05 11:00:24,771 yyyy-MM-dd HH:mm:ss2026-09-05 11:00:24,777 yyyy-MM-dd HH:mm:ss2026-09-05 11:00:24,779 yyyy-MM-dd HH:mm:ss2026-09-05 11:00:24,807 yyyy-MM-dd HH:mm:ss2026-09-05 11:00:24,812 yyyy-MM-dd HH:mm:ss2026-09-05 11:00:24,817 yyyy-MM-dd HH:mm:ss2026-09-05 11:00:24,820 yyyy-MM-dd HH:mm:ss2026-09-05 11:00:24,820 yyyy-MM-dd HH:mm:ss2026-09-05 11:00:24,820 yyyy-MM-dd HH:mm:ss2026-09-05 11:00:24,849 yyyy-MM-dd HH:mm:ss2026-09-05 11:00:24,849 yyyy-MM-dd HH:mm:ss2026-09-05 11:00:24,854 yyyy-MM-dd HH:mm:ss2026-09-05 11:00:24,864 yyyy-MM-dd HH:mm:ss2026-09-05 11:00:24,864 yyyy-MM-dd HH:mm:ss2026-09-05 11:00:24,873 yyyy-MM-dd HH:mm:ss2026-09-05 11:00:24,873 yyyy-MM-dd HH:mm:ss2026-09-05 11:00:24,875 yyyy-MM-dd HH:mm:ss2026-09-05 11:00:24,879 yyyy-MM-dd HH:mm:ss2026-09-05 11:00:24,881 yyyy-MM-dd HH:mm:ss2026-09-05 11:00:24,889 yyyy-MM-dd HH:mm:ss2026-09-05 11:00:24,892 yyyy-MM-dd HH:mm:ss2026-09-05 11:00:24,893 yyyy-MM-dd HH:mm:ss2026-09-05 11:00:24,898 yyyy-MM-dd HH:mm:ss2026-09-05 11:00:24,898 yyyy-MM-dd HH:mm:ss2026-09-05 11:00:24,899 yyyy-MM-dd HH:mm:ss2026-09-05 11:00:24,906 yyyy-MM-dd HH:mm:ss2026-09-05 11:00:24,937 yyyy-MM-dd HH:mm:ss2026-09-05 11:00:24,939 yyyy-MM-dd HH:mm:ss2026-09-05 11:00:25,018 yyyy-MM-dd HH:mm:ss2026-09-05 11:00:25,019 yyyy-MM-dd HH:mm:ss2026-09-05 11:00:25,027 yyyy-MM-dd HH:mm:ss2026-09-05 11:00:25,032 yyyy-MM-dd HH:mm:ss2026-09-05 11:00:25,037 yyyy-MM-dd HH:mm:ss2026-09-05 11:00:25,038 yyyy-MM-dd HH:mm:ss2026-09-05 11:00:25,040 yyyy-MM-dd HH:mm:ss2026-09-05 11:00:25,046 yyyy-MM-dd HH:mm:ss2026-09-05 11:00:25,054 yyyy-MM-dd HH:mm:ss2026-09-05 11:00:25,057 yyyy-MM-dd HH:mm:ss2026-09-05 11:00:25,057 yyyy-MM-dd HH:mm:ss2026-09-05 11:00:25,074 yyyy-MM-dd HH:mm:ss2026-09-05 11:00:25,078 yyyy-MM-dd HH:mm:ss2026-09-05 11:00:25,087 yyyy-MM-dd HH:mm:ss2026-09-05 11:00:25,087 yyyy-MM-dd HH:mm:ss2026-09-05 11:00:25,101 yyyy-MM-dd HH:mm:ss2026-09-05 11:00:25,107 yyyy-MM-dd HH:mm:ss2026-09-05 11:00:25,107 yyyy-MM-dd HH:mm:ss2026-09-05 11:00:25,132 yyyy-MM-dd HH:mm:ss2026-09-05 11:00:25,136 yyyy-MM-dd HH:mm:ss2026-09-05 11:00:25,137 yyyy-MM-dd HH:mm:ss2026-09-05 11:00:25,137 yyyy-MM-dd HH:mm:ss2026-09-05 11:00:25,137 yyyy-MM-dd HH:mm:ss2026-09-05 11:00:25,138 yyyy-MM-dd HH:mm:ss2026-09-05 11:00:25,138 yyyy-MM-dd HH:mm:ss2026-09-05 11:00:25,138 yyyy-MM-dd HH:mm:ss2026-09-05 11:00:25,159 yyyy-MM-dd HH:mm:ss2026-09-05 11:00:25,160 yyyy-MM-dd HH:mm:ss2026-09-05 11:00:25,160 yyyy-MM-dd HH:mm:ss2026-09-05 11:00:25,262 yyyy-MM-dd HH:mm:ss2026-09-05 11:00:25,264 yyyy-MM-dd HH:mm:ss2026-09-05 11:00:25,264 yyyy-MM-dd HH:mm:ss2026-09-05 11:00:25,270 yyyy-MM-dd HH:mm:ss2026-09-05 11:00:25,271 yyyy-MM-dd HH:mm:ss2026-09-05 11:00:25,275 yyyy-MM-dd HH:mm:ss2026-09-05 11:00:25,275 yyyy-MM-dd HH:mm:ss2026-09-05 11:00:25,278 yyyy-MM-dd HH:mm:ss2026-09-05 11:00:25,281 yyyy-MM-dd HH:mm:ss2026-09-05 11:00:25,290 yyyy-MM-dd HH:mm:ss2026-09-05 11:00:25,299 yyyy-MM-dd HH:mm:ss2026-09-05 11:00:25,301 yyyy-MM-dd HH:mm:ss2026-09-05 11:00:25,303 yyyy-MM-dd HH:mm:ss2026-09-05 11:00:25,307 yyyy-MM-dd HH:mm:ss2026-09-05 11:00:25,317 yyyy-MM-dd HH:mm:ss2026-09-05 11:00:25,318 yyyy-MM-dd HH:mm:ss2026-09-05 11:00:25,320 yyyy-MM-dd HH:mm:ss2026-09-05 11:00:25,338 yyyy-MM-dd HH:mm:ss2026-09-05 11:00:25,338 yyyy-MM-dd HH:mm:ss2026-09-05 11:00:25,353 yyyy-MM-dd HH:mm:ss2026-09-05 11:00:25,353 yyyy-MM-dd HH:mm:ss2026-09-05 11:00:25,358 yyyy-MM-dd HH:mm:ss2026-09-05 11:00:25,358 yyyy-MM-dd HH:mm:ss2026-09-05 11:00:25,365 yyyy-MM-dd HH:mm:ss2026-09-05 11:00:25,365 yyyy-MM-dd HH:mm:ss2026-09-05 11:00:25,366 yyyy-MM-dd HH:mm:ss2026-09-05 11:00:25,368 yyyy-MM-dd HH:mm:ss2026-09-05 11:00:25,368 yyyy-MM-dd HH:mm:ss2026-09-05 11:00:25,370 yyyy-MM-dd HH:mm:ss2026-09-05 11:00:25,371 yyyy-MM-dd HH:mm:ss2026-09-05 11:00:25,371 yyyy-MM-dd HH:mm:ss2026-09-05 11:00:25,386 yyyy-MM-dd HH:mm:ss2026-09-05 11:00:25,387 yyyy-MM-dd HH:mm:ss2026-09-05 11:00:25,388 yyyy-MM-dd HH:mm:ss2026-09-05 11:00:25,389 yyyy-MM-dd HH:mm:ss2026-09-05 11:00:25,389 yyyy-MM-dd HH:mm:ss2026-09-05 11:00:25,398 yyyy-MM-dd HH:mm:ss2026-09-05 11:00:25,398 yyyy-MM-dd HH:mm:ss2026-09-05 11:00:25,400 yyyy-MM-dd HH:mm:ss2026-09-05 11:00:25,419 yyyy-MM-dd HH:mm:ss2026-09-05 11:00:25,422 yyyy-MM-dd HH:mm:ss2026-09-05 11:00:25,424 yyyy-MM-dd HH:mm:ss2026-09-05 11:00:25,427 yyyy-MM-dd HH:mm:ss2026-09-05 11:00:25,432 yyyy-MM-dd HH:mm:ss2026-09-05 11:00:25,433 yyyy-MM-dd HH:mm:ss2026-09-05 11:00:25,434 yyyy-MM-dd HH:mm:ss2026-09-05 11:00:25,435 yyyy-MM-dd HH:mm:ss2026-09-05 11:00:25,436 yyyy-MM-dd HH:mm:ss2026-09-05 11:00:25,436 yyyy-MM-dd HH:mm:ss2026-09-05 11:00:25,437 yyyy-MM-dd HH:mm:ss2026-09-05 11:00:25,438 yyyy-MM-dd HH:mm:ss2026-09-05 11:00:25,440 yyyy-MM-dd HH:mm:ss2026-09-05 11:00:25,445 yyyy-MM-dd HH:mm:ss2026-09-05 11:00:25,446 yyyy-MM-dd HH:mm:ss2026-09-05 11:00:25,448 yyyy-MM-dd HH:mm:ss2026-09-05 11:00:25,450 yyyy-MM-dd HH:mm:ss2026-09-05 11:00:25,455 yyyy-MM-dd HH:mm:ss2026-09-05 11:00:25,456 yyyy-MM-dd HH:mm:ss2026-09-05 11:00:25,458 yyyy-MM-dd HH:mm:ss2026-09-05 11:00:25,464 yyyy-MM-dd HH:mm:ss2026-09-05 11:00:25,465 yyyy-MM-dd HH:mm:ss2026-09-05 11:00:25,466 yyyy-MM-dd HH:mm:ss2026-09-05 11:00:25,466 yyyy-MM-dd HH:mm:ss2026-09-05 11:00:25,468 yyyy-MM-dd HH:mm:ss2026-09-05 11:00:25,468 yyyy-MM-dd HH:mm:ss2026-09-05 11:00:25,469 yyyy-MM-dd HH:mm:ss2026-09-05 11:00:25,474 yyyy-MM-dd HH:mm:ss2026-09-05 11:00:25,474 yyyy-MM-dd HH:mm:ss2026-09-05 11:00:25,476 yyyy-MM-dd HH:mm:ss2026-09-05 11:00:25,477 yyyy-MM-dd HH:mm:ss2026-09-05 11:00:25,478 yyyy-MM-dd HH:mm:ss2026-09-05 11:00:25,481 yyyy-MM-dd HH:mm:ss2026-09-05 11:00:25,484 yyyy-MM-dd HH:mm:ss2026-09-05 11:00:25,488 yyyy-MM-dd HH:mm:ss2026-09-05 11:00:25,490 yyyy-MM-dd HH:mm:ss2026-09-05 11:00:25,510 yyyy-MM-dd HH:mm:ss2026-09-05 11:00:25,511 yyyy-MM-dd HH:mm:ss2026-09-05 11:00:25,513 yyyy-MM-dd HH:mm:ss2026-09-05 11:00:25,514 yyyy-MM-dd HH:mm:ss2026-09-05 11:00:25,515 yyyy-MM-dd HH:mm:ss2026-09-05 11:00:25,518 yyyy-MM-dd HH:mm:ss2026-09-05 11:00:25,537 yyyy-MM-dd HH:mm:ss2026-09-05 11:00:25,538 yyyy-MM-dd HH:mm:ss2026-09-05 11:00:25,540 yyyy-MM-dd HH:mm:ss2026-09-05 11:00:25,549 yyyy-MM-dd HH:mm:ss2026-09-05 11:00:25,550 yyyy-MM-dd HH:mm:ss2026-09-05 11:00:25,550 yyyy-MM-dd HH:mm:ss2026-09-05 11:00:25,552 yyyy-MM-dd HH:mm:ss2026-09-05 11:00:25,555 yyyy-MM-dd HH:mm:ss2026-09-05 11:00:25,556 yyyy-MM-dd HH:mm:ss2026-09-05 11:00:25,559 yyyy-MM-dd HH:mm:ss2026-09-05 11:00:25,559 yyyy-MM-dd HH:mm:ss2026-09-05 11:00:25,586 yyyy-MM-dd HH:mm:ss2026-09-05 11:00:25,587 yyyy-MM-dd HH:mm:ss2026-09-05 11:00:25,588 yyyy-MM-dd HH:mm:ss2026-09-05 11:00:25,589 yyyy-MM-dd HH:mm:ss2026-09-05 11:00:25,590 yyyy-MM-dd HH:mm:ss2026-09-05 11:00:25,591 yyyy-MM-dd HH:mm:ss2026-09-05 11:00:25,595 yyyy-MM-dd HH:mm:ss2026-09-05 11:00:25,596 yyyy-MM-dd HH:mm:ss2026-09-05 11:00:25,597 yyyy-MM-dd HH:mm:ss2026-09-05 11:00:25,598 yyyy-MM-dd HH:mm:ss2026-09-05 11:00:25,600 yyyy-MM-dd HH:mm:ss2026-09-05 11:00:25,601 yyyy-MM-dd HH:mm:ss2026-09-05 11:00:25,602 yyyy-MM-dd HH:mm:ss2026-09-05 11:00:25,604 yyyy-MM-dd HH:mm:ss2026-09-05 11:00:25,604 yyyy-MM-dd HH:mm:ss2026-09-05 11:00:25,612 yyyy-MM-dd HH:mm:ss2026-09-05 11:00:25,613 yyyy-MM-dd HH:mm:ss2026-09-05 11:00:25,614 yyyy-MM-dd HH:mm:ss2026-09-05 11:00:25,621 yyyy-MM-dd HH:mm:ss2026-09-05 11:00:25,621 yyyy-MM-dd HH:mm:ss2026-09-05 11:00:25,622 yyyy-MM-dd HH:mm:ss2026-09-05 11:00:25,623 yyyy-MM-dd HH:mm:ss2026-09-05 11:00:25,628 yyyy-MM-dd HH:mm:ss2026-09-05 11:00:25,629 yyyy-MM-dd HH:mm:ss2026-09-05 11:00:25,631 yyyy-MM-dd HH:mm:ss2026-09-05 11:00:25,632 yyyy-MM-dd HH:mm:ss2026-09-05 11:00:25,633 yyyy-MM-dd HH:mm:ss2026-09-05 11:00:25,634 yyyy-MM-dd HH:mm:ss2026-09-05 11:00:25,635 yyyy-MM-dd HH:mm:ss2026-09-05 11:00:25,636 yyyy-MM-dd HH:mm:ss2026-09-05 11:00:25,636 yyyy-MM-dd HH:mm:ss2026-09-05 11:00:25,654 yyyy-MM-dd HH:mm:ss2026-09-05 11:00:25,663 yyyy-MM-dd HH:mm:ss2026-09-05 11:00:25,669 yyyy-MM-dd HH:mm:ss2026-09-05 11:00:25,673 yyyy-MM-dd HH:mm:ss2026-09-05 11:00:25,676 yyyy-MM-dd HH:mm:ss2026-09-05 11:00:25,678 yyyy-MM-dd HH:mm:ss2026-09-05 11:00:25,679 yyyy-MM-dd HH:mm:ss2026-09-05 11:00:25,681 yyyy-MM-dd HH:mm:ss2026-09-05 11:00:25,684 yyyy-MM-dd HH:mm:ss2026-09-05 11:00:25,684 yyyy-MM-dd HH:mm:ss2026-09-05 11:00:25,685 yyyy-MM-dd HH:mm:ss2026-09-05 11:00:25,690 yyyy-MM-dd HH:mm:ss2026-09-05 11:00:25,692 yyyy-MM-dd HH:mm:ss2026-09-05 11:00:25,692 yyyy-MM-dd HH:mm:ss2026-09-05 11:00:25,694 yyyy-MM-dd HH:mm:ss2026-09-05 11:00:25,695 yyyy-MM-dd HH:mm:ss2026-09-05 11:00:25,697 yyyy-MM-dd HH:mm:ss2026-09-05 11:00:25,703 yyyy-MM-dd HH:mm:ss2026-09-05 11:00:25,706 yyyy-MM-dd HH:mm:ss2026-09-05 11:00:25,706 yyyy-MM-dd HH:mm:ss2026-09-05 11:00:25,707 yyyy-MM-dd HH:mm:ss2026-09-05 11:00:25,736 yyyy-MM-dd HH:mm:ss2026-09-05 11:00:25,737 yyyy-MM-dd HH:mm:ss2026-09-05 11:00:25,738 yyyy-MM-dd HH:mm:ss2026-09-05 11:00:25,739 yyyy-MM-dd HH:mm:ss2026-09-05 11:00:25,742 yyyy-MM-dd HH:mm:ss2026-09-05 11:00:25,744 yyyy-MM-dd HH:mm:ss2026-09-05 11:00:25,749 yyyy-MM-dd HH:mm:ss2026-09-05 11:00:25,750 yyyy-MM-dd HH:mm:ss2026-09-05 11:00:25,752 yyyy-MM-dd HH:mm:ss2026-09-05 11:00:25,753 yyyy-MM-dd HH:mm:ss2026-09-05 11:00:25,754 yyyy-MM-dd HH:mm:ss2026-09-05 11:00:25,755 yyyy-MM-dd HH:mm:ss2026-09-05 11:00:25,756 yyyy-MM-dd HH:mm:ss2026-09-05 11:00:25,758 yyyy-MM-dd HH:mm:ss2026-09-05 11:00:25,759 yyyy-MM-dd HH:mm:ss2026-09-05 11:00:25,761 yyyy-MM-dd HH:mm:ss2026-09-05 11:00:25,762 yyyy-MM-dd HH:mm:ss2026-09-05 11:00:25,763 yyyy-MM-dd HH:mm:ss2026-09-05 11:00:25,763 yyyy-MM-dd HH:mm:ss2026-09-05 11:00:25,768 yyyy-MM-dd HH:mm:ss2026-09-05 11:00:25,770 yyyy-MM-dd HH:mm:ss2026-09-05 11:00:25,771 yyyy-MM-dd HH:mm:ss2026-09-05 11:00:25,772 yyyy-MM-dd HH:mm:ss2026-09-05 11:00:25,772 yyyy-MM-dd HH:mm:ss2026-09-05 11:00:25,793 yyyy-MM-dd HH:mm:ss2026-09-05 11:00:25,795 yyyy-MM-dd HH:mm:ss2026-09-05 11:00:25,798 yyyy-MM-dd HH:mm:ss2026-09-05 11:00:25,804 yyyy-MM-dd HH:mm:ss2026-09-05 11:00:25,804 yyyy-MM-dd HH:mm:ss2026-09-05 11:00:25,804 yyyy-MM-dd HH:mm:ss2026-09-05 11:00:25,804 yyyy-MM-dd HH:mm:ss2026-09-05 11:00:25,804 yyyy-MM-dd HH:mm:ss2026-09-05 11:00:25,804 yyyy-MM-dd HH:mm:ss2026-09-05 11:00:25,804 yyyy-MM-dd HH:mm:ss2026-09-05 11:00:25,841 yyyy-MM-dd HH:mm:ss2026-09-05 11:00:25,872 yyyy-MM-dd HH:mm:ss2026-09-05 11:00:25,874 yyyy-MM-dd HH:mm:ss2026-09-05 11:00:25,874 yyyy-MM-dd HH:mm:ss2026-09-05 11:00:25,874 yyyy-MM-dd HH:mm:ss2026-09-05 11:00:25,874 yyyy-MM-dd HH:mm:ss2026-09-05 11:00:25,889 yyyy-MM-dd HH:mm:ss2026-09-05 11:00:25,890 yyyy-MM-dd HH:mm:ss2026-09-05 11:00:25,892 yyyy-MM-dd HH:mm:ss2026-09-05 11:00:25,893 yyyy-MM-dd HH:mm:ss2026-09-05 11:00:26,054 yyyy-MM-dd HH:mm:ss2026-09-05 11:00:26,054 yyyy-MM-dd HH:mm:ss2026-09-05 11:00:26,054 yyyy-MM-dd HH:mm:ss2026-09-05 11:00:26,054 yyyy-MM-dd HH:mm:ss2026-09-05 11:00:26,055 yyyy-MM-dd HH:mm:ss2026-09-05 11:00:26,095 yyyy-MM-dd HH:mm:ss2026-09-05 11:00:26,098 yyyy-MM-dd HH:mm:ss2026-09-05 11:00:26,098 yyyy-MM-dd HH:mm:ss2026-09-05 11:00:26,098 yyyy-MM-dd HH:mm:ss2026-09-05 11:00:26,130 yyyy-MM-dd HH:mm:ss2026-09-05 11:00:26,136 yyyy-MM-dd HH:mm:ss2026-09-05 11:00:26,271 yyyy-MM-dd HH:mm:ss2026-09-05 11:00:26,271 yyyy-MM-dd HH:mm:ss2026-09-05 11:00:26,272 yyyy-MM-dd HH:mm:ss2026-09-05 11:00:26,272 yyyy-MM-dd HH:mm:ss2026-09-05 11:00:26,275 yyyy-MM-dd HH:mm:ss2026-09-05 11:00:26,277 yyyy-MM-dd HH:mm:ss2026-09-05 11:00:26,277 yyyy-MM-dd HH:mm:ss2026-09-05 11:00:26,278 yyyy-MM-dd HH:mm:ss2026-09-05 11:00:26,369 yyyy-MM-dd HH:mm:ss2026-09-05 11:00:26,402 yyyy-MM-dd HH:mm:ss2026-09-05 11:00:26,411 yyyy-MM-dd HH:mm:ss2026-09-05 11:00:26,412 yyyy-MM-dd HH:mm:ss2026-09-05 11:00:26,415 yyyy-MM-dd HH:mm:ss2026-09-05 11:00:26,421 yyyy-MM-dd HH:mm:ss2026-09-05 11:00:26,421 yyyy-MM-dd HH:mm:ss2026-09-05 11:00:26,421 yyyy-MM-dd HH:mm:ss2026-09-05 11:00:26,423 yyyy-MM-dd HH:mm:ss2026-09-05 11:00:26,523 yyyy-MM-dd HH:mm:ss2026-09-05 11:00:26,530 yyyy-MM-dd HH:mm:ss2026-09-05 11:00:26,530 yyyy-MM-dd HH:mm:ss2026-09-05 11:00:26,534 yyyy-MM-dd HH:mm:ss2026-09-05 11:00:26,535 yyyy-MM-dd HH:mm:ss2026-09-05 11:00:26,551 yyyy-MM-dd HH:mm:ss2026-09-05 11:00:26,558 yyyy-MM-dd HH:mm:ss2026-09-05 11:00:26,558 yyyy-MM-dd HH:mm:ss2026-09-05 11:00:26,558 yyyy-MM-dd HH:mm:ss2026-09-05 11:00:26,611 yyyy-MM-dd HH:mm:ss2026-09-05 11:00:26,622 yyyy-MM-dd HH:mm:ss2026-09-05 11:00:26,622 yyyy-MM-dd HH:mm:ss2026-09-05 11:00:26,622 yyyy-MM-dd HH:mm:ss2026-09-05 11:00:27,831 yyyy-MM-dd HH:mm:ss2026-09-05 11:00:27,840 yyyy-MM-dd HH:mm:ss2026-09-05 11:00:27,840 yyyy-MM-dd HH:mm:ss2026-09-05 11:00:27,841 yyyy-MM-dd HH:mm:ss2026-09-05 11:00:27,852 yyyy-MM-dd HH:mm:ss2026-09-05 11:00:27,854 yyyy-MM-dd HH:mm:ss2026-09-05 11:00:27,854 yyyy-MM-dd HH:mm:ss2026-09-05 11:00:27,854 yyyy-MM-dd HH:mm:ss2026-09-05 11:00:27,855 yyyy-MM-dd HH:mm:ss2026-09-05 11:00:27,856 yyyy-MM-dd HH:mm:ss2026-09-05 11:00:27,860 yyyy-MM-dd HH:mm:ss2026-09-05 11:00:27,861 yyyy-MM-dd HH:mm:ss2026-09-05 11:00:27,864 yyyy-MM-dd HH:mm:ss2026-09-05 11:00:27,897 yyyy-MM-dd HH:mm:ss2026-09-05 11:00:27,926 yyyy-MM-dd HH:mm:ss2026-09-05 11:00:28,103 yyyy-MM-dd HH:mm:ss2026-09-05 11:00:28,103 yyyy-MM-dd HH:mm:ss2026-09-05 11:00:28,104 yyyy-MM-dd HH:mm:ss2026-09-05 11:00:35,513 yyyy-MM-dd HH:mm:ss2026-09-05 11:00:35,520 yyyy-MM-dd HH:mm:ss2026-09-05 11:00:35,520 yyyy-MM-dd HH:mm:ss2026-09-05 11:00:35,521 yyyy-MM-dd HH:mm:ss2026-09-05 11:00:35,526 yyyy-MM-dd HH:mm:ss2026-09-05 11:00:35,528 yyyy-MM-dd HH:mm:ss2026-09-05 11:00:35,528 yyyy-MM-dd HH:mm:ss2026-09-05 11:00:35,528 yyyy-MM-dd HH:mm:ss2026-09-05 11:00:35,529 yyyy-MM-dd HH:mm:ss2026-09-05 11:00:35,530 yyyy-MM-dd HH:mm:ss2026-09-05 11:00:35,535 yyyy-MM-dd HH:mm:ss2026-09-05 11:00:35,535 yyyy-MM-dd HH:mm:ss2026-09-05 11:00:35,536 yyyy-MM-dd HH:mm:ss2026-09-05 11:00:35,542 yyyy-MM-dd HH:mm:ss2026-09-05 11:00:35,544 yyyy-MM-dd HH:mm:ss2026-09-05 11:00:35,544 yyyy-MM-dd HH:mm:ss2026-09-05 11:00:35,545 yyyy-MM-dd HH:mm:ss2026-09-05 11:00:48,142 yyyy-MM-dd HH:mm:ss2026-09-05 11:00:48,143 yyyy-MM-dd HH:mm:ss2026-09-05 11:01:08,218 yyyy-MM-dd HH:mm:ss2026-09-05 11:01:08,219 yyyy-MM-dd HH:mm:ss2026-09-05 11:01:08,228 yyyy-MM-dd HH:mm:ss2026-09-05 11:01:08,230 yyyy-MM-dd HH:mm:ss2026-09-05 11:01:08,288 yyyy-MM-dd HH:mm:ss2026-09-05 11:01:08,290 yyyy-MM-dd HH:mm:ss2026-09-05 11:01:08,290 yyyy-MM-dd HH:mm:ss2026-09-05 11:01:08,298 yyyy-MM-dd HH:mm:ss2026-09-05 11:01:08,298 yyyy-MM-dd HH:mm:ss2026-09-05 11:01:08,298 yyyy-MM-dd HH:mm:ss2026-09-05 11:01:08,298 yyyy-MM-dd HH:mm:ss2026-09-05 11:01:08,298 yyyy-MM-dd HH:mm:ss2026-09-05 11:01:08,310 yyyy-MM-dd HH:mm:ss2026-09-05 11:01:08,310 yyyy-MM-dd HH:mm:ss2026-09-05 11:01:08,322 yyyy-MM-dd HH:mm:ss2026-09-05 11:01:08,322 yyyy-MM-dd HH:mm:ss2026-09-05 11:03:18,979 yyyy-MM-dd HH:mm:ss2026-09-05 11:03:18,982 yyyy-MM-dd HH:mm:ss2026-09-05 11:03:18,983 yyyy-MM-dd HH:mm:ss2026-09-05 11:03:18,984 yyyy-MM-dd HH:mm:ss2026-09-05 11:03:19,106 yyyy-MM-dd HH:mm:ss2026-09-05 11:03:19,106 yyyy-MM-dd HH:mm:ss2026-09-05 11:03:19,107 yyyy-MM-dd HH:mm:ss2026-09-05 11:03:19,107 yyyy-MM-dd HH:mm:ss2026-09-05 11:03:19,107 yyyy-MM-dd HH:mm:ss2026-09-05 11:03:19,108 yyyy-MM-dd HH:mm:ss2026-09-05 11:03:19,145 yyyy-MM-dd HH:mm:ss2026-09-05 11:03:19,173 yyyy-MM-dd HH:mm:ss2026-09-05 11:03:19,347 yyyy-MM-dd HH:mm:ss2026-09-05 11:03:19,360 yyyy-MM-dd HH:mm:ss2026-09-05 11:03:19,395 yyyy-MM-dd HH:mm:ss2026-09-05 11:03:19,398 yyyy-MM-dd HH:mm:ss2026-09-05 11:03:19,436 yyyy-MM-dd HH:mm:ss2026-09-05 11:03:19,449 yyyy-MM-dd HH:mm:ss2026-09-05 11:03:19,482 yyyy-MM-dd HH:mm:ss2026-09-05 11:03:19,486 yyyy-MM-dd HH:mm:ss2026-09-05 11:03:20,153 yyyy-MM-dd HH:mm:ss2026-09-05 11:03:20,154 yyyy-MM-dd HH:mm:ss2026-09-05 11:03:20,189 yyyy-MM-dd HH:mm:ss2026-09-05 11:03:20,191 yyyy-MM-dd HH:mm:ss2026-09-05 11:03:20,192 yyyy-MM-dd HH:mm:ss2026-09-05 11:03:20,192 yyyy-MM-dd HH:mm:ss2026-09-05 11:03:20,217 yyyy-MM-dd HH:mm:ss2026-09-05 11:03:20,220 yyyy-MM-dd HH:mm:ss2026-09-05 11:03:20,324 yyyy-MM-dd HH:mm:ss2026-09-05 11:03:20,662 yyyy-MM-dd HH:mm:ss2026-09-05 11:03:20,686 yyyy-MM-dd HH:mm:ss2026-09-05 11:03:20,687 yyyy-MM-dd HH:mm:ss2026-09-05 11:03:20,687 yyyy-MM-dd HH:mm:ss2026-09-05 11:03:20,687 yyyy-MM-dd HH:mm:ss2026-09-05 11:03:20,688 yyyy-MM-dd HH:mm:ss2026-09-05 11:03:22,214 yyyy-MM-dd HH:mm:ss2026-09-05 11:03:22,235 yyyy-MM-dd HH:mm:ss2026-09-05 11:03:22,257 yyyy-MM-dd HH:mm:ss2026-09-05 11:03:22,258 yyyy-MM-dd HH:mm:ss2026-09-05 11:03:22,293 yyyy-MM-dd HH:mm:ss2026-09-05 11:03:22,351 yyyy-MM-dd HH:mm:ss2026-09-05 11:03:22,353 yyyy-MM-dd HH:mm:ss2026-09-05 11:03:22,353 yyyy-MM-dd HH:mm:ss2026-09-05 11:03:22,375 yyyy-MM-dd HH:mm:ss2026-09-05 11:03:23,081 yyyy-MM-dd HH:mm:ss2026-09-05 11:03:23,092 yyyy-MM-dd HH:mm:ss2026-09-05 11:03:23,093 yyyy-MM-dd HH:mm:ss2026-09-05 11:03:23,257 yyyy-MM-dd HH:mm:ss2026-09-05 11:03:23,264 yyyy-MM-dd HH:mm:ss2026-09-05 11:03:23,266 yyyy-MM-dd HH:mm:ss2026-09-05 11:03:23,274 yyyy-MM-dd HH:mm:ss2026-09-05 11:03:23,277 yyyy-MM-dd HH:mm:ss2026-09-05 11:03:23,278 yyyy-MM-dd HH:mm:ss2026-09-05 11:03:23,294 yyyy-MM-dd HH:mm:ss2026-09-05 11:03:23,298 yyyy-MM-dd HH:mm:ss2026-09-05 11:03:23,307 yyyy-MM-dd HH:mm:ss2026-09-05 11:03:23,308 yyyy-MM-dd HH:mm:ss2026-09-05 11:03:23,309 yyyy-MM-dd HH:mm:ss2026-09-05 11:03:23,316 yyyy-MM-dd HH:mm:ss2026-09-05 11:03:23,325 yyyy-MM-dd HH:mm:ss2026-09-05 11:03:23,329 yyyy-MM-dd HH:mm:ss2026-09-05 11:03:23,359 yyyy-MM-dd HH:mm:ss2026-09-05 11:03:23,382 yyyy-MM-dd HH:mm:ss2026-09-05 11:03:23,403 yyyy-MM-dd HH:mm:ss2026-09-05 11:03:23,433 yyyy-MM-dd HH:mm:ss2026-09-05 11:03:23,433 yyyy-MM-dd HH:mm:ss2026-09-05 11:03:23,437 yyyy-MM-dd HH:mm:ss2026-09-05 11:03:23,440 yyyy-MM-dd HH:mm:ss2026-09-05 11:03:23,440 yyyy-MM-dd HH:mm:ss2026-09-05 11:03:23,479 yyyy-MM-dd HH:mm:ss2026-09-05 11:03:23,483 yyyy-MM-dd HH:mm:ss2026-09-05 11:03:23,484 yyyy-MM-dd HH:mm:ss2026-09-05 11:03:23,754 yyyy-MM-dd HH:mm:ss2026-09-05 11:03:23,758 yyyy-MM-dd HH:mm:ss2026-09-05 11:03:23,759 yyyy-MM-dd HH:mm:ss2026-09-05 11:03:23,762 yyyy-MM-dd HH:mm:ss2026-09-05 11:03:23,774 yyyy-MM-dd HH:mm:ss2026-09-05 11:03:23,775 yyyy-MM-dd HH:mm:ss2026-09-05 11:03:23,793 yyyy-MM-dd HH:mm:ss2026-09-05 11:03:23,794 yyyy-MM-dd HH:mm:ss2026-09-05 11:03:23,804 yyyy-MM-dd HH:mm:ss2026-09-05 11:03:23,836 yyyy-MM-dd HH:mm:ss2026-09-05 11:03:23,840 yyyy-MM-dd HH:mm:ss2026-09-05 11:03:23,883 yyyy-MM-dd HH:mm:ss2026-09-05 11:03:23,885 yyyy-MM-dd HH:mm:ss2026-09-05 11:03:23,891 yyyy-MM-dd HH:mm:ss2026-09-05 11:03:23,891 yyyy-MM-dd HH:mm:ss2026-09-05 11:03:23,899 yyyy-MM-dd HH:mm:ss2026-09-05 11:03:23,900 yyyy-MM-dd HH:mm:ss2026-09-05 11:03:23,901 yyyy-MM-dd HH:mm:ss2026-09-05 11:03:23,909 yyyy-MM-dd HH:mm:ss2026-09-05 11:03:23,941 yyyy-MM-dd HH:mm:ss2026-09-05 11:03:24,005 yyyy-MM-dd HH:mm:ss2026-09-05 11:03:24,006 yyyy-MM-dd HH:mm:ss2026-09-05 11:03:24,009 yyyy-MM-dd HH:mm:ss2026-09-05 11:03:24,044 yyyy-MM-dd HH:mm:ss2026-09-05 11:03:24,052 yyyy-MM-dd HH:mm:ss2026-09-05 11:03:24,053 yyyy-MM-dd HH:mm:ss2026-09-05 11:03:24,059 yyyy-MM-dd HH:mm:ss2026-09-05 11:03:24,063 yyyy-MM-dd HH:mm:ss2026-09-05 11:03:24,064 yyyy-MM-dd HH:mm:ss2026-09-05 11:03:24,071 yyyy-MM-dd HH:mm:ss2026-09-05 11:03:24,073 yyyy-MM-dd HH:mm:ss2026-09-05 11:03:24,076 yyyy-MM-dd HH:mm:ss2026-09-05 11:03:24,104 yyyy-MM-dd HH:mm:ss2026-09-05 11:03:24,105 yyyy-MM-dd HH:mm:ss2026-09-05 11:03:24,107 yyyy-MM-dd HH:mm:ss2026-09-05 11:03:24,108 yyyy-MM-dd HH:mm:ss2026-09-05 11:03:24,114 yyyy-MM-dd HH:mm:ss2026-09-05 11:03:24,158 yyyy-MM-dd HH:mm:ss2026-09-05 11:03:24,159 yyyy-MM-dd HH:mm:ss2026-09-05 11:03:24,159 yyyy-MM-dd HH:mm:ss2026-09-05 11:03:24,159 yyyy-MM-dd HH:mm:ss2026-09-05 11:03:24,168 yyyy-MM-dd HH:mm:ss2026-09-05 11:03:24,169 yyyy-MM-dd HH:mm:ss2026-09-05 11:03:24,256 yyyy-MM-dd HH:mm:ss2026-09-05 11:03:24,257 yyyy-MM-dd HH:mm:ss2026-09-05 11:03:24,258 yyyy-MM-dd HH:mm:ss2026-09-05 11:03:24,262 yyyy-MM-dd HH:mm:ss2026-09-05 11:03:24,262 yyyy-MM-dd HH:mm:ss2026-09-05 11:03:24,266 yyyy-MM-dd HH:mm:ss2026-09-05 11:03:24,266 yyyy-MM-dd HH:mm:ss2026-09-05 11:03:24,269 yyyy-MM-dd HH:mm:ss2026-09-05 11:03:24,277 yyyy-MM-dd HH:mm:ss2026-09-05 11:03:24,310 yyyy-MM-dd HH:mm:ss2026-09-05 11:03:24,310 yyyy-MM-dd HH:mm:ss2026-09-05 11:03:24,317 yyyy-MM-dd HH:mm:ss2026-09-05 11:03:24,318 yyyy-MM-dd HH:mm:ss2026-09-05 11:03:24,320 yyyy-MM-dd HH:mm:ss2026-09-05 11:03:24,329 yyyy-MM-dd HH:mm:ss2026-09-05 11:03:24,347 yyyy-MM-dd HH:mm:ss2026-09-05 11:03:24,628 yyyy-MM-dd HH:mm:ss2026-09-05 11:03:24,629 yyyy-MM-dd HH:mm:ss2026-09-05 11:03:24,631 yyyy-MM-dd HH:mm:ss2026-09-05 11:03:24,837 yyyy-MM-dd HH:mm:ss2026-09-05 11:03:24,881 yyyy-MM-dd HH:mm:ss2026-09-05 11:03:24,887 yyyy-MM-dd HH:mm:ss2026-09-05 11:03:24,887 yyyy-MM-dd HH:mm:ss2026-09-05 11:03:25,094 yyyy-MM-dd HH:mm:ss2026-09-05 11:03:25,098 yyyy-MM-dd HH:mm:ss2026-09-05 11:03:25,110 yyyy-MM-dd HH:mm:ss2026-09-05 11:03:25,111 yyyy-MM-dd HH:mm:ss2026-09-05 11:03:25,117 yyyy-MM-dd HH:mm:ss2026-09-05 11:03:25,118 yyyy-MM-dd HH:mm:ss2026-09-05 11:03:25,126 yyyy-MM-dd HH:mm:ss2026-09-05 11:03:25,128 yyyy-MM-dd HH:mm:ss2026-09-05 11:03:25,136 yyyy-MM-dd HH:mm:ss2026-09-05 11:03:25,149 yyyy-MM-dd HH:mm:ss2026-09-05 11:03:25,150 yyyy-MM-dd HH:mm:ss2026-09-05 11:03:25,157 yyyy-MM-dd HH:mm:ss2026-09-05 11:03:25,158 yyyy-MM-dd HH:mm:ss2026-09-05 11:03:25,161 yyyy-MM-dd HH:mm:ss2026-09-05 11:03:25,168 yyyy-MM-dd HH:mm:ss2026-09-05 11:03:25,168 yyyy-MM-dd HH:mm:ss2026-09-05 11:03:25,171 yyyy-MM-dd HH:mm:ss2026-09-05 11:03:25,171 yyyy-MM-dd HH:mm:ss2026-09-05 11:03:25,173 yyyy-MM-dd HH:mm:ss2026-09-05 11:03:25,175 yyyy-MM-dd HH:mm:ss2026-09-05 11:03:25,178 yyyy-MM-dd HH:mm:ss2026-09-05 11:03:25,187 yyyy-MM-dd HH:mm:ss2026-09-05 11:03:25,187 yyyy-MM-dd HH:mm:ss2026-09-05 11:03:25,203 yyyy-MM-dd HH:mm:ss2026-09-05 11:03:25,273 yyyy-MM-dd HH:mm:ss2026-09-05 11:03:25,275 yyyy-MM-dd HH:mm:ss2026-09-05 11:03:25,279 yyyy-MM-dd HH:mm:ss2026-09-05 11:03:25,281 yyyy-MM-dd HH:mm:ss2026-09-05 11:03:25,284 yyyy-MM-dd HH:mm:ss2026-09-05 11:03:25,284 yyyy-MM-dd HH:mm:ss2026-09-05 11:03:25,309 yyyy-MM-dd HH:mm:ss2026-09-05 11:03:25,309 yyyy-MM-dd HH:mm:ss2026-09-05 11:03:25,328 yyyy-MM-dd HH:mm:ss2026-09-05 11:03:25,329 yyyy-MM-dd HH:mm:ss2026-09-05 11:03:25,332 yyyy-MM-dd HH:mm:ss2026-09-05 11:03:25,339 yyyy-MM-dd HH:mm:ss2026-09-05 11:03:25,339 yyyy-MM-dd HH:mm:ss2026-09-05 11:03:25,343 yyyy-MM-dd HH:mm:ss2026-09-05 11:03:25,354 yyyy-MM-dd HH:mm:ss2026-09-05 11:03:25,355 yyyy-MM-dd HH:mm:ss2026-09-05 11:03:25,357 yyyy-MM-dd HH:mm:ss2026-09-05 11:03:25,358 yyyy-MM-dd HH:mm:ss2026-09-05 11:03:25,364 yyyy-MM-dd HH:mm:ss2026-09-05 11:03:25,364 yyyy-MM-dd HH:mm:ss2026-09-05 11:03:25,367 yyyy-MM-dd HH:mm:ss2026-09-05 11:03:25,383 yyyy-MM-dd HH:mm:ss2026-09-05 11:03:25,383 yyyy-MM-dd HH:mm:ss2026-09-05 11:03:25,385 yyyy-MM-dd HH:mm:ss2026-09-05 11:03:25,388 yyyy-MM-dd HH:mm:ss2026-09-05 11:03:25,388 yyyy-MM-dd HH:mm:ss2026-09-05 11:03:25,388 yyyy-MM-dd HH:mm:ss2026-09-05 11:03:25,388 yyyy-MM-dd HH:mm:ss2026-09-05 11:03:25,417 yyyy-MM-dd HH:mm:ss2026-09-05 11:03:25,421 yyyy-MM-dd HH:mm:ss2026-09-05 11:03:25,422 yyyy-MM-dd HH:mm:ss2026-09-05 11:03:25,431 yyyy-MM-dd HH:mm:ss2026-09-05 11:03:25,431 yyyy-MM-dd HH:mm:ss2026-09-05 11:03:25,434 yyyy-MM-dd HH:mm:ss2026-09-05 11:03:25,437 yyyy-MM-dd HH:mm:ss2026-09-05 11:03:25,451 yyyy-MM-dd HH:mm:ss2026-09-05 11:03:25,451 yyyy-MM-dd HH:mm:ss2026-09-05 11:03:25,509 yyyy-MM-dd HH:mm:ss2026-09-05 11:03:25,513 yyyy-MM-dd HH:mm:ss2026-09-05 11:03:25,514 yyyy-MM-dd HH:mm:ss2026-09-05 11:03:25,515 yyyy-MM-dd HH:mm:ss2026-09-05 11:03:25,532 yyyy-MM-dd HH:mm:ss2026-09-05 11:03:25,533 yyyy-MM-dd HH:mm:ss2026-09-05 11:03:25,534 yyyy-MM-dd HH:mm:ss2026-09-05 11:03:25,535 yyyy-MM-dd HH:mm:ss2026-09-05 11:03:25,540 yyyy-MM-dd HH:mm:ss2026-09-05 11:03:25,545 yyyy-MM-dd HH:mm:ss2026-09-05 11:03:25,555 yyyy-MM-dd HH:mm:ss2026-09-05 11:03:25,570 yyyy-MM-dd HH:mm:ss2026-09-05 11:03:25,580 yyyy-MM-dd HH:mm:ss2026-09-05 11:03:25,581 yyyy-MM-dd HH:mm:ss2026-09-05 11:03:25,581 yyyy-MM-dd HH:mm:ss2026-09-05 11:03:25,583 yyyy-MM-dd HH:mm:ss2026-09-05 11:03:25,585 yyyy-MM-dd HH:mm:ss2026-09-05 11:03:25,599 yyyy-MM-dd HH:mm:ss2026-09-05 11:03:25,600 yyyy-MM-dd HH:mm:ss2026-09-05 11:03:25,603 yyyy-MM-dd HH:mm:ss2026-09-05 11:03:25,604 yyyy-MM-dd HH:mm:ss2026-09-05 11:03:25,605 yyyy-MM-dd HH:mm:ss2026-09-05 11:03:25,605 yyyy-MM-dd HH:mm:ss2026-09-05 11:03:25,615 yyyy-MM-dd HH:mm:ss2026-09-05 11:03:25,660 yyyy-MM-dd HH:mm:ss2026-09-05 11:03:25,660 yyyy-MM-dd HH:mm:ss2026-09-05 11:03:25,663 yyyy-MM-dd HH:mm:ss2026-09-05 11:03:25,664 yyyy-MM-dd HH:mm:ss2026-09-05 11:03:25,668 yyyy-MM-dd HH:mm:ss2026-09-05 11:03:25,672 yyyy-MM-dd HH:mm:ss2026-09-05 11:03:25,672 yyyy-MM-dd HH:mm:ss2026-09-05 11:03:25,681 yyyy-MM-dd HH:mm:ss2026-09-05 11:03:25,685 yyyy-MM-dd HH:mm:ss2026-09-05 11:03:25,686 yyyy-MM-dd HH:mm:ss2026-09-05 11:03:25,689 yyyy-MM-dd HH:mm:ss2026-09-05 11:03:25,698 yyyy-MM-dd HH:mm:ss2026-09-05 11:03:25,701 yyyy-MM-dd HH:mm:ss2026-09-05 11:03:25,701 yyyy-MM-dd HH:mm:ss2026-09-05 11:03:25,701 yyyy-MM-dd HH:mm:ss2026-09-05 11:03:25,711 yyyy-MM-dd HH:mm:ss2026-09-05 11:03:25,711 yyyy-MM-dd HH:mm:ss2026-09-05 11:03:25,725 yyyy-MM-dd HH:mm:ss2026-09-05 11:03:25,726 yyyy-MM-dd HH:mm:ss2026-09-05 11:03:25,813 yyyy-MM-dd HH:mm:ss2026-09-05 11:03:25,813 yyyy-MM-dd HH:mm:ss2026-09-05 11:03:25,826 yyyy-MM-dd HH:mm:ss2026-09-05 11:03:25,829 yyyy-MM-dd HH:mm:ss2026-09-05 11:03:25,829 yyyy-MM-dd HH:mm:ss2026-09-05 11:03:25,858 yyyy-MM-dd HH:mm:ss2026-09-05 11:03:25,858 yyyy-MM-dd HH:mm:ss2026-09-05 11:03:25,931 yyyy-MM-dd HH:mm:ss2026-09-05 11:03:25,959 yyyy-MM-dd HH:mm:ss2026-09-05 11:03:26,083 yyyy-MM-dd HH:mm:ss2026-09-05 11:03:26,087 yyyy-MM-dd HH:mm:ss2026-09-05 11:03:26,101 yyyy-MM-dd HH:mm:ss2026-09-05 11:03:26,173 yyyy-MM-dd HH:mm:ss2026-09-05 11:03:26,176 yyyy-MM-dd HH:mm:ss2026-09-05 11:03:26,258 yyyy-MM-dd HH:mm:ss2026-09-05 11:03:26,265 yyyy-MM-dd HH:mm:ss2026-09-05 11:03:26,268 yyyy-MM-dd HH:mm:ss2026-09-05 11:03:26,890 yyyy-MM-dd HH:mm:ss2026-09-05 11:03:27,319 yyyy-MM-dd HH:mm:ss2026-09-05 11:03:27,392 yyyy-MM-dd HH:mm:ss2026-09-05 11:03:27,396 yyyy-MM-dd HH:mm:ss2026-09-05 11:03:27,397 yyyy-MM-dd HH:mm:ss2026-09-05 11:03:27,397 yyyy-MM-dd HH:mm:ss2026-09-05 11:03:27,397 yyyy-MM-dd HH:mm:ss2026-09-05 11:03:27,398 yyyy-MM-dd HH:mm:ss2026-09-05 11:03:27,400 yyyy-MM-dd HH:mm:ss2026-09-05 11:03:27,401 yyyy-MM-dd HH:mm:ss2026-09-05 11:03:27,401 yyyy-MM-dd HH:mm:ss2026-09-05 11:03:27,401 yyyy-MM-dd HH:mm:ss2026-09-05 11:03:27,401 yyyy-MM-dd HH:mm:ss2026-09-05 11:03:27,401 yyyy-MM-dd HH:mm:ss2026-09-05 11:03:27,401 yyyy-MM-dd HH:mm:ss2026-09-05 11:03:27,401 yyyy-MM-dd HH:mm:ss2026-09-05 11:03:27,403 yyyy-MM-dd HH:mm:ss2026-09-05 11:03:27,403 yyyy-MM-dd HH:mm:ss2026-09-05 11:03:27,403 yyyy-MM-dd HH:mm:ss2026-09-05 11:03:27,403 yyyy-MM-dd HH:mm:ss2026-09-05 11:03:27,404 yyyy-MM-dd HH:mm:ss2026-09-05 11:03:27,404 yyyy-MM-dd HH:mm:ss2026-09-05 11:03:27,404 yyyy-MM-dd HH:mm:ss2026-09-05 11:03:27,404 yyyy-MM-dd HH:mm:ss2026-09-05 11:03:27,404 yyyy-MM-dd HH:mm:ss2026-09-05 11:03:27,405 yyyy-MM-dd HH:mm:ss2026-09-05 11:03:27,405 yyyy-MM-dd HH:mm:ss2026-09-05 11:03:27,406 yyyy-MM-dd HH:mm:ss2026-09-05 11:03:27,406 yyyy-MM-dd HH:mm:ss2026-09-05 11:03:27,406 yyyy-MM-dd HH:mm:ss2026-09-05 11:03:27,406 yyyy-MM-dd HH:mm:ss2026-09-05 11:03:27,406 yyyy-MM-dd HH:mm:ss2026-09-05 11:03:27,406 yyyy-MM-dd HH:mm:ss2026-09-05 11:03:27,407 yyyy-MM-dd HH:mm:ss2026-09-05 11:03:27,407 yyyy-MM-dd HH:mm:ss2026-09-05 11:03:27,407 yyyy-MM-dd HH:mm:ss2026-09-05 11:03:27,407 yyyy-MM-dd HH:mm:ss2026-09-05 11:03:27,408 yyyy-MM-dd HH:mm:ss2026-09-05 11:03:27,408 yyyy-MM-dd HH:mm:ss2026-09-05 11:03:27,408 yyyy-MM-dd HH:mm:ss2026-09-05 11:03:27,408 yyyy-MM-dd HH:mm:ss2026-09-05 11:03:27,408 yyyy-MM-dd HH:mm:ss2026-09-05 11:03:27,408 yyyy-MM-dd HH:mm:ss2026-09-05 11:03:27,441 yyyy-MM-dd HH:mm:ss2026-09-05 11:03:27,738 yyyy-MM-dd HH:mm:ss2026-09-05 11:03:27,741 yyyy-MM-dd HH:mm:ss2026-09-05 11:03:27,747 yyyy-MM-dd HH:mm:ss2026-09-05 11:03:27,757 yyyy-MM-dd HH:mm:ss2026-09-05 11:03:27,758 yyyy-MM-dd HH:mm:ss2026-09-05 11:03:27,858 yyyy-MM-dd HH:mm:ss2026-09-05 11:03:27,859 yyyy-MM-dd HH:mm:ss2026-09-05 11:03:27,868 yyyy-MM-dd HH:mm:ss2026-09-05 11:03:27,868 yyyy-MM-dd HH:mm:ss2026-09-05 11:03:27,876 yyyy-MM-dd HH:mm:ss2026-09-05 11:03:27,881 yyyy-MM-dd HH:mm:ss2026-09-05 11:03:27,897 yyyy-MM-dd HH:mm:ss2026-09-05 11:03:27,907 yyyy-MM-dd HH:mm:ss2026-09-05 11:03:27,908 yyyy-MM-dd HH:mm:ss2026-09-05 11:03:27,909 yyyy-MM-dd HH:mm:ss2026-09-05 11:03:27,918 yyyy-MM-dd HH:mm:ss2026-09-05 11:03:27,918 yyyy-MM-dd HH:mm:ss2026-09-05 11:03:27,953 yyyy-MM-dd HH:mm:ss2026-09-05 11:03:27,953 yyyy-MM-dd HH:mm:ss2026-09-05 11:03:27,963 yyyy-MM-dd HH:mm:ss2026-09-05 11:03:27,963 yyyy-MM-dd HH:mm:ss2026-09-05 11:03:27,999 yyyy-MM-dd HH:mm:ss2026-09-05 11:03:28,000 yyyy-MM-dd HH:mm:ss2026-09-05 11:03:28,011 yyyy-MM-dd HH:mm:ss2026-09-05 11:03:28,011 yyyy-MM-dd HH:mm:ss2026-09-05 11:03:28,045 yyyy-MM-dd HH:mm:ss2026-09-05 11:03:28,045 yyyy-MM-dd HH:mm:ss2026-09-05 11:03:28,053 yyyy-MM-dd HH:mm:ss2026-09-05 11:03:28,054 yyyy-MM-dd HH:mm:ss2026-09-05 11:03:28,092 yyyy-MM-dd HH:mm:ss2026-09-05 11:03:28,092 yyyy-MM-dd HH:mm:ss2026-09-05 11:03:28,099 yyyy-MM-dd HH:mm:ss2026-09-05 11:03:28,100 yyyy-MM-dd HH:mm:ss2026-09-05 11:03:28,140 yyyy-MM-dd HH:mm:ss2026-09-05 11:03:28,140 yyyy-MM-dd HH:mm:ss2026-09-05 11:03:28,150 yyyy-MM-dd HH:mm:ss2026-09-05 11:03:28,150 yyyy-MM-dd HH:mm:ss2026-09-05 11:03:28,186 yyyy-MM-dd HH:mm:ss2026-09-05 11:03:28,187 yyyy-MM-dd HH:mm:ss2026-09-05 11:03:28,194 yyyy-MM-dd HH:mm:ss2026-09-05 11:03:28,194 yyyy-MM-dd HH:mm:ss2026-09-05 11:03:28,233 yyyy-MM-dd HH:mm:ss2026-09-05 11:03:28,233 yyyy-MM-dd HH:mm:ss2026-09-05 11:03:28,244 yyyy-MM-dd HH:mm:ss2026-09-05 11:03:28,245 yyyy-MM-dd HH:mm:ss2026-09-05 11:03:28,279 yyyy-MM-dd HH:mm:ss2026-09-05 11:03:28,279 yyyy-MM-dd HH:mm:ss2026-09-05 11:03:28,543 yyyy-MM-dd HH:mm:ss2026-09-05 11:03:28,569 yyyy-MM-dd HH:mm:ss2026-09-05 11:03:28,574 yyyy-MM-dd HH:mm:ss2026-09-05 11:03:29,008 yyyy-MM-dd HH:mm:ss2026-09-05 11:03:29,010 yyyy-MM-dd HH:mm:ss2026-09-05 11:03:29,011 yyyy-MM-dd HH:mm:ss2026-09-05 11:03:29,323 yyyy-MM-dd HH:mm:ss2026-09-05 11:03:29,363 yyyy-MM-dd HH:mm:ss2026-09-05 11:03:29,363 yyyy-MM-dd HH:mm:ss2026-09-05 11:03:29,363 yyyy-MM-dd HH:mm:ss2026-09-05 11:03:29,364 yyyy-MM-dd HH:mm:ss2026-09-05 11:03:29,364 yyyy-MM-dd HH:mm:ss2026-09-05 11:03:29,365 yyyy-MM-dd HH:mm:ss2026-09-05 11:03:29,367 yyyy-MM-dd HH:mm:ss2026-09-05 11:03:29,371 yyyy-MM-dd HH:mm:ss2026-09-05 11:03:29,373 yyyy-MM-dd HH:mm:ss2026-09-05 11:03:29,373 yyyy-MM-dd HH:mm:ss2026-09-05 11:03:29,373 yyyy-MM-dd HH:mm:ss2026-09-05 11:03:29,373 yyyy-MM-dd HH:mm:ss2026-09-05 11:03:29,374 yyyy-MM-dd HH:mm:ss2026-09-05 11:03:29,890 yyyy-MM-dd HH:mm:ss2026-09-05 11:03:30,962 yyyy-MM-dd HH:mm:ss2026-09-05 11:03:31,758 yyyy-MM-dd HH:mm:ss2026-09-05 11:03:31,778 yyyy-MM-dd HH:mm:ss2026-09-05 11:03:31,900 yyyy-MM-dd HH:mm:ss2026-09-05 11:03:31,955 yyyy-MM-dd HH:mm:ss2026-09-05 11:03:31,995 yyyy-MM-dd HH:mm:ss2026-09-05 11:03:32,031 yyyy-MM-dd HH:mm:ss2026-09-05 11:03:32,089 yyyy-MM-dd HH:mm:ss2026-09-05 11:03:32,151 yyyy-MM-dd HH:mm:ss2026-09-05 11:03:32,219 yyyy-MM-dd HH:mm:ss2026-09-05 11:03:32,289 yyyy-MM-dd HH:mm:ss2026-09-05 11:03:32,440 yyyy-MM-dd HH:mm:ss2026-09-05 11:03:32,441 yyyy-MM-dd HH:mm:ss2026-09-05 11:03:32,517 yyyy-MM-dd HH:mm:ss2026-09-05 11:03:32,518 yyyy-MM-dd HH:mm:ss2026-09-05 11:03:32,525 yyyy-MM-dd HH:mm:ss2026-09-05 11:03:32,538 yyyy-MM-dd HH:mm:ss2026-09-05 11:03:32,538 yyyy-MM-dd HH:mm:ss2026-09-05 11:03:32,544 yyyy-MM-dd HH:mm:ss2026-09-05 11:03:33,141 yyyy-MM-dd HH:mm:ss2026-09-05 11:03:33,144 yyyy-MM-dd HH:mm:ss2026-09-05 11:03:33,146 yyyy-MM-dd HH:mm:ss2026-09-05 11:03:33,165 yyyy-MM-dd HH:mm:ss2026-09-05 11:03:33,174 yyyy-MM-dd HH:mm:ss2026-09-05 11:03:33,175 yyyy-MM-dd HH:mm:ss2026-09-05 11:03:33,194 yyyy-MM-dd HH:mm:ss2026-09-05 11:03:33,205 yyyy-MM-dd HH:mm:ss2026-09-05 11:03:33,216 yyyy-MM-dd HH:mm:ss2026-09-05 11:03:33,249 yyyy-MM-dd HH:mm:ss2026-09-05 11:03:33,249 yyyy-MM-dd HH:mm:ss2026-09-05 11:03:33,332 yyyy-MM-dd HH:mm:ss2026-09-05 11:03:33,506 yyyy-MM-dd HH:mm:ss2026-09-05 11:03:33,547 yyyy-MM-dd HH:mm:ss2026-09-05 11:03:33,547 yyyy-MM-dd HH:mm:ss2026-09-05 11:03:33,550 yyyy-MM-dd HH:mm:ss2026-09-05 11:03:33,560 yyyy-MM-dd HH:mm:ss2026-09-05 11:03:33,563 yyyy-MM-dd HH:mm:ss2026-09-05 11:03:33,567 yyyy-MM-dd HH:mm:ss2026-09-05 11:03:33,611 yyyy-MM-dd HH:mm:ss2026-09-05 11:03:33,693 yyyy-MM-dd HH:mm:ss2026-09-05 11:03:33,813 yyyy-MM-dd HH:mm:ss2026-09-05 11:03:33,820 yyyy-MM-dd HH:mm:ss2026-09-05 11:03:33,856 yyyy-MM-dd HH:mm:ss2026-09-05 11:03:33,856 yyyy-MM-dd HH:mm:ss2026-09-05 11:03:33,858 yyyy-MM-dd HH:mm:ss2026-09-05 11:03:33,861 yyyy-MM-dd HH:mm:ss2026-09-05 11:03:33,864 yyyy-MM-dd HH:mm:ss2026-09-05 11:03:33,903 yyyy-MM-dd HH:mm:ss2026-09-05 11:03:33,909 yyyy-MM-dd HH:mm:ss2026-09-05 11:03:33,911 yyyy-MM-dd HH:mm:ss2026-09-05 11:03:33,913 yyyy-MM-dd HH:mm:ss2026-09-05 11:03:33,914 yyyy-MM-dd HH:mm:ss2026-09-05 11:03:33,917 yyyy-MM-dd HH:mm:ss2026-09-05 11:03:33,919 yyyy-MM-dd HH:mm:ss2026-09-05 11:03:33,925 yyyy-MM-dd HH:mm:ss2026-09-05 11:03:33,926 yyyy-MM-dd HH:mm:ss2026-09-05 11:03:33,928 yyyy-MM-dd HH:mm:ss2026-09-05 11:03:33,930 yyyy-MM-dd HH:mm:ss2026-09-05 11:03:33,931 yyyy-MM-dd HH:mm:ss2026-09-05 11:03:33,933 yyyy-MM-dd HH:mm:ss2026-09-05 11:03:33,935 yyyy-MM-dd HH:mm:ss2026-09-05 11:03:33,937 yyyy-MM-dd HH:mm:ss2026-09-05 11:03:33,941 yyyy-MM-dd HH:mm:ss2026-09-05 11:03:33,947 yyyy-MM-dd HH:mm:ss2026-09-05 11:03:33,948 yyyy-MM-dd HH:mm:ss2026-09-05 11:03:33,951 yyyy-MM-dd HH:mm:ss2026-09-05 11:03:33,951 yyyy-MM-dd HH:mm:ss2026-09-05 11:03:33,952 yyyy-MM-dd HH:mm:ss2026-09-05 11:03:33,953 yyyy-MM-dd HH:mm:ss2026-09-05 11:03:33,953 yyyy-MM-dd HH:mm:ss2026-09-05 11:03:33,954 yyyy-MM-dd HH:mm:ss2026-09-05 11:03:33,954 yyyy-MM-dd HH:mm:ss2026-09-05 11:03:33,956 yyyy-MM-dd HH:mm:ss2026-09-05 11:03:33,957 yyyy-MM-dd HH:mm:ss2026-09-05 11:03:33,957 yyyy-MM-dd HH:mm:ss2026-09-05 11:03:33,957 yyyy-MM-dd HH:mm:ss2026-09-05 11:03:33,957 yyyy-MM-dd HH:mm:ss2026-09-05 11:03:33,957 yyyy-MM-dd HH:mm:ss2026-09-05 11:03:33,960 yyyy-MM-dd HH:mm:ss2026-09-05 11:03:33,961 yyyy-MM-dd HH:mm:ss2026-09-05 11:03:33,963 yyyy-MM-dd HH:mm:ss2026-09-05 11:03:33,965 yyyy-MM-dd HH:mm:ss2026-09-05 11:03:33,966 yyyy-MM-dd HH:mm:ss2026-09-05 11:03:33,966 yyyy-MM-dd HH:mm:ss2026-09-05 11:03:33,966 yyyy-MM-dd HH:mm:ss2026-09-05 11:03:33,968 yyyy-MM-dd HH:mm:ss2026-09-05 11:03:33,970 yyyy-MM-dd HH:mm:ss2026-09-05 11:03:33,971 yyyy-MM-dd HH:mm:ss2026-09-05 11:03:33,974 yyyy-MM-dd HH:mm:ss2026-09-05 11:03:33,978 yyyy-MM-dd HH:mm:ss2026-09-05 11:03:33,978 yyyy-MM-dd HH:mm:ss2026-09-05 11:03:33,978 yyyy-MM-dd HH:mm:ss2026-09-05 11:03:33,989 yyyy-MM-dd HH:mm:ss2026-09-05 11:03:33,991 yyyy-MM-dd HH:mm:ss2026-09-05 11:03:33,992 yyyy-MM-dd HH:mm:ss2026-09-05 11:03:33,992 yyyy-MM-dd HH:mm:ss2026-09-05 11:03:33,994 yyyy-MM-dd HH:mm:ss2026-09-05 11:03:33,995 yyyy-MM-dd HH:mm:ss2026-09-05 11:03:33,995 yyyy-MM-dd HH:mm:ss2026-09-05 11:03:34,000 yyyy-MM-dd HH:mm:ss2026-09-05 11:03:34,000 yyyy-MM-dd HH:mm:ss2026-09-05 11:03:34,002 yyyy-MM-dd HH:mm:ss2026-09-05 11:03:34,024 yyyy-MM-dd HH:mm:ss2026-09-05 11:03:34,026 yyyy-MM-dd HH:mm:ss2026-09-05 11:03:34,031 yyyy-MM-dd HH:mm:ss2026-09-05 11:03:34,034 yyyy-MM-dd HH:mm:ss2026-09-05 11:03:34,051 yyyy-MM-dd HH:mm:ss2026-09-05 11:03:34,051 yyyy-MM-dd HH:mm:ss2026-09-05 11:03:34,120 yyyy-MM-dd HH:mm:ss2026-09-05 11:03:34,121 yyyy-MM-dd HH:mm:ss2026-09-05 11:03:34,133 yyyy-MM-dd HH:mm:ss2026-09-05 11:03:34,179 yyyy-MM-dd HH:mm:ss2026-09-05 11:03:34,180 yyyy-MM-dd HH:mm:ss2026-09-05 11:03:34,180 yyyy-MM-dd HH:mm:ss2026-09-05 11:03:34,180 yyyy-MM-dd HH:mm:ss2026-09-05 11:03:34,185 yyyy-MM-dd HH:mm:ss2026-09-05 11:03:34,186 yyyy-MM-dd HH:mm:ss2026-09-05 11:03:34,189 yyyy-MM-dd HH:mm:ss2026-09-05 11:03:34,190 yyyy-MM-dd HH:mm:ss2026-09-05 11:03:34,190 yyyy-MM-dd HH:mm:ss2026-09-05 11:03:34,190 yyyy-MM-dd HH:mm:ss2026-09-05 11:03:34,203 yyyy-MM-dd HH:mm:ss2026-09-05 11:03:34,204 yyyy-MM-dd HH:mm:ss2026-09-05 11:03:34,207 yyyy-MM-dd HH:mm:ss2026-09-05 11:03:34,208 yyyy-MM-dd HH:mm:ss2026-09-05 11:03:34,208 yyyy-MM-dd HH:mm:ss2026-09-05 11:03:34,211 yyyy-MM-dd HH:mm:ss2026-09-05 11:03:34,211 yyyy-MM-dd HH:mm:ss2026-09-05 11:03:34,216 yyyy-MM-dd HH:mm:ss2026-09-05 11:03:34,218 yyyy-MM-dd HH:mm:ss2026-09-05 11:03:34,219 yyyy-MM-dd HH:mm:ss2026-09-05 11:03:34,219 yyyy-MM-dd HH:mm:ss2026-09-05 11:03:34,223 yyyy-MM-dd HH:mm:ss2026-09-05 11:03:34,225 yyyy-MM-dd HH:mm:ss2026-09-05 11:03:34,226 yyyy-MM-dd HH:mm:ss2026-09-05 11:03:34,227 yyyy-MM-dd HH:mm:ss2026-09-05 11:03:34,230 yyyy-MM-dd HH:mm:ss2026-09-05 11:03:34,241 yyyy-MM-dd HH:mm:ss2026-09-05 11:03:34,241 yyyy-MM-dd HH:mm:ss2026-09-05 11:03:34,266 yyyy-MM-dd HH:mm:ss2026-09-05 11:03:34,271 yyyy-MM-dd HH:mm:ss2026-09-05 11:03:34,271 yyyy-MM-dd HH:mm:ss2026-09-05 11:03:34,271 yyyy-MM-dd HH:mm:ss2026-09-05 11:03:34,297 yyyy-MM-dd HH:mm:ss2026-09-05 11:03:34,297 yyyy-MM-dd HH:mm:ss2026-09-05 11:03:34,297 yyyy-MM-dd HH:mm:ss2026-09-05 11:03:34,297 yyyy-MM-dd HH:mm:ss2026-09-05 11:03:34,301 yyyy-MM-dd HH:mm:ss2026-09-05 11:03:34,304 yyyy-MM-dd HH:mm:ss2026-09-05 11:03:34,309 yyyy-MM-dd HH:mm:ss2026-09-05 11:03:34,313 yyyy-MM-dd HH:mm:ss2026-09-05 11:03:34,318 yyyy-MM-dd HH:mm:ss2026-09-05 11:03:34,323 yyyy-MM-dd HH:mm:ss2026-09-05 11:03:34,327 yyyy-MM-dd HH:mm:ss2026-09-05 11:03:34,327 yyyy-MM-dd HH:mm:ss2026-09-05 11:03:34,328 yyyy-MM-dd HH:mm:ss2026-09-05 11:03:34,329 yyyy-MM-dd HH:mm:ss2026-09-05 11:03:34,331 yyyy-MM-dd HH:mm:ss2026-09-05 11:03:34,331 yyyy-MM-dd HH:mm:ss2026-09-05 11:03:34,333 yyyy-MM-dd HH:mm:ss2026-09-05 11:03:34,333 yyyy-MM-dd HH:mm:ss2026-09-05 11:03:34,336 yyyy-MM-dd HH:mm:ss2026-09-05 11:03:34,336 yyyy-MM-dd HH:mm:ss2026-09-05 11:03:34,338 yyyy-MM-dd HH:mm:ss2026-09-05 11:03:34,338 yyyy-MM-dd HH:mm:ss2026-09-05 11:03:34,339 yyyy-MM-dd HH:mm:ss2026-09-05 11:03:34,356 yyyy-MM-dd HH:mm:ss2026-09-05 11:03:34,358 yyyy-MM-dd HH:mm:ss2026-09-05 11:03:34,360 yyyy-MM-dd HH:mm:ss2026-09-05 11:03:34,360 yyyy-MM-dd HH:mm:ss2026-09-05 11:03:34,363 yyyy-MM-dd HH:mm:ss2026-09-05 11:03:34,363 yyyy-MM-dd HH:mm:ss2026-09-05 11:03:34,363 yyyy-MM-dd HH:mm:ss2026-09-05 11:03:34,365 yyyy-MM-dd HH:mm:ss2026-09-05 11:03:34,385 yyyy-MM-dd HH:mm:ss2026-09-05 11:03:34,389 yyyy-MM-dd HH:mm:ss2026-09-05 11:03:34,389 yyyy-MM-dd HH:mm:ss2026-09-05 11:03:34,390 yyyy-MM-dd HH:mm:ss2026-09-05 11:03:34,391 yyyy-MM-dd HH:mm:ss2026-09-05 11:03:34,405 yyyy-MM-dd HH:mm:ss2026-09-05 11:03:34,405 yyyy-MM-dd HH:mm:ss2026-09-05 11:03:34,406 yyyy-MM-dd HH:mm:ss2026-09-05 11:03:34,415 yyyy-MM-dd HH:mm:ss2026-09-05 11:03:34,416 yyyy-MM-dd HH:mm:ss2026-09-05 11:03:34,418 yyyy-MM-dd HH:mm:ss2026-09-05 11:03:34,434 yyyy-MM-dd HH:mm:ss2026-09-05 11:03:34,434 yyyy-MM-dd HH:mm:ss2026-09-05 11:03:34,434 yyyy-MM-dd HH:mm:ss2026-09-05 11:03:34,447 yyyy-MM-dd HH:mm:ss2026-09-05 11:03:34,469 yyyy-MM-dd HH:mm:ss2026-09-05 11:03:34,470 yyyy-MM-dd HH:mm:ss2026-09-05 11:03:34,470 yyyy-MM-dd HH:mm:ss2026-09-05 11:03:34,494 yyyy-MM-dd HH:mm:ss2026-09-05 11:03:34,513 yyyy-MM-dd HH:mm:ss2026-09-05 11:03:34,513 yyyy-MM-dd HH:mm:ss2026-09-05 11:03:34,513 yyyy-MM-dd HH:mm:ss2026-09-05 11:03:34,513 yyyy-MM-dd HH:mm:ss2026-09-05 11:03:34,617 yyyy-MM-dd HH:mm:ss2026-09-05 11:03:34,633 yyyy-MM-dd HH:mm:ss2026-09-05 11:03:34,649 yyyy-MM-dd HH:mm:ss2026-09-05 11:03:34,709 yyyy-MM-dd HH:mm:ss2026-09-05 11:03:34,718 yyyy-MM-dd HH:mm:ss2026-09-05 11:03:34,722 yyyy-MM-dd HH:mm:ss2026-09-05 11:03:34,727 yyyy-MM-dd HH:mm:ss2026-09-05 11:03:34,740 yyyy-MM-dd HH:mm:ss2026-09-05 11:03:34,741 yyyy-MM-dd HH:mm:ss2026-09-05 11:03:34,743 yyyy-MM-dd HH:mm:ss2026-09-05 11:03:34,746 yyyy-MM-dd HH:mm:ss2026-09-05 11:03:34,750 yyyy-MM-dd HH:mm:ss2026-09-05 11:03:34,750 yyyy-MM-dd HH:mm:ss2026-09-05 11:03:34,750 yyyy-MM-dd HH:mm:ss2026-09-05 11:03:34,752 yyyy-MM-dd HH:mm:ss2026-09-05 11:03:34,752 yyyy-MM-dd HH:mm:ss2026-09-05 11:03:34,758 yyyy-MM-dd HH:mm:ss2026-09-05 11:03:34,762 yyyy-MM-dd HH:mm:ss2026-09-05 11:03:34,763 yyyy-MM-dd HH:mm:ss2026-09-05 11:03:34,764 yyyy-MM-dd HH:mm:ss2026-09-05 11:03:34,764 yyyy-MM-dd HH:mm:ss2026-09-05 11:03:34,777 yyyy-MM-dd HH:mm:ss2026-09-05 11:03:34,778 yyyy-MM-dd HH:mm:ss2026-09-05 11:03:34,778 yyyy-MM-dd HH:mm:ss2026-09-05 11:03:34,778 yyyy-MM-dd HH:mm:ss2026-09-05 11:03:34,835 yyyy-MM-dd HH:mm:ss2026-09-05 11:03:34,837 yyyy-MM-dd HH:mm:ss2026-09-05 11:03:34,837 yyyy-MM-dd HH:mm:ss2026-09-05 11:03:34,839 yyyy-MM-dd HH:mm:ss2026-09-05 11:03:34,839 yyyy-MM-dd HH:mm:ss2026-09-05 11:03:34,839 yyyy-MM-dd HH:mm:ss2026-09-05 11:03:34,847 yyyy-MM-dd HH:mm:ss2026-09-05 11:03:34,850 yyyy-MM-dd HH:mm:ss2026-09-05 11:03:34,854 yyyy-MM-dd HH:mm:ss2026-09-05 11:03:34,858 yyyy-MM-dd HH:mm:ss2026-09-05 11:03:34,876 yyyy-MM-dd HH:mm:ss2026-09-05 11:03:34,879 yyyy-MM-dd HH:mm:ss2026-09-05 11:03:34,888 yyyy-MM-dd HH:mm:ss2026-09-05 11:03:34,924 yyyy-MM-dd HH:mm:ss2026-09-05 11:03:34,925 yyyy-MM-dd HH:mm:ss2026-09-05 11:03:34,928 yyyy-MM-dd HH:mm:ss2026-09-05 11:03:34,937 yyyy-MM-dd HH:mm:ss2026-09-05 11:03:34,938 yyyy-MM-dd HH:mm:ss2026-09-05 11:03:34,941 yyyy-MM-dd HH:mm:ss2026-09-05 11:03:34,958 yyyy-MM-dd HH:mm:ss2026-09-05 11:03:34,961 yyyy-MM-dd HH:mm:ss2026-09-05 11:03:34,962 yyyy-MM-dd HH:mm:ss2026-09-05 11:03:34,962 yyyy-MM-dd HH:mm:ss2026-09-05 11:03:34,964 yyyy-MM-dd HH:mm:ss2026-09-05 11:03:34,965 yyyy-MM-dd HH:mm:ss2026-09-05 11:03:34,966 yyyy-MM-dd HH:mm:ss2026-09-05 11:03:34,967 yyyy-MM-dd HH:mm:ss2026-09-05 11:03:34,978 yyyy-MM-dd HH:mm:ss2026-09-05 11:03:34,983 yyyy-MM-dd HH:mm:ss2026-09-05 11:03:34,984 yyyy-MM-dd HH:mm:ss2026-09-05 11:03:34,987 yyyy-MM-dd HH:mm:ss2026-09-05 11:03:34,987 yyyy-MM-dd HH:mm:ss2026-09-05 11:03:34,988 yyyy-MM-dd HH:mm:ss2026-09-05 11:03:34,990 yyyy-MM-dd HH:mm:ss2026-09-05 11:03:34,991 yyyy-MM-dd HH:mm:ss2026-09-05 11:03:34,991 yyyy-MM-dd HH:mm:ss2026-09-05 11:03:34,992 yyyy-MM-dd HH:mm:ss2026-09-05 11:03:35,013 yyyy-MM-dd HH:mm:ss2026-09-05 11:03:35,014 yyyy-MM-dd HH:mm:ss2026-09-05 11:03:35,016 yyyy-MM-dd HH:mm:ss2026-09-05 11:03:35,018 yyyy-MM-dd HH:mm:ss2026-09-05 11:03:35,020 yyyy-MM-dd HH:mm:ss2026-09-05 11:03:35,021 yyyy-MM-dd HH:mm:ss2026-09-05 11:03:35,021 yyyy-MM-dd HH:mm:ss2026-09-05 11:03:35,023 yyyy-MM-dd HH:mm:ss2026-09-05 11:03:35,025 yyyy-MM-dd HH:mm:ss2026-09-05 11:03:35,026 yyyy-MM-dd HH:mm:ss2026-09-05 11:03:35,029 yyyy-MM-dd HH:mm:ss2026-09-05 11:03:35,030 yyyy-MM-dd HH:mm:ss2026-09-05 11:03:35,031 yyyy-MM-dd HH:mm:ss2026-09-05 11:03:35,034 yyyy-MM-dd HH:mm:ss2026-09-05 11:03:35,035 yyyy-MM-dd HH:mm:ss2026-09-05 11:03:35,036 yyyy-MM-dd HH:mm:ss2026-09-05 11:03:35,036 yyyy-MM-dd HH:mm:ss2026-09-05 11:03:35,036 yyyy-MM-dd HH:mm:ss2026-09-05 11:03:35,037 yyyy-MM-dd HH:mm:ss2026-09-05 11:03:35,050 yyyy-MM-dd HH:mm:ss2026-09-05 11:03:35,050 yyyy-MM-dd HH:mm:ss2026-09-05 11:03:35,050 yyyy-MM-dd HH:mm:ss2026-09-05 11:03:35,056 yyyy-MM-dd HH:mm:ss2026-09-05 11:03:35,058 yyyy-MM-dd HH:mm:ss2026-09-05 11:03:35,058 yyyy-MM-dd HH:mm:ss2026-09-05 11:03:35,060 yyyy-MM-dd HH:mm:ss2026-09-05 11:03:35,061 yyyy-MM-dd HH:mm:ss2026-09-05 11:03:35,066 yyyy-MM-dd HH:mm:ss2026-09-05 11:03:35,066 yyyy-MM-dd HH:mm:ss2026-09-05 11:03:35,068 yyyy-MM-dd HH:mm:ss2026-09-05 11:03:35,068 yyyy-MM-dd HH:mm:ss2026-09-05 11:03:35,070 yyyy-MM-dd HH:mm:ss2026-09-05 11:03:35,073 yyyy-MM-dd HH:mm:ss2026-09-05 11:03:35,073 yyyy-MM-dd HH:mm:ss2026-09-05 11:03:35,073 yyyy-MM-dd HH:mm:ss2026-09-05 11:03:35,073 yyyy-MM-dd HH:mm:ss2026-09-05 11:03:35,073 yyyy-MM-dd HH:mm:ss2026-09-05 11:03:35,073 yyyy-MM-dd HH:mm:ss2026-09-05 11:03:35,073 yyyy-MM-dd HH:mm:ss2026-09-05 11:03:35,073 yyyy-MM-dd HH:mm:ss2026-09-05 11:03:35,073 yyyy-MM-dd HH:mm:ss2026-09-05 11:03:35,073 yyyy-MM-dd HH:mm:ss2026-09-05 11:03:35,096 yyyy-MM-dd HH:mm:ss2026-09-05 11:03:35,097 yyyy-MM-dd HH:mm:ss2026-09-05 11:03:35,098 yyyy-MM-dd HH:mm:ss2026-09-05 11:03:35,098 yyyy-MM-dd HH:mm:ss2026-09-05 11:03:35,098 yyyy-MM-dd HH:mm:ss2026-09-05 11:03:35,104 yyyy-MM-dd HH:mm:ss2026-09-05 11:03:35,105 yyyy-MM-dd HH:mm:ss2026-09-05 11:03:35,105 yyyy-MM-dd HH:mm:ss2026-09-05 11:03:35,110 yyyy-MM-dd HH:mm:ss2026-09-05 11:03:35,110 yyyy-MM-dd HH:mm:ss2026-09-05 11:03:35,110 yyyy-MM-dd HH:mm:ss2026-09-05 11:03:35,110 yyyy-MM-dd HH:mm:ss2026-09-05 11:03:35,113 yyyy-MM-dd HH:mm:ss2026-09-05 11:03:35,118 yyyy-MM-dd HH:mm:ss2026-09-05 11:03:35,118 yyyy-MM-dd HH:mm:ss2026-09-05 11:03:35,121 yyyy-MM-dd HH:mm:ss2026-09-05 11:03:35,121 yyyy-MM-dd HH:mm:ss2026-09-05 11:03:35,125 yyyy-MM-dd HH:mm:ss2026-09-05 11:03:35,128 yyyy-MM-dd HH:mm:ss2026-09-05 11:03:35,128 yyyy-MM-dd HH:mm:ss2026-09-05 11:03:35,128 yyyy-MM-dd HH:mm:ss2026-09-05 11:03:35,132 yyyy-MM-dd HH:mm:ss2026-09-05 11:03:35,135 yyyy-MM-dd HH:mm:ss2026-09-05 11:03:35,149 yyyy-MM-dd HH:mm:ss2026-09-05 11:03:35,151 yyyy-MM-dd HH:mm:ss2026-09-05 11:03:35,153 yyyy-MM-dd HH:mm:ss2026-09-05 11:03:35,156 yyyy-MM-dd HH:mm:ss2026-09-05 11:03:35,156 yyyy-MM-dd HH:mm:ss2026-09-05 11:03:35,156 yyyy-MM-dd HH:mm:ss2026-09-05 11:03:35,159 yyyy-MM-dd HH:mm:ss2026-09-05 11:03:35,163 yyyy-MM-dd HH:mm:ss2026-09-05 11:03:35,163 yyyy-MM-dd HH:mm:ss2026-09-05 11:03:35,166 yyyy-MM-dd HH:mm:ss2026-09-05 11:03:35,166 yyyy-MM-dd HH:mm:ss2026-09-05 11:03:35,169 yyyy-MM-dd HH:mm:ss2026-09-05 11:03:35,171 yyyy-MM-dd HH:mm:ss2026-09-05 11:03:35,173 yyyy-MM-dd HH:mm:ss2026-09-05 11:03:35,177 yyyy-MM-dd HH:mm:ss2026-09-05 11:03:35,177 yyyy-MM-dd HH:mm:ss2026-09-05 11:03:35,178 yyyy-MM-dd HH:mm:ss2026-09-05 11:03:35,178 yyyy-MM-dd HH:mm:ss2026-09-05 11:03:35,178 yyyy-MM-dd HH:mm:ss2026-09-05 11:03:35,178 yyyy-MM-dd HH:mm:ss2026-09-05 11:03:35,178 yyyy-MM-dd HH:mm:ss2026-09-05 11:03:35,185 yyyy-MM-dd HH:mm:ss2026-09-05 11:03:35,186 yyyy-MM-dd HH:mm:ss2026-09-05 11:03:35,186 yyyy-MM-dd HH:mm:ss2026-09-05 11:03:35,186 yyyy-MM-dd HH:mm:ss2026-09-05 11:03:35,192 yyyy-MM-dd HH:mm:ss2026-09-05 11:03:35,192 yyyy-MM-dd HH:mm:ss2026-09-05 11:03:35,192 yyyy-MM-dd HH:mm:ss2026-09-05 11:03:35,192 yyyy-MM-dd HH:mm:ss2026-09-05 11:03:35,192 yyyy-MM-dd HH:mm:ss2026-09-05 11:03:35,193 yyyy-MM-dd HH:mm:ss2026-09-05 11:03:35,200 yyyy-MM-dd HH:mm:ss2026-09-05 11:03:35,201 yyyy-MM-dd HH:mm:ss2026-09-05 11:03:35,202 yyyy-MM-dd HH:mm:ss2026-09-05 11:03:35,206 yyyy-MM-dd HH:mm:ss2026-09-05 11:03:35,208 yyyy-MM-dd HH:mm:ss2026-09-05 11:03:35,212 yyyy-MM-dd HH:mm:ss2026-09-05 11:03:35,213 yyyy-MM-dd HH:mm:ss2026-09-05 11:03:35,213 yyyy-MM-dd HH:mm:ss2026-09-05 11:03:35,213 yyyy-MM-dd HH:mm:ss2026-09-05 11:03:35,227 yyyy-MM-dd HH:mm:ss2026-09-05 11:03:35,228 yyyy-MM-dd HH:mm:ss2026-09-05 11:03:35,228 yyyy-MM-dd HH:mm:ss2026-09-05 11:03:35,228 yyyy-MM-dd HH:mm:ss2026-09-05 11:03:35,228 yyyy-MM-dd HH:mm:ss2026-09-05 11:03:35,231 yyyy-MM-dd HH:mm:ss2026-09-05 11:03:35,231 yyyy-MM-dd HH:mm:ss2026-09-05 11:03:35,233 yyyy-MM-dd HH:mm:ss2026-09-05 11:03:35,234 yyyy-MM-dd HH:mm:ss2026-09-05 11:03:35,234 yyyy-MM-dd HH:mm:ss2026-09-05 11:03:35,235 yyyy-MM-dd HH:mm:ss2026-09-05 11:03:35,236 yyyy-MM-dd HH:mm:ss2026-09-05 11:03:35,236 yyyy-MM-dd HH:mm:ss2026-09-05 11:03:35,240 yyyy-MM-dd HH:mm:ss2026-09-05 11:03:35,240 yyyy-MM-dd HH:mm:ss2026-09-05 11:03:35,241 yyyy-MM-dd HH:mm:ss2026-09-05 11:03:35,243 yyyy-MM-dd HH:mm:ss2026-09-05 11:03:35,243 yyyy-MM-dd HH:mm:ss2026-09-05 11:03:35,245 yyyy-MM-dd HH:mm:ss2026-09-05 11:03:35,246 yyyy-MM-dd HH:mm:ss2026-09-05 11:03:35,258 yyyy-MM-dd HH:mm:ss2026-09-05 11:03:35,259 yyyy-MM-dd HH:mm:ss2026-09-05 11:03:35,259 yyyy-MM-dd HH:mm:ss2026-09-05 11:03:35,261 yyyy-MM-dd HH:mm:ss2026-09-05 11:03:35,266 yyyy-MM-dd HH:mm:ss2026-09-05 11:03:35,266 yyyy-MM-dd HH:mm:ss2026-09-05 11:03:35,275 yyyy-MM-dd HH:mm:ss2026-09-05 11:03:35,277 yyyy-MM-dd HH:mm:ss2026-09-05 11:03:35,278 yyyy-MM-dd HH:mm:ss2026-09-05 11:03:35,278 yyyy-MM-dd HH:mm:ss2026-09-05 11:03:35,282 yyyy-MM-dd HH:mm:ss2026-09-05 11:03:35,282 yyyy-MM-dd HH:mm:ss2026-09-05 11:03:35,283 yyyy-MM-dd HH:mm:ss2026-09-05 11:03:35,287 yyyy-MM-dd HH:mm:ss2026-09-05 11:03:35,287 yyyy-MM-dd HH:mm:ss2026-09-05 11:03:35,290 yyyy-MM-dd HH:mm:ss2026-09-05 11:03:35,291 yyyy-MM-dd HH:mm:ss2026-09-05 11:03:35,304 yyyy-MM-dd HH:mm:ss2026-09-05 11:03:35,305 yyyy-MM-dd HH:mm:ss2026-09-05 11:03:35,311 yyyy-MM-dd HH:mm:ss2026-09-05 11:03:35,311 yyyy-MM-dd HH:mm:ss2026-09-05 11:03:35,311 yyyy-MM-dd HH:mm:ss2026-09-05 11:03:35,316 yyyy-MM-dd HH:mm:ss2026-09-05 11:03:35,318 yyyy-MM-dd HH:mm:ss2026-09-05 11:03:35,318 yyyy-MM-dd HH:mm:ss2026-09-05 11:03:35,322 yyyy-MM-dd HH:mm:ss2026-09-05 11:03:35,324 yyyy-MM-dd HH:mm:ss2026-09-05 11:03:35,324 yyyy-MM-dd HH:mm:ss2026-09-05 11:03:35,324 yyyy-MM-dd HH:mm:ss2026-09-05 11:03:35,337 yyyy-MM-dd HH:mm:ss2026-09-05 11:03:35,338 yyyy-MM-dd HH:mm:ss2026-09-05 11:03:35,340 yyyy-MM-dd HH:mm:ss2026-09-05 11:03:35,343 yyyy-MM-dd HH:mm:ss2026-09-05 11:03:35,343 yyyy-MM-dd HH:mm:ss2026-09-05 11:03:35,350 yyyy-MM-dd HH:mm:ss2026-09-05 11:03:35,350 yyyy-MM-dd HH:mm:ss2026-09-05 11:03:35,350 yyyy-MM-dd HH:mm:ss2026-09-05 11:03:35,351 yyyy-MM-dd HH:mm:ss2026-09-05 11:03:35,353 yyyy-MM-dd HH:mm:ss2026-09-05 11:03:35,357 yyyy-MM-dd HH:mm:ss2026-09-05 11:03:35,358 yyyy-MM-dd HH:mm:ss2026-09-05 11:03:35,358 yyyy-MM-dd HH:mm:ss2026-09-05 11:03:35,361 yyyy-MM-dd HH:mm:ss2026-09-05 11:03:35,361 yyyy-MM-dd HH:mm:ss2026-09-05 11:03:35,361 yyyy-MM-dd HH:mm:ss2026-09-05 11:03:35,365 yyyy-MM-dd HH:mm:ss2026-09-05 11:03:35,371 yyyy-MM-dd HH:mm:ss2026-09-05 11:03:35,371 yyyy-MM-dd HH:mm:ss2026-09-05 11:03:35,372 yyyy-MM-dd HH:mm:ss2026-09-05 11:03:35,373 yyyy-MM-dd HH:mm:ss2026-09-05 11:03:35,374 yyyy-MM-dd HH:mm:ss2026-09-05 11:03:35,376 yyyy-MM-dd HH:mm:ss2026-09-05 11:03:35,378 yyyy-MM-dd HH:mm:ss2026-09-05 11:03:35,378 yyyy-MM-dd HH:mm:ss2026-09-05 11:03:35,378 yyyy-MM-dd HH:mm:ss2026-09-05 11:03:35,380 yyyy-MM-dd HH:mm:ss2026-09-05 11:03:35,382 yyyy-MM-dd HH:mm:ss2026-09-05 11:03:35,384 yyyy-MM-dd HH:mm:ss2026-09-05 11:03:35,384 yyyy-MM-dd HH:mm:ss2026-09-05 11:03:35,386 yyyy-MM-dd HH:mm:ss2026-09-05 11:03:35,386 yyyy-MM-dd HH:mm:ss2026-09-05 11:03:35,387 yyyy-MM-dd HH:mm:ss2026-09-05 11:03:35,387 yyyy-MM-dd HH:mm:ss2026-09-05 11:03:35,389 yyyy-MM-dd HH:mm:ss2026-09-05 11:03:35,389 yyyy-MM-dd HH:mm:ss2026-09-05 11:03:35,389 yyyy-MM-dd HH:mm:ss2026-09-05 11:03:35,400 yyyy-MM-dd HH:mm:ss2026-09-05 11:03:35,401 yyyy-MM-dd HH:mm:ss2026-09-05 11:03:35,401 yyyy-MM-dd HH:mm:ss2026-09-05 11:03:35,401 yyyy-MM-dd HH:mm:ss2026-09-05 11:03:35,401 yyyy-MM-dd HH:mm:ss2026-09-05 11:03:35,401 yyyy-MM-dd HH:mm:ss2026-09-05 11:03:35,401 yyyy-MM-dd HH:mm:ss2026-09-05 11:03:35,401 yyyy-MM-dd HH:mm:ss2026-09-05 11:03:35,409 yyyy-MM-dd HH:mm:ss2026-09-05 11:03:35,409 yyyy-MM-dd HH:mm:ss2026-09-05 11:03:35,409 yyyy-MM-dd HH:mm:ss2026-09-05 11:03:35,456 yyyy-MM-dd HH:mm:ss2026-09-05 11:03:35,458 yyyy-MM-dd HH:mm:ss2026-09-05 11:03:35,459 yyyy-MM-dd HH:mm:ss2026-09-05 11:03:35,463 yyyy-MM-dd HH:mm:ss2026-09-05 11:03:35,463 yyyy-MM-dd HH:mm:ss2026-09-05 11:03:35,467 yyyy-MM-dd HH:mm:ss2026-09-05 11:03:35,467 yyyy-MM-dd HH:mm:ss2026-09-05 11:03:35,468 yyyy-MM-dd HH:mm:ss2026-09-05 11:03:35,470 yyyy-MM-dd HH:mm:ss2026-09-05 11:03:35,474 yyyy-MM-dd HH:mm:ss2026-09-05 11:03:35,477 yyyy-MM-dd HH:mm:ss2026-09-05 11:03:35,477 yyyy-MM-dd HH:mm:ss2026-09-05 11:03:35,478 yyyy-MM-dd HH:mm:ss2026-09-05 11:03:35,479 yyyy-MM-dd HH:mm:ss2026-09-05 11:03:35,491 yyyy-MM-dd HH:mm:ss2026-09-05 11:03:35,491 yyyy-MM-dd HH:mm:ss2026-09-05 11:03:35,493 yyyy-MM-dd HH:mm:ss2026-09-05 11:03:35,503 yyyy-MM-dd HH:mm:ss2026-09-05 11:03:35,504 yyyy-MM-dd HH:mm:ss2026-09-05 11:03:35,508 yyyy-MM-dd HH:mm:ss2026-09-05 11:03:35,510 yyyy-MM-dd HH:mm:ss2026-09-05 11:03:35,512 yyyy-MM-dd HH:mm:ss2026-09-05 11:03:35,512 yyyy-MM-dd HH:mm:ss2026-09-05 11:03:35,516 yyyy-MM-dd HH:mm:ss2026-09-05 11:03:35,516 yyyy-MM-dd HH:mm:ss2026-09-05 11:03:35,517 yyyy-MM-dd HH:mm:ss2026-09-05 11:03:35,519 yyyy-MM-dd HH:mm:ss2026-09-05 11:03:35,519 yyyy-MM-dd HH:mm:ss2026-09-05 11:03:35,520 yyyy-MM-dd HH:mm:ss2026-09-05 11:03:35,521 yyyy-MM-dd HH:mm:ss2026-09-05 11:03:35,521 yyyy-MM-dd HH:mm:ss2026-09-05 11:03:35,532 yyyy-MM-dd HH:mm:ss2026-09-05 11:03:35,533 yyyy-MM-dd HH:mm:ss2026-09-05 11:03:35,534 yyyy-MM-dd HH:mm:ss2026-09-05 11:03:35,534 yyyy-MM-dd HH:mm:ss2026-09-05 11:03:35,534 yyyy-MM-dd HH:mm:ss2026-09-05 11:03:35,538 yyyy-MM-dd HH:mm:ss2026-09-05 11:03:35,539 yyyy-MM-dd HH:mm:ss2026-09-05 11:03:35,540 yyyy-MM-dd HH:mm:ss2026-09-05 11:03:35,546 yyyy-MM-dd HH:mm:ss2026-09-05 11:03:35,548 yyyy-MM-dd HH:mm:ss2026-09-05 11:03:35,551 yyyy-MM-dd HH:mm:ss2026-09-05 11:03:35,551 yyyy-MM-dd HH:mm:ss2026-09-05 11:03:35,555 yyyy-MM-dd HH:mm:ss2026-09-05 11:03:35,556 yyyy-MM-dd HH:mm:ss2026-09-05 11:03:35,557 yyyy-MM-dd HH:mm:ss2026-09-05 11:03:35,558 yyyy-MM-dd HH:mm:ss2026-09-05 11:03:35,558 yyyy-MM-dd HH:mm:ss2026-09-05 11:03:35,559 yyyy-MM-dd HH:mm:ss2026-09-05 11:03:35,559 yyyy-MM-dd HH:mm:ss2026-09-05 11:03:35,560 yyyy-MM-dd HH:mm:ss2026-09-05 11:03:35,563 yyyy-MM-dd HH:mm:ss2026-09-05 11:03:35,566 yyyy-MM-dd HH:mm:ss2026-09-05 11:03:35,567 yyyy-MM-dd HH:mm:ss2026-09-05 11:03:35,569 yyyy-MM-dd HH:mm:ss2026-09-05 11:03:35,570 yyyy-MM-dd HH:mm:ss2026-09-05 11:03:35,575 yyyy-MM-dd HH:mm:ss2026-09-05 11:03:35,577 yyyy-MM-dd HH:mm:ss2026-09-05 11:03:35,578 yyyy-MM-dd HH:mm:ss2026-09-05 11:03:35,584 yyyy-MM-dd HH:mm:ss2026-09-05 11:03:35,585 yyyy-MM-dd HH:mm:ss2026-09-05 11:03:35,586 yyyy-MM-dd HH:mm:ss2026-09-05 11:03:35,586 yyyy-MM-dd HH:mm:ss2026-09-05 11:03:35,587 yyyy-MM-dd HH:mm:ss2026-09-05 11:03:35,588 yyyy-MM-dd HH:mm:ss2026-09-05 11:03:35,589 yyyy-MM-dd HH:mm:ss2026-09-05 11:03:35,592 yyyy-MM-dd HH:mm:ss2026-09-05 11:03:35,593 yyyy-MM-dd HH:mm:ss2026-09-05 11:03:35,599 yyyy-MM-dd HH:mm:ss2026-09-05 11:03:35,600 yyyy-MM-dd HH:mm:ss2026-09-05 11:03:35,601 yyyy-MM-dd HH:mm:ss2026-09-05 11:03:35,602 yyyy-MM-dd HH:mm:ss2026-09-05 11:03:35,603 yyyy-MM-dd HH:mm:ss2026-09-05 11:03:35,603 yyyy-MM-dd HH:mm:ss2026-09-05 11:03:35,605 yyyy-MM-dd HH:mm:ss2026-09-05 11:03:35,607 yyyy-MM-dd HH:mm:ss2026-09-05 11:03:35,609 yyyy-MM-dd HH:mm:ss2026-09-05 11:03:35,609 yyyy-MM-dd HH:mm:ss2026-09-05 11:03:35,623 yyyy-MM-dd HH:mm:ss2026-09-05 11:03:35,624 yyyy-MM-dd HH:mm:ss2026-09-05 11:03:35,625 yyyy-MM-dd HH:mm:ss2026-09-05 11:03:35,626 yyyy-MM-dd HH:mm:ss2026-09-05 11:03:35,627 yyyy-MM-dd HH:mm:ss2026-09-05 11:03:35,629 yyyy-MM-dd HH:mm:ss2026-09-05 11:03:35,647 yyyy-MM-dd HH:mm:ss2026-09-05 11:03:35,648 yyyy-MM-dd HH:mm:ss2026-09-05 11:03:35,650 yyyy-MM-dd HH:mm:ss2026-09-05 11:03:35,656 yyyy-MM-dd HH:mm:ss2026-09-05 11:03:35,656 yyyy-MM-dd HH:mm:ss2026-09-05 11:03:35,657 yyyy-MM-dd HH:mm:ss2026-09-05 11:03:35,658 yyyy-MM-dd HH:mm:ss2026-09-05 11:03:35,661 yyyy-MM-dd HH:mm:ss2026-09-05 11:03:35,661 yyyy-MM-dd HH:mm:ss2026-09-05 11:03:35,664 yyyy-MM-dd HH:mm:ss2026-09-05 11:03:35,664 yyyy-MM-dd HH:mm:ss2026-09-05 11:03:35,682 yyyy-MM-dd HH:mm:ss2026-09-05 11:03:35,683 yyyy-MM-dd HH:mm:ss2026-09-05 11:03:35,684 yyyy-MM-dd HH:mm:ss2026-09-05 11:03:35,685 yyyy-MM-dd HH:mm:ss2026-09-05 11:03:35,686 yyyy-MM-dd HH:mm:ss2026-09-05 11:03:35,686 yyyy-MM-dd HH:mm:ss2026-09-05 11:03:35,688 yyyy-MM-dd HH:mm:ss2026-09-05 11:03:35,690 yyyy-MM-dd HH:mm:ss2026-09-05 11:03:35,690 yyyy-MM-dd HH:mm:ss2026-09-05 11:03:35,691 yyyy-MM-dd HH:mm:ss2026-09-05 11:03:35,693 yyyy-MM-dd HH:mm:ss2026-09-05 11:03:35,694 yyyy-MM-dd HH:mm:ss2026-09-05 11:03:35,695 yyyy-MM-dd HH:mm:ss2026-09-05 11:03:35,696 yyyy-MM-dd HH:mm:ss2026-09-05 11:03:35,696 yyyy-MM-dd HH:mm:ss2026-09-05 11:03:35,706 yyyy-MM-dd HH:mm:ss2026-09-05 11:03:35,706 yyyy-MM-dd HH:mm:ss2026-09-05 11:03:35,707 yyyy-MM-dd HH:mm:ss2026-09-05 11:03:35,712 yyyy-MM-dd HH:mm:ss2026-09-05 11:03:35,713 yyyy-MM-dd HH:mm:ss2026-09-05 11:03:35,714 yyyy-MM-dd HH:mm:ss2026-09-05 11:03:35,715 yyyy-MM-dd HH:mm:ss2026-09-05 11:03:35,718 yyyy-MM-dd HH:mm:ss2026-09-05 11:03:35,718 yyyy-MM-dd HH:mm:ss2026-09-05 11:03:35,719 yyyy-MM-dd HH:mm:ss2026-09-05 11:03:35,719 yyyy-MM-dd HH:mm:ss2026-09-05 11:03:35,720 yyyy-MM-dd HH:mm:ss2026-09-05 11:03:35,722 yyyy-MM-dd HH:mm:ss2026-09-05 11:03:35,723 yyyy-MM-dd HH:mm:ss2026-09-05 11:03:35,724 yyyy-MM-dd HH:mm:ss2026-09-05 11:03:35,725 yyyy-MM-dd HH:mm:ss2026-09-05 11:03:35,735 yyyy-MM-dd HH:mm:ss2026-09-05 11:03:35,741 yyyy-MM-dd HH:mm:ss2026-09-05 11:03:35,746 yyyy-MM-dd HH:mm:ss2026-09-05 11:03:35,749 yyyy-MM-dd HH:mm:ss2026-09-05 11:03:35,751 yyyy-MM-dd HH:mm:ss2026-09-05 11:03:35,752 yyyy-MM-dd HH:mm:ss2026-09-05 11:03:35,753 yyyy-MM-dd HH:mm:ss2026-09-05 11:03:35,754 yyyy-MM-dd HH:mm:ss2026-09-05 11:03:35,756 yyyy-MM-dd HH:mm:ss2026-09-05 11:03:35,757 yyyy-MM-dd HH:mm:ss2026-09-05 11:03:35,757 yyyy-MM-dd HH:mm:ss2026-09-05 11:03:35,761 yyyy-MM-dd HH:mm:ss2026-09-05 11:03:35,762 yyyy-MM-dd HH:mm:ss2026-09-05 11:03:35,762 yyyy-MM-dd HH:mm:ss2026-09-05 11:03:35,763 yyyy-MM-dd HH:mm:ss2026-09-05 11:03:35,765 yyyy-MM-dd HH:mm:ss2026-09-05 11:03:35,766 yyyy-MM-dd HH:mm:ss2026-09-05 11:03:35,771 yyyy-MM-dd HH:mm:ss2026-09-05 11:03:35,774 yyyy-MM-dd HH:mm:ss2026-09-05 11:03:35,774 yyyy-MM-dd HH:mm:ss2026-09-05 11:03:35,775 yyyy-MM-dd HH:mm:ss2026-09-05 11:03:35,794 yyyy-MM-dd HH:mm:ss2026-09-05 11:03:35,798 yyyy-MM-dd HH:mm:ss2026-09-05 11:03:35,798 yyyy-MM-dd HH:mm:ss2026-09-05 11:03:35,799 yyyy-MM-dd HH:mm:ss2026-09-05 11:03:35,801 yyyy-MM-dd HH:mm:ss2026-09-05 11:03:35,801 yyyy-MM-dd HH:mm:ss2026-09-05 11:03:35,803 yyyy-MM-dd HH:mm:ss2026-09-05 11:03:35,804 yyyy-MM-dd HH:mm:ss2026-09-05 11:03:35,804 yyyy-MM-dd HH:mm:ss2026-09-05 11:03:35,805 yyyy-MM-dd HH:mm:ss2026-09-05 11:03:35,806 yyyy-MM-dd HH:mm:ss2026-09-05 11:03:35,806 yyyy-MM-dd HH:mm:ss2026-09-05 11:03:35,807 yyyy-MM-dd HH:mm:ss2026-09-05 11:03:35,809 yyyy-MM-dd HH:mm:ss2026-09-05 11:03:35,810 yyyy-MM-dd HH:mm:ss2026-09-05 11:03:35,810 yyyy-MM-dd HH:mm:ss2026-09-05 11:03:35,810 yyyy-MM-dd HH:mm:ss2026-09-05 11:03:35,811 yyyy-MM-dd HH:mm:ss2026-09-05 11:03:35,811 yyyy-MM-dd HH:mm:ss2026-09-05 11:03:35,813 yyyy-MM-dd HH:mm:ss2026-09-05 11:03:35,815 yyyy-MM-dd HH:mm:ss2026-09-05 11:03:35,817 yyyy-MM-dd HH:mm:ss2026-09-05 11:03:35,818 yyyy-MM-dd HH:mm:ss2026-09-05 11:03:35,818 yyyy-MM-dd HH:mm:ss2026-09-05 11:03:35,831 yyyy-MM-dd HH:mm:ss2026-09-05 11:03:35,832 yyyy-MM-dd HH:mm:ss2026-09-05 11:03:35,835 yyyy-MM-dd HH:mm:ss2026-09-05 11:03:35,835 yyyy-MM-dd HH:mm:ss2026-09-05 11:03:35,835 yyyy-MM-dd HH:mm:ss2026-09-05 11:03:35,835 yyyy-MM-dd HH:mm:ss2026-09-05 11:03:35,835 yyyy-MM-dd HH:mm:ss2026-09-05 11:03:35,835 yyyy-MM-dd HH:mm:ss2026-09-05 11:03:35,835 yyyy-MM-dd HH:mm:ss2026-09-05 11:03:35,843 yyyy-MM-dd HH:mm:ss2026-09-05 11:03:35,871 yyyy-MM-dd HH:mm:ss2026-09-05 11:03:35,872 yyyy-MM-dd HH:mm:ss2026-09-05 11:03:35,873 yyyy-MM-dd HH:mm:ss2026-09-05 11:03:35,874 yyyy-MM-dd HH:mm:ss2026-09-05 11:03:35,886 yyyy-MM-dd HH:mm:ss2026-09-05 11:03:35,888 yyyy-MM-dd HH:mm:ss2026-09-05 11:03:35,982 yyyy-MM-dd HH:mm:ss2026-09-05 11:03:35,982 yyyy-MM-dd HH:mm:ss2026-09-05 11:03:35,982 yyyy-MM-dd HH:mm:ss2026-09-05 11:03:35,982 yyyy-MM-dd HH:mm:ss2026-09-05 11:03:35,984 yyyy-MM-dd HH:mm:ss2026-09-05 11:03:36,012 yyyy-MM-dd HH:mm:ss2026-09-05 11:03:36,016 yyyy-MM-dd HH:mm:ss2026-09-05 11:03:36,016 yyyy-MM-dd HH:mm:ss2026-09-05 11:03:36,016 yyyy-MM-dd HH:mm:ss2026-09-05 11:03:36,044 yyyy-MM-dd HH:mm:ss2026-09-05 11:03:36,049 yyyy-MM-dd HH:mm:ss2026-09-05 11:03:36,218 yyyy-MM-dd HH:mm:ss2026-09-05 11:03:36,222 yyyy-MM-dd HH:mm:ss2026-09-05 11:03:36,222 yyyy-MM-dd HH:mm:ss2026-09-05 11:03:36,222 yyyy-MM-dd HH:mm:ss2026-09-05 11:03:36,223 yyyy-MM-dd HH:mm:ss2026-09-05 11:03:36,224 yyyy-MM-dd HH:mm:ss2026-09-05 11:03:36,225 yyyy-MM-dd HH:mm:ss2026-09-05 11:03:46,294 yyyy-MM-dd HH:mm:ss2026-09-05 11:03:46,295 yyyy-MM-dd HH:mm:ss2026-09-05 11:03:46,296 yyyy-MM-dd HH:mm:ss2026-09-05 11:03:46,297 yyyy-MM-dd HH:mm:ss2026-09-05 11:03:46,314 yyyy-MM-dd HH:mm:ss2026-09-05 11:03:46,314 yyyy-MM-dd HH:mm:ss2026-09-05 11:03:46,315 yyyy-MM-dd HH:mm:ss2026-09-05 11:03:46,315 yyyy-MM-dd HH:mm:ss2026-09-05 11:03:46,374 yyyy-MM-dd HH:mm:ss2026-09-05 11:03:46,406 yyyy-MM-dd HH:mm:ss2026-09-05 11:03:46,412 yyyy-MM-dd HH:mm:ss2026-09-05 11:03:46,413 yyyy-MM-dd HH:mm:ss2026-09-05 11:03:46,988 yyyy-MM-dd HH:mm:ss2026-09-05 11:03:47,060 yyyy-MM-dd HH:mm:ss2026-09-05 11:03:47,437 yyyy-MM-dd HH:mm:ss2026-09-05 11:03:47,440 yyyy-MM-dd HH:mm:ss2026-09-05 11:03:47,460 yyyy-MM-dd HH:mm:ss2026-09-05 11:03:47,500 yyyy-MM-dd HH:mm:ss2026-09-05 11:03:47,560 yyyy-MM-dd HH:mm:ss2026-09-05 11:03:47,561 yyyy-MM-dd HH:mm:ss2026-09-05 11:03:47,590 yyyy-MM-dd HH:mm:ss2026-09-05 11:03:47,593 yyyy-MM-dd HH:mm:ss2026-09-05 11:03:47,600 yyyy-MM-dd HH:mm:ss2026-09-05 11:03:47,617 yyyy-MM-dd HH:mm:ss2026-09-05 11:03:47,624 yyyy-MM-dd HH:mm:ss2026-09-05 11:03:47,627 yyyy-MM-dd HH:mm:ss2026-09-05 11:03:47,630 yyyy-MM-dd HH:mm:ss2026-09-05 11:03:47,677 yyyy-MM-dd HH:mm:ss2026-09-05 11:03:47,819 yyyy-MM-dd HH:mm:ss2026-09-05 11:03:47,823 yyyy-MM-dd HH:mm:ss2026-09-05 11:03:47,846 yyyy-MM-dd HH:mm:ss2026-09-05 11:03:47,853 yyyy-MM-dd HH:mm:ss2026-09-05 11:03:47,854 yyyy-MM-dd HH:mm:ss2026-09-05 11:03:57,871 yyyy-MM-dd HH:mm:ss2026-09-05 11:03:57,871 yyyy-MM-dd HH:mm:ss2026-09-05 11:04:27,872 yyyy-MM-dd HH:mm:ss2026-09-05 11:04:27,873 yyyy-MM-dd HH:mm:ss2026-09-05 11:04:49,320 yyyy-MM-dd HH:mm:ss2026-09-05 11:04:49,327 yyyy-MM-dd HH:mm:ss2026-09-05 11:04:49,327 yyyy-MM-dd HH:mm:ss2026-09-05 11:04:49,328 yyyy-MM-dd HH:mm:ss2026-09-05 11:04:49,363 yyyy-MM-dd HH:mm:ss2026-09-05 11:04:49,364 yyyy-MM-dd HH:mm:ss2026-09-05 11:04:49,364 yyyy-MM-dd HH:mm:ss2026-09-05 11:04:49,364 yyyy-MM-dd HH:mm:ss2026-09-05 11:04:49,364 yyyy-MM-dd HH:mm:ss2026-09-05 11:04:49,377 yyyy-MM-dd HH:mm:ss2026-09-05 11:04:49,389 yyyy-MM-dd HH:mm:ss2026-09-05 11:04:49,394 yyyy-MM-dd HH:mm:ss2026-09-05 11:04:49,394 yyyy-MM-dd HH:mm:ss2026-09-05 11:04:49,407 yyyy-MM-dd HH:mm:ss2026-09-05 11:04:49,407 yyyy-MM-dd HH:mm:ss2026-09-05 11:04:49,407 yyyy-MM-dd HH:mm:ss2026-09-05 11:04:49,513 yyyy-MM-dd HH:mm:ss2026-09-05 11:04:49,517 yyyy-MM-dd HH:mm:ss2026-09-05 11:04:49,518 yyyy-MM-dd HH:mm:ss2026-09-05 11:04:49,518 yyyy-MM-dd HH:mm:ss2026-09-05 11:04:49,543 yyyy-MM-dd HH:mm:ss2026-09-05 11:04:49,544 yyyy-MM-dd HH:mm:ss2026-09-05 11:04:49,544 yyyy-MM-dd HH:mm:ss2026-09-05 11:04:49,552 yyyy-MM-dd HH:mm:ss2026-09-05 11:04:49,562 yyyy-MM-dd HH:mm:ss2026-09-05 11:04:49,564 yyyy-MM-dd HH:mm:ss2026-09-05 11:04:49,564 yyyy-MM-dd HH:mm:ss2026-09-05 11:04:49,573 yyyy-MM-dd HH:mm:ss2026-09-05 11:04:49,574 yyyy-MM-dd HH:mm:ss2026-09-05 11:04:49,574 yyyy-MM-dd HH:mm:ss2026-09-05 11:04:49,578 yyyy-MM-dd HH:mm:ss2026-09-05 11:04:49,582 yyyy-MM-dd HH:mm:ss2026-09-05 11:04:49,583 yyyy-MM-dd HH:mm:ss2026-09-05 11:04:49,583 yyyy-MM-dd HH:mm:ss2026-09-05 11:04:49,618 yyyy-MM-dd HH:mm:ss2026-09-05 11:04:49,618 yyyy-MM-dd HH:mm:ss2026-09-05 11:04:49,619 yyyy-MM-dd HH:mm:ss2026-09-05 11:04:49,624 yyyy-MM-dd HH:mm:ss2026-09-05 11:04:49,627 yyyy-MM-dd HH:mm:ss2026-09-05 11:04:49,628 yyyy-MM-dd HH:mm:ss2026-09-05 11:04:49,631 yyyy-MM-dd HH:mm:ss2026-09-05 11:04:49,632 yyyy-MM-dd HH:mm:ss2026-09-05 11:04:49,641 yyyy-MM-dd HH:mm:ss2026-09-05 11:04:49,642 yyyy-MM-dd HH:mm:ss2026-09-05 11:04:49,643 yyyy-MM-dd HH:mm:ss2026-09-05 11:04:49,704 yyyy-MM-dd HH:mm:ss2026-09-05 11:04:49,704 yyyy-MM-dd HH:mm:ss2026-09-05 11:04:49,704 yyyy-MM-dd HH:mm:ss2026-09-05 11:04:49,794 yyyy-MM-dd HH:mm:ss2026-09-05 11:04:49,796 yyyy-MM-dd HH:mm:ss2026-09-05 11:04:49,796 yyyy-MM-dd HH:mm:ss2026-09-05 11:04:50,650 yyyy-MM-dd HH:mm:ss2026-09-05 11:04:50,652 yyyy-MM-dd HH:mm:ss2026-09-05 11:04:50,652 yyyy-MM-dd HH:mm:ss2026-09-05 11:04:50,652 yyyy-MM-dd HH:mm:ss2026-09-05 11:04:50,656 yyyy-MM-dd HH:mm:ss2026-09-05 11:04:50,656 yyyy-MM-dd HH:mm:ss2026-09-05 11:04:50,674 yyyy-MM-dd HH:mm:ss2026-09-05 11:04:50,678 yyyy-MM-dd HH:mm:ss2026-09-05 11:04:50,678 yyyy-MM-dd HH:mm:ss2026-09-05 11:04:50,678 yyyy-MM-dd HH:mm:ss2026-09-05 11:04:50,694 yyyy-MM-dd HH:mm:ss2026-09-05 11:04:50,698 yyyy-MM-dd HH:mm:ss2026-09-05 11:04:50,699 yyyy-MM-dd HH:mm:ss2026-09-05 11:04:50,803 yyyy-MM-dd HH:mm:ss2026-09-05 11:04:50,803 yyyy-MM-dd HH:mm:ss2026-09-05 11:04:50,804 yyyy-MM-dd HH:mm:ss2026-09-05 11:04:50,837 yyyy-MM-dd HH:mm:ss2026-09-05 11:04:50,840 yyyy-MM-dd HH:mm:ss2026-09-05 11:04:50,841 yyyy-MM-dd HH:mm:ss2026-09-05 11:04:50,842 yyyy-MM-dd HH:mm:ss2026-09-05 11:04:50,844 yyyy-MM-dd HH:mm:ss2026-09-05 11:04:50,847 yyyy-MM-dd HH:mm:ss2026-09-05 11:04:50,849 yyyy-MM-dd HH:mm:ss2026-09-05 11:04:50,851 yyyy-MM-dd HH:mm:ss2026-09-05 11:04:50,851 yyyy-MM-dd HH:mm:ss2026-09-05 11:04:50,851 yyyy-MM-dd HH:mm:ss2026-09-05 11:04:57,882 yyyy-MM-dd HH:mm:ss2026-09-05 11:04:57,884 yyyy-MM-dd HH:mm:ss2026-09-05 11:04:57,973 yyyy-MM-dd HH:mm:ss2026-09-05 11:04:57,977 yyyy-MM-dd HH:mm:ss2026-09-05 11:04:57,978 yyyy-MM-dd HH:mm:ss2026-09-05 11:04:57,985 yyyy-MM-dd HH:mm:ss2026-09-05 11:04:58,021 yyyy-MM-dd HH:mm:ss2026-09-05 11:04:58,021 yyyy-MM-dd HH:mm:ss2026-09-05 11:04:58,031 yyyy-MM-dd HH:mm:ss2026-09-05 11:04:58,040 yyyy-MM-dd HH:mm:ss2026-09-05 11:04:58,045 yyyy-MM-dd HH:mm:ss2026-09-05 11:04:58,596 yyyy-MM-dd HH:mm:ss2026-09-05 11:04:58,719 yyyy-MM-dd HH:mm:ss2026-09-05 11:04:58,720 yyyy-MM-dd HH:mm:ss2026-09-05 11:04:58,720 yyyy-MM-dd HH:mm:ss2026-09-05 11:04:58,739 yyyy-MM-dd HH:mm:ss2026-09-05 11:04:58,740 yyyy-MM-dd HH:mm:ss2026-09-05 11:04:58,743 yyyy-MM-dd HH:mm:ss2026-09-05 11:04:58,744 yyyy-MM-dd HH:mm:ss2026-09-05 11:04:58,749 yyyy-MM-dd HH:mm:ss2026-09-05 11:04:58,749 yyyy-MM-dd HH:mm:ss2026-09-05 11:04:58,750 yyyy-MM-dd HH:mm:ss2026-09-05 11:05:12,496 yyyy-MM-dd HH:mm:ss2026-09-05 11:05:13,255 yyyy-MM-dd HH:mm:ss2026-09-05 11:05:14,482 yyyy-MM-dd HH:mm:ss2026-09-05 11:05:15,150 yyyy-MM-dd HH:mm:ss2026-09-05 11:05:18,420 yyyy-MM-dd HH:mm:ss2026-09-05 11:05:18,856 yyyy-MM-dd HH:mm:ss2026-09-05 11:05:19,012 yyyy-MM-dd HH:mm:ss2026-09-05 11:05:19,620 yyyy-MM-dd HH:mm:ss2026-09-05 11:05:20,849 yyyy-MM-dd HH:mm:ss2026-09-05 11:05:20,850 yyyy-MM-dd HH:mm:ss2026-09-05 11:05:20,850 yyyy-MM-dd HH:mm:ss2026-09-05 11:05:20,850 yyyy-MM-dd HH:mm:ss2026-09-05 11:05:21,112 yyyy-MM-dd HH:mm:ss2026-09-05 11:05:21,212 yyyy-MM-dd HH:mm:ss2026-09-05 11:05:21,214 yyyy-MM-dd HH:mm:ss2026-09-05 11:05:21,214 yyyy-MM-dd HH:mm:ss2026-09-05 11:05:21,217 yyyy-MM-dd HH:mm:ss2026-09-05 11:05:21,302 yyyy-MM-dd HH:mm:ss2026-09-05 11:05:21,374 yyyy-MM-dd HH:mm:ss2026-09-05 11:05:21,439 yyyy-MM-dd HH:mm:ss2026-09-05 11:05:21,440 yyyy-MM-dd HH:mm:ss2026-09-05 11:05:21,440 yyyy-MM-dd HH:mm:ss2026-09-05 11:05:21,455 yyyy-MM-dd HH:mm:ss2026-09-05 11:05:21,455 yyyy-MM-dd HH:mm:ss2026-09-05 11:05:21,457 yyyy-MM-dd HH:mm:ss2026-09-05 11:05:21,458 yyyy-MM-dd HH:mm:ss2026-09-05 11:05:21,466 yyyy-MM-dd HH:mm:ss2026-09-05 11:05:21,483 yyyy-MM-dd HH:mm:ss2026-09-05 11:05:21,483 yyyy-MM-dd HH:mm:ss2026-09-05 11:05:21,483 yyyy-MM-dd HH:mm:ss2026-09-05 11:05:21,484 yyyy-MM-dd HH:mm:ss2026-09-05 11:05:21,484 yyyy-MM-dd HH:mm:ss2026-09-05 11:05:21,484 yyyy-MM-dd HH:mm:ss2026-09-05 11:05:21,488 yyyy-MM-dd HH:mm:ss2026-09-05 11:05:21,510 yyyy-MM-dd HH:mm:ss2026-09-05 11:05:21,517 yyyy-MM-dd HH:mm:ss2026-09-05 11:05:21,518 yyyy-MM-dd HH:mm:ss2026-09-05 11:05:21,548 yyyy-MM-dd HH:mm:ss2026-09-05 11:05:21,549 yyyy-MM-dd HH:mm:ss2026-09-05 11:05:21,549 yyyy-MM-dd HH:mm:ss2026-09-05 11:05:24,867 yyyy-MM-dd HH:mm:ss2026-09-05 11:05:26,425 yyyy-MM-dd HH:mm:ss2026-09-05 11:05:27,884 yyyy-MM-dd HH:mm:ss2026-09-05 11:05:27,885 yyyy-MM-dd HH:mm:ss2026-09-05 11:05:35,812 yyyy-MM-dd HH:mm:ss2026-09-05 11:05:35,818 yyyy-MM-dd HH:mm:ss2026-09-05 11:05:35,819 yyyy-MM-dd HH:mm:ss2026-09-05 11:05:35,819 yyyy-MM-dd HH:mm:ss2026-09-05 11:05:35,829 yyyy-MM-dd HH:mm:ss2026-09-05 11:05:35,829 yyyy-MM-dd HH:mm:ss2026-09-05 11:05:35,831 yyyy-MM-dd HH:mm:ss2026-09-05 11:05:35,832 yyyy-MM-dd HH:mm:ss2026-09-05 11:05:35,834 yyyy-MM-dd HH:mm:ss2026-09-05 11:05:35,860 yyyy-MM-dd HH:mm:ss2026-09-05 11:05:35,871 yyyy-MM-dd HH:mm:ss2026-09-05 11:05:35,871 yyyy-MM-dd HH:mm:ss2026-09-05 11:05:35,871 yyyy-MM-dd HH:mm:ss2026-09-05 11:05:35,874 yyyy-MM-dd HH:mm:ss2026-09-05 11:05:35,874 yyyy-MM-dd HH:mm:ss2026-09-05 11:05:35,877 yyyy-MM-dd HH:mm:ss2026-09-05 11:05:35,877 yyyy-MM-dd HH:mm:ss2026-09-05 11:05:35,878 yyyy-MM-dd HH:mm:ss2026-09-05 11:05:35,878 yyyy-MM-dd HH:mm:ss2026-09-05 11:05:35,878 yyyy-MM-dd HH:mm:ss2026-09-05 11:05:36,280 yyyy-MM-dd HH:mm:ss2026-09-05 11:05:36,282 yyyy-MM-dd HH:mm:ss2026-09-05 11:05:36,282 yyyy-MM-dd HH:mm:ss2026-09-05 11:05:36,282 yyyy-MM-dd HH:mm:ss2026-09-05 11:05:36,284 yyyy-MM-dd HH:mm:ss2026-09-05 11:05:36,284 yyyy-MM-dd HH:mm:ss2026-09-05 11:05:36,285 yyyy-MM-dd HH:mm:ss2026-09-05 11:05:36,286 yyyy-MM-dd HH:mm:ss2026-09-05 11:05:36,292 yyyy-MM-dd HH:mm:ss2026-09-05 11:05:36,295 yyyy-MM-dd HH:mm:ss2026-09-05 11:05:36,306 yyyy-MM-dd HH:mm:ss2026-09-05 11:05:36,306 yyyy-MM-dd HH:mm:ss2026-09-05 11:05:36,307 yyyy-MM-dd HH:mm:ss2026-09-05 11:05:36,309 yyyy-MM-dd HH:mm:ss2026-09-05 11:05:36,311 yyyy-MM-dd HH:mm:ss2026-09-05 11:05:36,312 yyyy-MM-dd HH:mm:ss2026-09-05 11:05:36,312 yyyy-MM-dd HH:mm:ss2026-09-05 11:05:36,314 yyyy-MM-dd HH:mm:ss2026-09-05 11:05:36,314 yyyy-MM-dd HH:mm:ss2026-09-05 11:05:36,315 yyyy-MM-dd HH:mm:ss2026-09-05 11:05:37,281 yyyy-MM-dd HH:mm:ss2026-09-05 11:05:37,282 yyyy-MM-dd HH:mm:ss2026-09-05 11:05:37,283 yyyy-MM-dd HH:mm:ss2026-09-05 11:05:37,283 yyyy-MM-dd HH:mm:ss2026-09-05 11:05:37,284 yyyy-MM-dd HH:mm:ss2026-09-05 11:05:37,284 yyyy-MM-dd HH:mm:ss2026-09-05 11:05:37,286 yyyy-MM-dd HH:mm:ss2026-09-05 11:05:37,289 yyyy-MM-dd HH:mm:ss2026-09-05 11:05:37,290 yyyy-MM-dd HH:mm:ss2026-09-05 11:05:37,291 yyyy-MM-dd HH:mm:ss2026-09-05 11:05:37,296 yyyy-MM-dd HH:mm:ss2026-09-05 11:05:37,297 yyyy-MM-dd HH:mm:ss2026-09-05 11:05:37,297 yyyy-MM-dd HH:mm:ss2026-09-05 11:05:37,300 yyyy-MM-dd HH:mm:ss2026-09-05 11:05:37,302 yyyy-MM-dd HH:mm:ss2026-09-05 11:05:37,303 yyyy-MM-dd HH:mm:ss2026-09-05 11:05:37,303 yyyy-MM-dd HH:mm:ss2026-09-05 11:05:37,303 yyyy-MM-dd HH:mm:ss2026-09-05 11:05:37,303 yyyy-MM-dd HH:mm:ss2026-09-05 11:05:37,304 yyyy-MM-dd HH:mm:ss2026-09-05 11:05:48,161 yyyy-MM-dd HH:mm:ss2026-09-05 11:05:48,167 yyyy-MM-dd HH:mm:ss2026-09-05 11:05:48,167 yyyy-MM-dd HH:mm:ss2026-09-05 11:05:48,168 yyyy-MM-dd HH:mm:ss2026-09-05 11:05:48,168 yyyy-MM-dd HH:mm:ss2026-09-05 11:05:48,169 yyyy-MM-dd HH:mm:ss2026-09-05 11:05:48,170 yyyy-MM-dd HH:mm:ss2026-09-05 11:05:48,172 yyyy-MM-dd HH:mm:ss2026-09-05 11:05:48,174 yyyy-MM-dd HH:mm:ss2026-09-05 11:05:48,180 yyyy-MM-dd HH:mm:ss2026-09-05 11:05:48,185 yyyy-MM-dd HH:mm:ss2026-09-05 11:05:48,185 yyyy-MM-dd HH:mm:ss2026-09-05 11:05:48,187 yyyy-MM-dd HH:mm:ss2026-09-05 11:05:48,189 yyyy-MM-dd HH:mm:ss2026-09-05 11:05:48,190 yyyy-MM-dd HH:mm:ss2026-09-05 11:05:48,192 yyyy-MM-dd HH:mm:ss2026-09-05 11:05:48,193 yyyy-MM-dd HH:mm:ss2026-09-05 11:05:48,194 yyyy-MM-dd HH:mm:ss2026-09-05 11:05:48,195 yyyy-MM-dd HH:mm:ss2026-09-05 11:05:48,195 yyyy-MM-dd HH:mm:ss2026-09-05 11:05:57,898 yyyy-MM-dd HH:mm:ss2026-09-05 11:05:57,898 yyyy-MM-dd HH:mm:ss2026-09-05 11:06:11,677 yyyy-MM-dd HH:mm:ss2026-09-05 11:06:11,683 yyyy-MM-dd HH:mm:ss2026-09-05 11:06:11,683 yyyy-MM-dd HH:mm:ss2026-09-05 11:06:11,683 yyyy-MM-dd HH:mm:ss2026-09-05 11:06:11,690 yyyy-MM-dd HH:mm:ss2026-09-05 11:06:11,697 yyyy-MM-dd HH:mm:ss2026-09-05 11:06:11,698 yyyy-MM-dd HH:mm:ss2026-09-05 11:06:11,699 yyyy-MM-dd HH:mm:ss2026-09-05 11:06:11,700 yyyy-MM-dd HH:mm:ss2026-09-05 11:06:11,700 yyyy-MM-dd HH:mm:ss2026-09-05 11:06:27,909 yyyy-MM-dd HH:mm:ss2026-09-05 11:06:27,909 yyyy-MM-dd HH:mm:ss2026-09-05 11:06:57,247 yyyy-MM-dd HH:mm:ss2026-09-05 11:06:57,918 yyyy-MM-dd HH:mm:ss2026-09-05 11:06:57,918 yyyy-MM-dd HH:mm:ss2026-09-05 11:06:58,263 yyyy-MM-dd HH:mm:ss2026-09-05 11:07:00,963 yyyy-MM-dd HH:mm:ss2026-09-05 11:07:02,436 yyyy-MM-dd HH:mm:ss2026-09-05 11:07:08,877 yyyy-MM-dd HH:mm:ss2026-09-05 11:07:09,566 yyyy-MM-dd HH:mm:ss2026-09-05 11:07:09,929 yyyy-MM-dd HH:mm:ss2026-09-05 11:07:11,189 yyyy-MM-dd HH:mm:ss2026-09-05 11:07:21,819 yyyy-MM-dd HH:mm:ss2026-09-05 11:07:24,652 yyyy-MM-dd HH:mm:ss2026-09-05 11:07:27,928 yyyy-MM-dd HH:mm:ss2026-09-05 11:07:27,928 yyyy-MM-dd HH:mm:ss2026-09-05 11:07:57,932 yyyy-MM-dd HH:mm:ss2026-09-05 11:07:57,932 yyyy-MM-dd HH:mm:ss2026-09-05 11:08:27,942 yyyy-MM-dd HH:mm:ss2026-09-05 11:08:27,942 yyyy-MM-dd HH:mm:ss2026-09-05 11:08:41,999 yyyy-MM-dd HH:mm:ss2026-09-05 11:08:43,276 yyyy-MM-dd HH:mm:ss2026-09-05 11:08:47,449 yyyy-MM-dd HH:mm:ss2026-09-05 11:08:49,726 yyyy-MM-dd HH:mm:ss2026-09-05 11:08:57,949 yyyy-MM-dd HH:mm:ss2026-09-05 11:08:57,949 yyyy-MM-dd HH:mm:ss2026-09-05 11:08:59,334 yyyy-MM-dd HH:mm:ss2026-09-05 11:09:00,268 yyyy-MM-dd HH:mm:ss2026-09-05 11:09:00,846 yyyy-MM-dd HH:mm:ss2026-09-05 11:09:02,757 yyyy-MM-dd HH:mm:ss2026-09-05 11:09:18,762 yyyy-MM-dd HH:mm:ss2026-09-05 11:09:22,880 yyyy-MM-dd HH:mm:ss2026-09-05 11:09:24,843 yyyy-MM-dd HH:mm:ss2026-09-05 11:09:24,843 yyyy-MM-dd HH:mm:ss2026-09-05 11:09:24,844 yyyy-MM-dd HH:mm:ss2026-09-05 11:09:24,846 yyyy-MM-dd HH:mm:ss2026-09-05 11:09:24,846 yyyy-MM-dd HH:mm:ss2026-09-05 11:09:24,847 yyyy-MM-dd HH:mm:ss2026-09-05 11:09:24,857 yyyy-MM-dd HH:mm:ss2026-09-05 11:09:24,859 yyyy-MM-dd HH:mm:ss2026-09-05 11:09:24,860 yyyy-MM-dd HH:mm:ss2026-09-05 11:09:24,882 yyyy-MM-dd HH:mm:ss2026-09-05 11:09:24,882 yyyy-MM-dd HH:mm:ss2026-09-05 11:09:24,883 yyyy-MM-dd HH:mm:ss2026-09-05 11:09:24,883 yyyy-MM-dd HH:mm:ss2026-09-05 11:09:24,885 yyyy-MM-dd HH:mm:ss2026-09-05 11:09:24,886 yyyy-MM-dd HH:mm:ss2026-09-05 11:09:24,886 yyyy-MM-dd HH:mm:ss2026-09-05 11:09:24,886 yyyy-MM-dd HH:mm:ss2026-09-05 11:09:24,886 yyyy-MM-dd HH:mm:ss2026-09-05 11:09:24,894 yyyy-MM-dd HH:mm:ss2026-09-05 11:09:24,894 yyyy-MM-dd HH:mm:ss2026-09-05 11:09:24,904 yyyy-MM-dd HH:mm:ss2026-09-05 11:09:24,904 yyyy-MM-dd HH:mm:ss2026-09-05 11:09:24,907 yyyy-MM-dd HH:mm:ss2026-09-05 11:09:24,915 yyyy-MM-dd HH:mm:ss2026-09-05 11:09:24,916 yyyy-MM-dd HH:mm:ss2026-09-05 11:09:24,917 yyyy-MM-dd HH:mm:ss2026-09-05 11:09:24,918 yyyy-MM-dd HH:mm:ss2026-09-05 11:09:24,919 yyyy-MM-dd HH:mm:ss2026-09-05 11:09:24,919 yyyy-MM-dd HH:mm:ss2026-09-05 11:09:24,919 yyyy-MM-dd HH:mm:ss2026-09-05 11:09:24,921 yyyy-MM-dd HH:mm:ss2026-09-05 11:09:24,922 yyyy-MM-dd HH:mm:ss2026-09-05 11:09:24,923 yyyy-MM-dd HH:mm:ss2026-09-05 11:09:24,924 yyyy-MM-dd HH:mm:ss2026-09-05 11:09:24,924 yyyy-MM-dd HH:mm:ss2026-09-05 11:09:24,925 yyyy-MM-dd HH:mm:ss2026-09-05 11:09:25,107 yyyy-MM-dd HH:mm:ss2026-09-05 11:09:25,211 yyyy-MM-dd HH:mm:ss2026-09-05 11:09:25,211 yyyy-MM-dd HH:mm:ss2026-09-05 11:09:25,211 yyyy-MM-dd HH:mm:ss2026-09-05 11:09:25,212 yyyy-MM-dd HH:mm:ss2026-09-05 11:09:25,216 yyyy-MM-dd HH:mm:ss2026-09-05 11:09:25,217 yyyy-MM-dd HH:mm:ss2026-09-05 11:09:25,219 yyyy-MM-dd HH:mm:ss2026-09-05 11:09:25,255 yyyy-MM-dd HH:mm:ss2026-09-05 11:09:25,275 yyyy-MM-dd HH:mm:ss2026-09-05 11:09:25,299 yyyy-MM-dd HH:mm:ss2026-09-05 11:09:25,301 yyyy-MM-dd HH:mm:ss2026-09-05 11:09:25,304 yyyy-MM-dd HH:mm:ss2026-09-05 11:09:25,307 yyyy-MM-dd HH:mm:ss2026-09-05 11:09:25,318 yyyy-MM-dd HH:mm:ss2026-09-05 11:09:25,319 yyyy-MM-dd HH:mm:ss2026-09-05 11:09:26,514 yyyy-MM-dd HH:mm:ss2026-09-05 11:09:26,519 yyyy-MM-dd HH:mm:ss2026-09-05 11:09:26,520 yyyy-MM-dd HH:mm:ss2026-09-05 11:09:26,520 yyyy-MM-dd HH:mm:ss2026-09-05 11:09:26,544 yyyy-MM-dd HH:mm:ss2026-09-05 11:09:26,567 yyyy-MM-dd HH:mm:ss2026-09-05 11:09:26,569 yyyy-MM-dd HH:mm:ss2026-09-05 11:09:26,569 yyyy-MM-dd HH:mm:ss2026-09-05 11:09:26,572 yyyy-MM-dd HH:mm:ss2026-09-05 11:09:27,022 yyyy-MM-dd HH:mm:ss2026-09-05 11:09:27,025 yyyy-MM-dd HH:mm:ss2026-09-05 11:09:27,025 yyyy-MM-dd HH:mm:ss2026-09-05 11:09:27,040 yyyy-MM-dd HH:mm:ss2026-09-05 11:09:27,040 yyyy-MM-dd HH:mm:ss2026-09-05 11:09:27,040 yyyy-MM-dd HH:mm:ss2026-09-05 11:09:27,041 yyyy-MM-dd HH:mm:ss2026-09-05 11:09:27,042 yyyy-MM-dd HH:mm:ss2026-09-05 11:09:27,043 yyyy-MM-dd HH:mm:ss2026-09-05 11:09:27,046 yyyy-MM-dd HH:mm:ss2026-09-05 11:09:27,047 yyyy-MM-dd HH:mm:ss2026-09-05 11:09:27,048 yyyy-MM-dd HH:mm:ss2026-09-05 11:09:27,048 yyyy-MM-dd HH:mm:ss2026-09-05 11:09:27,048 yyyy-MM-dd HH:mm:ss2026-09-05 11:09:27,049 yyyy-MM-dd HH:mm:ss2026-09-05 11:09:27,050 yyyy-MM-dd HH:mm:ss2026-09-05 11:09:27,051 yyyy-MM-dd HH:mm:ss2026-09-05 11:09:27,054 yyyy-MM-dd HH:mm:ss2026-09-05 11:09:27,056 yyyy-MM-dd HH:mm:ss2026-09-05 11:09:27,057 yyyy-MM-dd HH:mm:ss2026-09-05 11:09:27,060 yyyy-MM-dd HH:mm:ss2026-09-05 11:09:27,060 yyyy-MM-dd HH:mm:ss2026-09-05 11:09:27,061 yyyy-MM-dd HH:mm:ss2026-09-05 11:09:27,062 yyyy-MM-dd HH:mm:ss2026-09-05 11:09:27,063 yyyy-MM-dd HH:mm:ss2026-09-05 11:09:27,074 yyyy-MM-dd HH:mm:ss2026-09-05 11:09:27,075 yyyy-MM-dd HH:mm:ss2026-09-05 11:09:27,076 yyyy-MM-dd HH:mm:ss2026-09-05 11:09:27,089 yyyy-MM-dd HH:mm:ss2026-09-05 11:09:27,094 yyyy-MM-dd HH:mm:ss2026-09-05 11:09:27,097 yyyy-MM-dd HH:mm:ss2026-09-05 11:09:27,098 yyyy-MM-dd HH:mm:ss2026-09-05 11:09:27,099 yyyy-MM-dd HH:mm:ss2026-09-05 11:09:27,099 yyyy-MM-dd HH:mm:ss2026-09-05 11:09:27,099 yyyy-MM-dd HH:mm:ss2026-09-05 11:09:27,099 yyyy-MM-dd HH:mm:ss2026-09-05 11:09:27,103 yyyy-MM-dd HH:mm:ss2026-09-05 11:09:27,105 yyyy-MM-dd HH:mm:ss2026-09-05 11:09:27,106 yyyy-MM-dd HH:mm:ss2026-09-05 11:09:27,106 yyyy-MM-dd HH:mm:ss2026-09-05 11:09:27,107 yyyy-MM-dd HH:mm:ss2026-09-05 11:09:27,108 yyyy-MM-dd HH:mm:ss2026-09-05 11:09:27,108 yyyy-MM-dd HH:mm:ss2026-09-05 11:09:27,109 yyyy-MM-dd HH:mm:ss2026-09-05 11:09:27,109 yyyy-MM-dd HH:mm:ss2026-09-05 11:09:27,109 yyyy-MM-dd HH:mm:ss2026-09-05 11:09:27,111 yyyy-MM-dd HH:mm:ss2026-09-05 11:09:27,125 yyyy-MM-dd HH:mm:ss2026-09-05 11:09:27,129 yyyy-MM-dd HH:mm:ss2026-09-05 11:09:27,129 yyyy-MM-dd HH:mm:ss2026-09-05 11:09:27,129 yyyy-MM-dd HH:mm:ss2026-09-05 11:09:27,140 yyyy-MM-dd HH:mm:ss2026-09-05 11:09:27,144 yyyy-MM-dd HH:mm:ss2026-09-05 11:09:27,144 yyyy-MM-dd HH:mm:ss2026-09-05 11:09:27,150 yyyy-MM-dd HH:mm:ss2026-09-05 11:09:27,152 yyyy-MM-dd HH:mm:ss2026-09-05 11:09:27,152 yyyy-MM-dd HH:mm:ss2026-09-05 11:09:27,155 yyyy-MM-dd HH:mm:ss2026-09-05 11:09:27,155 yyyy-MM-dd HH:mm:ss2026-09-05 11:09:27,155 yyyy-MM-dd HH:mm:ss2026-09-05 11:09:27,157 yyyy-MM-dd HH:mm:ss2026-09-05 11:09:27,157 yyyy-MM-dd HH:mm:ss2026-09-05 11:09:27,159 yyyy-MM-dd HH:mm:ss2026-09-05 11:09:27,159 yyyy-MM-dd HH:mm:ss2026-09-05 11:09:27,161 yyyy-MM-dd HH:mm:ss2026-09-05 11:09:27,167 yyyy-MM-dd HH:mm:ss2026-09-05 11:09:27,169 yyyy-MM-dd HH:mm:ss2026-09-05 11:09:27,169 yyyy-MM-dd HH:mm:ss2026-09-05 11:09:27,169 yyyy-MM-dd HH:mm:ss2026-09-05 11:09:27,170 yyyy-MM-dd HH:mm:ss2026-09-05 11:09:27,171 yyyy-MM-dd HH:mm:ss2026-09-05 11:09:27,175 yyyy-MM-dd HH:mm:ss2026-09-05 11:09:27,176 yyyy-MM-dd HH:mm:ss2026-09-05 11:09:27,177 yyyy-MM-dd HH:mm:ss2026-09-05 11:09:27,180 yyyy-MM-dd HH:mm:ss2026-09-05 11:09:27,181 yyyy-MM-dd HH:mm:ss2026-09-05 11:09:27,183 yyyy-MM-dd HH:mm:ss2026-09-05 11:09:27,183 yyyy-MM-dd HH:mm:ss2026-09-05 11:09:27,184 yyyy-MM-dd HH:mm:ss2026-09-05 11:09:27,187 yyyy-MM-dd HH:mm:ss2026-09-05 11:09:27,190 yyyy-MM-dd HH:mm:ss2026-09-05 11:09:27,190 yyyy-MM-dd HH:mm:ss2026-09-05 11:09:27,191 yyyy-MM-dd HH:mm:ss2026-09-05 11:09:27,191 yyyy-MM-dd HH:mm:ss2026-09-05 11:09:27,192 yyyy-MM-dd HH:mm:ss2026-09-05 11:09:27,194 yyyy-MM-dd HH:mm:ss2026-09-05 11:09:27,195 yyyy-MM-dd HH:mm:ss2026-09-05 11:09:27,207 yyyy-MM-dd HH:mm:ss2026-09-05 11:09:27,209 yyyy-MM-dd HH:mm:ss2026-09-05 11:09:27,209 yyyy-MM-dd HH:mm:ss2026-09-05 11:09:27,242 yyyy-MM-dd HH:mm:ss2026-09-05 11:09:27,243 yyyy-MM-dd HH:mm:ss2026-09-05 11:09:27,243 yyyy-MM-dd HH:mm:ss2026-09-05 11:09:27,244 yyyy-MM-dd HH:mm:ss2026-09-05 11:09:27,488 yyyy-MM-dd HH:mm:ss2026-09-05 11:09:27,489 yyyy-MM-dd HH:mm:ss2026-09-05 11:09:27,489 yyyy-MM-dd HH:mm:ss2026-09-05 11:09:27,489 yyyy-MM-dd HH:mm:ss2026-09-05 11:09:27,517 yyyy-MM-dd HH:mm:ss2026-09-05 11:09:27,518 yyyy-MM-dd HH:mm:ss2026-09-05 11:09:27,519 yyyy-MM-dd HH:mm:ss2026-09-05 11:09:27,522 yyyy-MM-dd HH:mm:ss2026-09-05 11:09:27,527 yyyy-MM-dd HH:mm:ss2026-09-05 11:09:27,540 yyyy-MM-dd HH:mm:ss2026-09-05 11:09:27,540 yyyy-MM-dd HH:mm:ss2026-09-05 11:09:27,542 yyyy-MM-dd HH:mm:ss2026-09-05 11:09:27,544 yyyy-MM-dd HH:mm:ss2026-09-05 11:09:27,545 yyyy-MM-dd HH:mm:ss2026-09-05 11:09:27,548 yyyy-MM-dd HH:mm:ss2026-09-05 11:09:27,548 yyyy-MM-dd HH:mm:ss2026-09-05 11:09:27,549 yyyy-MM-dd HH:mm:ss2026-09-05 11:09:27,549 yyyy-MM-dd HH:mm:ss2026-09-05 11:09:27,551 yyyy-MM-dd HH:mm:ss2026-09-05 11:09:27,552 yyyy-MM-dd HH:mm:ss2026-09-05 11:09:27,554 yyyy-MM-dd HH:mm:ss2026-09-05 11:09:27,556 yyyy-MM-dd HH:mm:ss2026-09-05 11:09:27,556 yyyy-MM-dd HH:mm:ss2026-09-05 11:09:27,561 yyyy-MM-dd HH:mm:ss2026-09-05 11:09:27,562 yyyy-MM-dd HH:mm:ss2026-09-05 11:09:27,565 yyyy-MM-dd HH:mm:ss2026-09-05 11:09:27,565 yyyy-MM-dd HH:mm:ss2026-09-05 11:09:27,567 yyyy-MM-dd HH:mm:ss2026-09-05 11:09:27,567 yyyy-MM-dd HH:mm:ss2026-09-05 11:09:27,573 yyyy-MM-dd HH:mm:ss2026-09-05 11:09:27,573 yyyy-MM-dd HH:mm:ss2026-09-05 11:09:27,576 yyyy-MM-dd HH:mm:ss2026-09-05 11:09:27,576 yyyy-MM-dd HH:mm:ss2026-09-05 11:09:27,578 yyyy-MM-dd HH:mm:ss2026-09-05 11:09:27,582 yyyy-MM-dd HH:mm:ss2026-09-05 11:09:27,582 yyyy-MM-dd HH:mm:ss2026-09-05 11:09:27,584 yyyy-MM-dd HH:mm:ss2026-09-05 11:09:27,585 yyyy-MM-dd HH:mm:ss2026-09-05 11:09:27,585 yyyy-MM-dd HH:mm:ss2026-09-05 11:09:27,586 yyyy-MM-dd HH:mm:ss2026-09-05 11:09:27,587 yyyy-MM-dd HH:mm:ss2026-09-05 11:09:27,588 yyyy-MM-dd HH:mm:ss2026-09-05 11:09:27,589 yyyy-MM-dd HH:mm:ss2026-09-05 11:09:27,589 yyyy-MM-dd HH:mm:ss2026-09-05 11:09:27,593 yyyy-MM-dd HH:mm:ss2026-09-05 11:09:27,593 yyyy-MM-dd HH:mm:ss2026-09-05 11:09:27,594 yyyy-MM-dd HH:mm:ss2026-09-05 11:09:27,596 yyyy-MM-dd HH:mm:ss2026-09-05 11:09:27,596 yyyy-MM-dd HH:mm:ss2026-09-05 11:09:27,596 yyyy-MM-dd HH:mm:ss2026-09-05 11:09:27,596 yyyy-MM-dd HH:mm:ss2026-09-05 11:09:27,613 yyyy-MM-dd HH:mm:ss2026-09-05 11:09:27,614 yyyy-MM-dd HH:mm:ss2026-09-05 11:09:27,615 yyyy-MM-dd HH:mm:ss2026-09-05 11:09:27,619 yyyy-MM-dd HH:mm:ss2026-09-05 11:09:27,619 yyyy-MM-dd HH:mm:ss2026-09-05 11:09:27,621 yyyy-MM-dd HH:mm:ss2026-09-05 11:09:27,623 yyyy-MM-dd HH:mm:ss2026-09-05 11:09:27,632 yyyy-MM-dd HH:mm:ss2026-09-05 11:09:27,634 yyyy-MM-dd HH:mm:ss2026-09-05 11:09:27,636 yyyy-MM-dd HH:mm:ss2026-09-05 11:09:27,637 yyyy-MM-dd HH:mm:ss2026-09-05 11:09:27,637 yyyy-MM-dd HH:mm:ss2026-09-05 11:09:27,637 yyyy-MM-dd HH:mm:ss2026-09-05 11:09:27,641 yyyy-MM-dd HH:mm:ss2026-09-05 11:09:27,641 yyyy-MM-dd HH:mm:ss2026-09-05 11:09:27,642 yyyy-MM-dd HH:mm:ss2026-09-05 11:09:27,642 yyyy-MM-dd HH:mm:ss2026-09-05 11:09:27,643 yyyy-MM-dd HH:mm:ss2026-09-05 11:09:27,645 yyyy-MM-dd HH:mm:ss2026-09-05 11:09:27,649 yyyy-MM-dd HH:mm:ss2026-09-05 11:09:27,650 yyyy-MM-dd HH:mm:ss2026-09-05 11:09:27,653 yyyy-MM-dd HH:mm:ss2026-09-05 11:09:27,654 yyyy-MM-dd HH:mm:ss2026-09-05 11:09:27,654 yyyy-MM-dd HH:mm:ss2026-09-05 11:09:27,655 yyyy-MM-dd HH:mm:ss2026-09-05 11:09:27,656 yyyy-MM-dd HH:mm:ss2026-09-05 11:09:27,659 yyyy-MM-dd HH:mm:ss2026-09-05 11:09:27,661 yyyy-MM-dd HH:mm:ss2026-09-05 11:09:27,663 yyyy-MM-dd HH:mm:ss2026-09-05 11:09:27,664 yyyy-MM-dd HH:mm:ss2026-09-05 11:09:27,666 yyyy-MM-dd HH:mm:ss2026-09-05 11:09:27,667 yyyy-MM-dd HH:mm:ss2026-09-05 11:09:27,668 yyyy-MM-dd HH:mm:ss2026-09-05 11:09:27,680 yyyy-MM-dd HH:mm:ss2026-09-05 11:09:27,680 yyyy-MM-dd HH:mm:ss2026-09-05 11:09:27,680 yyyy-MM-dd HH:mm:ss2026-09-05 11:09:27,680 yyyy-MM-dd HH:mm:ss2026-09-05 11:09:27,681 yyyy-MM-dd HH:mm:ss2026-09-05 11:09:27,683 yyyy-MM-dd HH:mm:ss2026-09-05 11:09:27,683 yyyy-MM-dd HH:mm:ss2026-09-05 11:09:27,685 yyyy-MM-dd HH:mm:ss2026-09-05 11:09:27,685 yyyy-MM-dd HH:mm:ss2026-09-05 11:09:27,686 yyyy-MM-dd HH:mm:ss2026-09-05 11:09:27,687 yyyy-MM-dd HH:mm:ss2026-09-05 11:09:27,699 yyyy-MM-dd HH:mm:ss2026-09-05 11:09:27,704 yyyy-MM-dd HH:mm:ss2026-09-05 11:09:27,705 yyyy-MM-dd HH:mm:ss2026-09-05 11:09:27,705 yyyy-MM-dd HH:mm:ss2026-09-05 11:09:27,707 yyyy-MM-dd HH:mm:ss2026-09-05 11:09:27,707 yyyy-MM-dd HH:mm:ss2026-09-05 11:09:27,714 yyyy-MM-dd HH:mm:ss2026-09-05 11:09:27,714 yyyy-MM-dd HH:mm:ss2026-09-05 11:09:27,719 yyyy-MM-dd HH:mm:ss2026-09-05 11:09:27,719 yyyy-MM-dd HH:mm:ss2026-09-05 11:09:27,721 yyyy-MM-dd HH:mm:ss2026-09-05 11:09:27,724 yyyy-MM-dd HH:mm:ss2026-09-05 11:09:27,724 yyyy-MM-dd HH:mm:ss2026-09-05 11:09:27,750 yyyy-MM-dd HH:mm:ss2026-09-05 11:09:27,750 yyyy-MM-dd HH:mm:ss2026-09-05 11:09:27,751 yyyy-MM-dd HH:mm:ss2026-09-05 11:09:27,752 yyyy-MM-dd HH:mm:ss2026-09-05 11:09:27,769 yyyy-MM-dd HH:mm:ss2026-09-05 11:09:27,769 yyyy-MM-dd HH:mm:ss2026-09-05 11:09:27,776 yyyy-MM-dd HH:mm:ss2026-09-05 11:09:27,786 yyyy-MM-dd HH:mm:ss2026-09-05 11:09:27,786 yyyy-MM-dd HH:mm:ss2026-09-05 11:09:27,786 yyyy-MM-dd HH:mm:ss2026-09-05 11:09:27,888 yyyy-MM-dd HH:mm:ss2026-09-05 11:09:27,921 yyyy-MM-dd HH:mm:ss2026-09-05 11:09:27,931 yyyy-MM-dd HH:mm:ss2026-09-05 11:09:27,933 yyyy-MM-dd HH:mm:ss2026-09-05 11:09:27,934 yyyy-MM-dd HH:mm:ss2026-09-05 11:09:27,934 yyyy-MM-dd HH:mm:ss2026-09-05 11:09:27,934 yyyy-MM-dd HH:mm:ss2026-09-05 11:09:27,935 yyyy-MM-dd HH:mm:ss2026-09-05 11:09:27,935 yyyy-MM-dd HH:mm:ss2026-09-05 11:09:27,935 yyyy-MM-dd HH:mm:ss2026-09-05 11:09:27,935 yyyy-MM-dd HH:mm:ss2026-09-05 11:09:27,935 yyyy-MM-dd HH:mm:ss2026-09-05 11:09:27,935 yyyy-MM-dd HH:mm:ss2026-09-05 11:09:27,935 yyyy-MM-dd HH:mm:ss2026-09-05 11:09:27,935 yyyy-MM-dd HH:mm:ss2026-09-05 11:09:27,935 yyyy-MM-dd HH:mm:ss2026-09-05 11:09:27,935 yyyy-MM-dd HH:mm:ss2026-09-05 11:09:27,935 yyyy-MM-dd HH:mm:ss2026-09-05 11:09:27,935 yyyy-MM-dd HH:mm:ss2026-09-05 11:09:27,936 yyyy-MM-dd HH:mm:ss2026-09-05 11:09:27,936 yyyy-MM-dd HH:mm:ss2026-09-05 11:09:27,936 yyyy-MM-dd HH:mm:ss2026-09-05 11:09:27,936 yyyy-MM-dd HH:mm:ss2026-09-05 11:09:27,936 yyyy-MM-dd HH:mm:ss2026-09-05 11:09:27,937 yyyy-MM-dd HH:mm:ss2026-09-05 11:09:27,937 yyyy-MM-dd HH:mm:ss2026-09-05 11:09:27,937 yyyy-MM-dd HH:mm:ss2026-09-05 11:09:27,937 yyyy-MM-dd HH:mm:ss2026-09-05 11:09:27,937 yyyy-MM-dd HH:mm:ss2026-09-05 11:09:27,937 yyyy-MM-dd HH:mm:ss2026-09-05 11:09:27,937 yyyy-MM-dd HH:mm:ss2026-09-05 11:09:27,937 yyyy-MM-dd HH:mm:ss2026-09-05 11:09:27,937 yyyy-MM-dd HH:mm:ss2026-09-05 11:09:27,937 yyyy-MM-dd HH:mm:ss2026-09-05 11:09:27,937 yyyy-MM-dd HH:mm:ss2026-09-05 11:09:27,937 yyyy-MM-dd HH:mm:ss2026-09-05 11:09:27,937 yyyy-MM-dd HH:mm:ss2026-09-05 11:09:27,937 yyyy-MM-dd HH:mm:ss2026-09-05 11:09:27,937 yyyy-MM-dd HH:mm:ss2026-09-05 11:09:27,937 yyyy-MM-dd HH:mm:ss2026-09-05 11:09:27,937 yyyy-MM-dd HH:mm:ss2026-09-05 11:09:27,937 yyyy-MM-dd HH:mm:ss2026-09-05 11:09:27,937 yyyy-MM-dd HH:mm:ss2026-09-05 11:09:27,939 yyyy-MM-dd HH:mm:ss2026-09-05 11:09:27,952 yyyy-MM-dd HH:mm:ss2026-09-05 11:09:27,952 yyyy-MM-dd HH:mm:ss2026-09-05 11:09:27,953 yyyy-MM-dd HH:mm:ss2026-09-05 11:09:27,953 yyyy-MM-dd HH:mm:ss2026-09-05 11:09:27,953 yyyy-MM-dd HH:mm:ss2026-09-05 11:09:27,956 yyyy-MM-dd HH:mm:ss2026-09-05 11:09:27,958 yyyy-MM-dd HH:mm:ss2026-09-05 11:09:27,964 yyyy-MM-dd HH:mm:ss2026-09-05 11:09:27,965 yyyy-MM-dd HH:mm:ss2026-09-05 11:09:28,004 yyyy-MM-dd HH:mm:ss2026-09-05 11:09:28,005 yyyy-MM-dd HH:mm:ss2026-09-05 11:09:28,005 yyyy-MM-dd HH:mm:ss2026-09-05 11:09:28,013 yyyy-MM-dd HH:mm:ss2026-09-05 11:09:28,015 yyyy-MM-dd HH:mm:ss2026-09-05 11:09:28,016 yyyy-MM-dd HH:mm:ss2026-09-05 11:09:28,057 yyyy-MM-dd HH:mm:ss2026-09-05 11:09:28,060 yyyy-MM-dd HH:mm:ss2026-09-05 11:09:28,060 yyyy-MM-dd HH:mm:ss2026-09-05 11:09:28,060 yyyy-MM-dd HH:mm:ss2026-09-05 11:09:28,060 yyyy-MM-dd HH:mm:ss2026-09-05 11:09:28,061 yyyy-MM-dd HH:mm:ss2026-09-05 11:09:28,061 yyyy-MM-dd HH:mm:ss2026-09-05 11:09:28,062 yyyy-MM-dd HH:mm:ss2026-09-05 11:09:28,064 yyyy-MM-dd HH:mm:ss2026-09-05 11:09:28,066 yyyy-MM-dd HH:mm:ss2026-09-05 11:09:28,067 yyyy-MM-dd HH:mm:ss2026-09-05 11:09:28,067 yyyy-MM-dd HH:mm:ss2026-09-05 11:09:28,067 yyyy-MM-dd HH:mm:ss2026-09-05 11:09:28,067 yyyy-MM-dd HH:mm:ss2026-09-05 11:09:28,067 yyyy-MM-dd HH:mm:ss2026-09-05 11:09:28,067 yyyy-MM-dd HH:mm:ss2026-09-05 11:09:28,077 yyyy-MM-dd HH:mm:ss2026-09-05 11:09:28,077 yyyy-MM-dd HH:mm:ss2026-09-05 11:09:28,111 yyyy-MM-dd HH:mm:ss2026-09-05 11:09:28,111 yyyy-MM-dd HH:mm:ss2026-09-05 11:09:28,119 yyyy-MM-dd HH:mm:ss2026-09-05 11:09:28,119 yyyy-MM-dd HH:mm:ss2026-09-05 11:09:28,121 yyyy-MM-dd HH:mm:ss2026-09-05 11:09:28,159 yyyy-MM-dd HH:mm:ss2026-09-05 11:09:28,159 yyyy-MM-dd HH:mm:ss2026-09-05 11:09:28,169 yyyy-MM-dd HH:mm:ss2026-09-05 11:09:28,169 yyyy-MM-dd HH:mm:ss2026-09-05 11:09:28,183 yyyy-MM-dd HH:mm:ss2026-09-05 11:09:28,205 yyyy-MM-dd HH:mm:ss2026-09-05 11:09:28,205 yyyy-MM-dd HH:mm:ss2026-09-05 11:09:28,213 yyyy-MM-dd HH:mm:ss2026-09-05 11:09:28,213 yyyy-MM-dd HH:mm:ss2026-09-05 11:09:28,249 yyyy-MM-dd HH:mm:ss2026-09-05 11:09:28,251 yyyy-MM-dd HH:mm:ss2026-09-05 11:09:28,252 yyyy-MM-dd HH:mm:ss2026-09-05 11:09:28,252 yyyy-MM-dd HH:mm:ss2026-09-05 11:09:28,271 yyyy-MM-dd HH:mm:ss2026-09-05 11:09:28,277 yyyy-MM-dd HH:mm:ss2026-09-05 11:09:28,277 yyyy-MM-dd HH:mm:ss2026-09-05 11:09:28,307 yyyy-MM-dd HH:mm:ss2026-09-05 11:09:28,314 yyyy-MM-dd HH:mm:ss2026-09-05 11:09:28,314 yyyy-MM-dd HH:mm:ss2026-09-05 11:09:28,323 yyyy-MM-dd HH:mm:ss2026-09-05 11:09:28,323 yyyy-MM-dd HH:mm:ss2026-09-05 11:09:28,339 yyyy-MM-dd HH:mm:ss2026-09-05 11:09:28,361 yyyy-MM-dd HH:mm:ss2026-09-05 11:09:28,361 yyyy-MM-dd HH:mm:ss2026-09-05 11:09:28,375 yyyy-MM-dd HH:mm:ss2026-09-05 11:09:28,375 yyyy-MM-dd HH:mm:ss2026-09-05 11:09:28,387 yyyy-MM-dd HH:mm:ss2026-09-05 11:09:28,407 yyyy-MM-dd HH:mm:ss2026-09-05 11:09:28,407 yyyy-MM-dd HH:mm:ss2026-09-05 11:09:28,415 yyyy-MM-dd HH:mm:ss2026-09-05 11:09:28,415 yyyy-MM-dd HH:mm:ss2026-09-05 11:09:28,439 yyyy-MM-dd HH:mm:ss2026-09-05 11:09:28,454 yyyy-MM-dd HH:mm:ss2026-09-05 11:09:28,454 yyyy-MM-dd HH:mm:ss2026-09-05 11:09:28,476 yyyy-MM-dd HH:mm:ss2026-09-05 11:09:28,477 yyyy-MM-dd HH:mm:ss2026-09-05 11:09:28,494 yyyy-MM-dd HH:mm:ss2026-09-05 11:09:28,516 yyyy-MM-dd HH:mm:ss2026-09-05 11:09:28,604 yyyy-MM-dd HH:mm:ss2026-09-05 11:09:28,655 yyyy-MM-dd HH:mm:ss2026-09-05 11:09:28,787 yyyy-MM-dd HH:mm:ss2026-09-05 11:09:28,787 yyyy-MM-dd HH:mm:ss2026-09-05 11:09:28,825 yyyy-MM-dd HH:mm:ss2026-09-05 11:09:28,825 yyyy-MM-dd HH:mm:ss2026-09-05 11:09:28,827 yyyy-MM-dd HH:mm:ss2026-09-05 11:09:28,836 yyyy-MM-dd HH:mm:ss2026-09-05 11:09:28,836 yyyy-MM-dd HH:mm:ss2026-09-05 11:09:28,837 yyyy-MM-dd HH:mm:ss2026-09-05 11:09:28,848 yyyy-MM-dd HH:mm:ss2026-09-05 11:09:28,849 yyyy-MM-dd HH:mm:ss2026-09-05 11:09:28,850 yyyy-MM-dd HH:mm:ss2026-09-05 11:09:28,854 yyyy-MM-dd HH:mm:ss2026-09-05 11:09:28,856 yyyy-MM-dd HH:mm:ss2026-09-05 11:09:28,856 yyyy-MM-dd HH:mm:ss2026-09-05 11:09:28,862 yyyy-MM-dd HH:mm:ss2026-09-05 11:09:28,866 yyyy-MM-dd HH:mm:ss2026-09-05 11:09:28,867 yyyy-MM-dd HH:mm:ss2026-09-05 11:09:28,874 yyyy-MM-dd HH:mm:ss2026-09-05 11:09:28,874 yyyy-MM-dd HH:mm:ss2026-09-05 11:09:28,875 yyyy-MM-dd HH:mm:ss2026-09-05 11:09:28,880 yyyy-MM-dd HH:mm:ss2026-09-05 11:09:28,880 yyyy-MM-dd HH:mm:ss2026-09-05 11:09:28,881 yyyy-MM-dd HH:mm:ss2026-09-05 11:09:28,882 yyyy-MM-dd HH:mm:ss2026-09-05 11:09:28,883 yyyy-MM-dd HH:mm:ss2026-09-05 11:09:28,884 yyyy-MM-dd HH:mm:ss2026-09-05 11:09:28,885 yyyy-MM-dd HH:mm:ss2026-09-05 11:09:28,894 yyyy-MM-dd HH:mm:ss2026-09-05 11:09:28,908 yyyy-MM-dd HH:mm:ss2026-09-05 11:09:28,909 yyyy-MM-dd HH:mm:ss2026-09-05 11:09:28,911 yyyy-MM-dd HH:mm:ss2026-09-05 11:09:28,911 yyyy-MM-dd HH:mm:ss2026-09-05 11:09:28,913 yyyy-MM-dd HH:mm:ss2026-09-05 11:09:28,914 yyyy-MM-dd HH:mm:ss2026-09-05 11:09:28,916 yyyy-MM-dd HH:mm:ss2026-09-05 11:09:28,925 yyyy-MM-dd HH:mm:ss2026-09-05 11:09:28,932 yyyy-MM-dd HH:mm:ss2026-09-05 11:09:28,937 yyyy-MM-dd HH:mm:ss2026-09-05 11:09:28,937 yyyy-MM-dd HH:mm:ss2026-09-05 11:09:28,938 yyyy-MM-dd HH:mm:ss2026-09-05 11:09:28,939 yyyy-MM-dd HH:mm:ss2026-09-05 11:09:28,939 yyyy-MM-dd HH:mm:ss2026-09-05 11:09:28,941 yyyy-MM-dd HH:mm:ss2026-09-05 11:09:28,942 yyyy-MM-dd HH:mm:ss2026-09-05 11:09:28,942 yyyy-MM-dd HH:mm:ss2026-09-05 11:09:28,943 yyyy-MM-dd HH:mm:ss2026-09-05 11:09:28,943 yyyy-MM-dd HH:mm:ss2026-09-05 11:09:28,943 yyyy-MM-dd HH:mm:ss2026-09-05 11:09:28,944 yyyy-MM-dd HH:mm:ss2026-09-05 11:09:28,944 yyyy-MM-dd HH:mm:ss2026-09-05 11:09:28,945 yyyy-MM-dd HH:mm:ss2026-09-05 11:09:28,945 yyyy-MM-dd HH:mm:ss2026-09-05 11:09:28,945 yyyy-MM-dd HH:mm:ss2026-09-05 11:09:28,946 yyyy-MM-dd HH:mm:ss2026-09-05 11:09:28,946 yyyy-MM-dd HH:mm:ss2026-09-05 11:09:28,948 yyyy-MM-dd HH:mm:ss2026-09-05 11:09:28,948 yyyy-MM-dd HH:mm:ss2026-09-05 11:09:28,948 yyyy-MM-dd HH:mm:ss2026-09-05 11:09:28,948 yyyy-MM-dd HH:mm:ss2026-09-05 11:09:28,948 yyyy-MM-dd HH:mm:ss2026-09-05 11:09:28,949 yyyy-MM-dd HH:mm:ss2026-09-05 11:09:28,951 yyyy-MM-dd HH:mm:ss2026-09-05 11:09:28,951 yyyy-MM-dd HH:mm:ss2026-09-05 11:09:28,951 yyyy-MM-dd HH:mm:ss2026-09-05 11:09:28,951 yyyy-MM-dd HH:mm:ss2026-09-05 11:09:28,951 yyyy-MM-dd HH:mm:ss2026-09-05 11:09:28,953 yyyy-MM-dd HH:mm:ss2026-09-05 11:09:28,953 yyyy-MM-dd HH:mm:ss2026-09-05 11:09:28,954 yyyy-MM-dd HH:mm:ss2026-09-05 11:09:28,955 yyyy-MM-dd HH:mm:ss2026-09-05 11:09:28,956 yyyy-MM-dd HH:mm:ss2026-09-05 11:09:28,956 yyyy-MM-dd HH:mm:ss2026-09-05 11:09:28,957 yyyy-MM-dd HH:mm:ss2026-09-05 11:09:28,957 yyyy-MM-dd HH:mm:ss2026-09-05 11:09:28,959 yyyy-MM-dd HH:mm:ss2026-09-05 11:09:28,959 yyyy-MM-dd HH:mm:ss2026-09-05 11:09:28,960 yyyy-MM-dd HH:mm:ss2026-09-05 11:09:28,961 yyyy-MM-dd HH:mm:ss2026-09-05 11:09:28,961 yyyy-MM-dd HH:mm:ss2026-09-05 11:09:28,961 yyyy-MM-dd HH:mm:ss2026-09-05 11:09:28,966 yyyy-MM-dd HH:mm:ss2026-09-05 11:09:28,967 yyyy-MM-dd HH:mm:ss2026-09-05 11:09:28,967 yyyy-MM-dd HH:mm:ss2026-09-05 11:09:28,967 yyyy-MM-dd HH:mm:ss2026-09-05 11:09:28,967 yyyy-MM-dd HH:mm:ss2026-09-05 11:09:28,967 yyyy-MM-dd HH:mm:ss2026-09-05 11:09:28,969 yyyy-MM-dd HH:mm:ss2026-09-05 11:09:28,970 yyyy-MM-dd HH:mm:ss2026-09-05 11:09:28,970 yyyy-MM-dd HH:mm:ss2026-09-05 11:09:28,971 yyyy-MM-dd HH:mm:ss2026-09-05 11:09:28,975 yyyy-MM-dd HH:mm:ss2026-09-05 11:09:28,976 yyyy-MM-dd HH:mm:ss2026-09-05 11:09:28,979 yyyy-MM-dd HH:mm:ss2026-09-05 11:09:28,980 yyyy-MM-dd HH:mm:ss2026-09-05 11:09:28,989 yyyy-MM-dd HH:mm:ss2026-09-05 11:09:28,989 yyyy-MM-dd HH:mm:ss2026-09-05 11:09:28,994 yyyy-MM-dd HH:mm:ss2026-09-05 11:09:28,995 yyyy-MM-dd HH:mm:ss2026-09-05 11:09:28,997 yyyy-MM-dd HH:mm:ss2026-09-05 11:09:28,999 yyyy-MM-dd HH:mm:ss2026-09-05 11:09:29,000 yyyy-MM-dd HH:mm:ss2026-09-05 11:09:29,000 yyyy-MM-dd HH:mm:ss2026-09-05 11:09:29,000 yyyy-MM-dd HH:mm:ss2026-09-05 11:09:29,001 yyyy-MM-dd HH:mm:ss2026-09-05 11:09:29,001 yyyy-MM-dd HH:mm:ss2026-09-05 11:09:29,003 yyyy-MM-dd HH:mm:ss2026-09-05 11:09:29,003 yyyy-MM-dd HH:mm:ss2026-09-05 11:09:29,003 yyyy-MM-dd HH:mm:ss2026-09-05 11:09:29,003 yyyy-MM-dd HH:mm:ss2026-09-05 11:09:29,005 yyyy-MM-dd HH:mm:ss2026-09-05 11:09:29,005 yyyy-MM-dd HH:mm:ss2026-09-05 11:09:29,006 yyyy-MM-dd HH:mm:ss2026-09-05 11:09:29,006 yyyy-MM-dd HH:mm:ss2026-09-05 11:09:29,007 yyyy-MM-dd HH:mm:ss2026-09-05 11:09:29,007 yyyy-MM-dd HH:mm:ss2026-09-05 11:09:29,009 yyyy-MM-dd HH:mm:ss2026-09-05 11:09:29,009 yyyy-MM-dd HH:mm:ss2026-09-05 11:09:29,010 yyyy-MM-dd HH:mm:ss2026-09-05 11:09:29,011 yyyy-MM-dd HH:mm:ss2026-09-05 11:09:29,011 yyyy-MM-dd HH:mm:ss2026-09-05 11:09:29,011 yyyy-MM-dd HH:mm:ss2026-09-05 11:09:29,012 yyyy-MM-dd HH:mm:ss2026-09-05 11:09:29,013 yyyy-MM-dd HH:mm:ss2026-09-05 11:09:29,013 yyyy-MM-dd HH:mm:ss2026-09-05 11:09:29,015 yyyy-MM-dd HH:mm:ss2026-09-05 11:09:29,017 yyyy-MM-dd HH:mm:ss2026-09-05 11:09:29,019 yyyy-MM-dd HH:mm:ss2026-09-05 11:09:29,024 yyyy-MM-dd HH:mm:ss2026-09-05 11:09:29,025 yyyy-MM-dd HH:mm:ss2026-09-05 11:09:29,025 yyyy-MM-dd HH:mm:ss2026-09-05 11:09:29,025 yyyy-MM-dd HH:mm:ss2026-09-05 11:09:29,037 yyyy-MM-dd HH:mm:ss2026-09-05 11:09:29,037 yyyy-MM-dd HH:mm:ss2026-09-05 11:09:29,037 yyyy-MM-dd HH:mm:ss2026-09-05 11:09:29,037 yyyy-MM-dd HH:mm:ss2026-09-05 11:09:29,041 yyyy-MM-dd HH:mm:ss2026-09-05 11:09:29,041 yyyy-MM-dd HH:mm:ss2026-09-05 11:09:29,042 yyyy-MM-dd HH:mm:ss2026-09-05 11:09:29,042 yyyy-MM-dd HH:mm:ss2026-09-05 11:09:29,043 yyyy-MM-dd HH:mm:ss2026-09-05 11:09:29,044 yyyy-MM-dd HH:mm:ss2026-09-05 11:09:29,045 yyyy-MM-dd HH:mm:ss2026-09-05 11:09:29,045 yyyy-MM-dd HH:mm:ss2026-09-05 11:09:29,046 yyyy-MM-dd HH:mm:ss2026-09-05 11:09:29,047 yyyy-MM-dd HH:mm:ss2026-09-05 11:09:29,048 yyyy-MM-dd HH:mm:ss2026-09-05 11:09:29,048 yyyy-MM-dd HH:mm:ss2026-09-05 11:09:29,049 yyyy-MM-dd HH:mm:ss2026-09-05 11:09:29,049 yyyy-MM-dd HH:mm:ss2026-09-05 11:09:29,052 yyyy-MM-dd HH:mm:ss2026-09-05 11:09:29,052 yyyy-MM-dd HH:mm:ss2026-09-05 11:09:29,054 yyyy-MM-dd HH:mm:ss2026-09-05 11:09:29,054 yyyy-MM-dd HH:mm:ss2026-09-05 11:09:29,055 yyyy-MM-dd HH:mm:ss2026-09-05 11:09:29,059 yyyy-MM-dd HH:mm:ss2026-09-05 11:09:29,061 yyyy-MM-dd HH:mm:ss2026-09-05 11:09:29,062 yyyy-MM-dd HH:mm:ss2026-09-05 11:09:29,062 yyyy-MM-dd HH:mm:ss2026-09-05 11:09:29,064 yyyy-MM-dd HH:mm:ss2026-09-05 11:09:29,064 yyyy-MM-dd HH:mm:ss2026-09-05 11:09:29,065 yyyy-MM-dd HH:mm:ss2026-09-05 11:09:29,066 yyyy-MM-dd HH:mm:ss2026-09-05 11:09:29,067 yyyy-MM-dd HH:mm:ss2026-09-05 11:09:29,069 yyyy-MM-dd HH:mm:ss2026-09-05 11:09:29,069 yyyy-MM-dd HH:mm:ss2026-09-05 11:09:29,070 yyyy-MM-dd HH:mm:ss2026-09-05 11:09:29,070 yyyy-MM-dd HH:mm:ss2026-09-05 11:09:29,080 yyyy-MM-dd HH:mm:ss2026-09-05 11:09:29,080 yyyy-MM-dd HH:mm:ss2026-09-05 11:09:29,081 yyyy-MM-dd HH:mm:ss2026-09-05 11:09:29,086 yyyy-MM-dd HH:mm:ss2026-09-05 11:09:29,087 yyyy-MM-dd HH:mm:ss2026-09-05 11:09:29,088 yyyy-MM-dd HH:mm:ss2026-09-05 11:09:29,089 yyyy-MM-dd HH:mm:ss2026-09-05 11:09:29,089 yyyy-MM-dd HH:mm:ss2026-09-05 11:09:29,089 yyyy-MM-dd HH:mm:ss2026-09-05 11:09:29,091 yyyy-MM-dd HH:mm:ss2026-09-05 11:09:29,092 yyyy-MM-dd HH:mm:ss2026-09-05 11:09:29,093 yyyy-MM-dd HH:mm:ss2026-09-05 11:09:29,093 yyyy-MM-dd HH:mm:ss2026-09-05 11:09:29,101 yyyy-MM-dd HH:mm:ss2026-09-05 11:09:29,105 yyyy-MM-dd HH:mm:ss2026-09-05 11:09:29,105 yyyy-MM-dd HH:mm:ss2026-09-05 11:09:29,105 yyyy-MM-dd HH:mm:ss2026-09-05 11:09:29,105 yyyy-MM-dd HH:mm:ss2026-09-05 11:09:29,107 yyyy-MM-dd HH:mm:ss2026-09-05 11:09:29,111 yyyy-MM-dd HH:mm:ss2026-09-05 11:09:29,115 yyyy-MM-dd HH:mm:ss2026-09-05 11:09:29,123 yyyy-MM-dd HH:mm:ss2026-09-05 11:09:29,127 yyyy-MM-dd HH:mm:ss2026-09-05 11:09:29,129 yyyy-MM-dd HH:mm:ss2026-09-05 11:09:29,131 yyyy-MM-dd HH:mm:ss2026-09-05 11:09:29,133 yyyy-MM-dd HH:mm:ss2026-09-05 11:09:29,133 yyyy-MM-dd HH:mm:ss2026-09-05 11:09:29,134 yyyy-MM-dd HH:mm:ss2026-09-05 11:09:29,134 yyyy-MM-dd HH:mm:ss2026-09-05 11:09:29,135 yyyy-MM-dd HH:mm:ss2026-09-05 11:09:29,135 yyyy-MM-dd HH:mm:ss2026-09-05 11:09:29,135 yyyy-MM-dd HH:mm:ss2026-09-05 11:09:29,136 yyyy-MM-dd HH:mm:ss2026-09-05 11:09:29,136 yyyy-MM-dd HH:mm:ss2026-09-05 11:09:29,137 yyyy-MM-dd HH:mm:ss2026-09-05 11:09:29,139 yyyy-MM-dd HH:mm:ss2026-09-05 11:09:29,141 yyyy-MM-dd HH:mm:ss2026-09-05 11:09:29,141 yyyy-MM-dd HH:mm:ss2026-09-05 11:09:29,141 yyyy-MM-dd HH:mm:ss2026-09-05 11:09:29,142 yyyy-MM-dd HH:mm:ss2026-09-05 11:09:29,143 yyyy-MM-dd HH:mm:ss2026-09-05 11:09:29,143 yyyy-MM-dd HH:mm:ss2026-09-05 11:09:29,143 yyyy-MM-dd HH:mm:ss2026-09-05 11:09:29,148 yyyy-MM-dd HH:mm:ss2026-09-05 11:09:29,149 yyyy-MM-dd HH:mm:ss2026-09-05 11:09:29,149 yyyy-MM-dd HH:mm:ss2026-09-05 11:09:29,151 yyyy-MM-dd HH:mm:ss2026-09-05 11:09:29,151 yyyy-MM-dd HH:mm:ss2026-09-05 11:09:29,151 yyyy-MM-dd HH:mm:ss2026-09-05 11:09:29,152 yyyy-MM-dd HH:mm:ss2026-09-05 11:09:29,153 yyyy-MM-dd HH:mm:ss2026-09-05 11:09:29,155 yyyy-MM-dd HH:mm:ss2026-09-05 11:09:29,156 yyyy-MM-dd HH:mm:ss2026-09-05 11:09:29,161 yyyy-MM-dd HH:mm:ss2026-09-05 11:09:29,162 yyyy-MM-dd HH:mm:ss2026-09-05 11:09:29,163 yyyy-MM-dd HH:mm:ss2026-09-05 11:09:29,164 yyyy-MM-dd HH:mm:ss2026-09-05 11:09:29,165 yyyy-MM-dd HH:mm:ss2026-09-05 11:09:29,167 yyyy-MM-dd HH:mm:ss2026-09-05 11:09:29,167 yyyy-MM-dd HH:mm:ss2026-09-05 11:09:29,169 yyyy-MM-dd HH:mm:ss2026-09-05 11:09:29,170 yyyy-MM-dd HH:mm:ss2026-09-05 11:09:29,172 yyyy-MM-dd HH:mm:ss2026-09-05 11:09:29,172 yyyy-MM-dd HH:mm:ss2026-09-05 11:09:29,173 yyyy-MM-dd HH:mm:ss2026-09-05 11:09:29,173 yyyy-MM-dd HH:mm:ss2026-09-05 11:09:29,174 yyyy-MM-dd HH:mm:ss2026-09-05 11:09:29,174 yyyy-MM-dd HH:mm:ss2026-09-05 11:09:29,174 yyyy-MM-dd HH:mm:ss2026-09-05 11:09:29,175 yyyy-MM-dd HH:mm:ss2026-09-05 11:09:29,179 yyyy-MM-dd HH:mm:ss2026-09-05 11:09:29,180 yyyy-MM-dd HH:mm:ss2026-09-05 11:09:29,181 yyyy-MM-dd HH:mm:ss2026-09-05 11:09:29,181 yyyy-MM-dd HH:mm:ss2026-09-05 11:09:29,182 yyyy-MM-dd HH:mm:ss2026-09-05 11:09:29,182 yyyy-MM-dd HH:mm:ss2026-09-05 11:09:29,183 yyyy-MM-dd HH:mm:ss2026-09-05 11:09:29,183 yyyy-MM-dd HH:mm:ss2026-09-05 11:09:29,184 yyyy-MM-dd HH:mm:ss2026-09-05 11:09:29,184 yyyy-MM-dd HH:mm:ss2026-09-05 11:09:29,185 yyyy-MM-dd HH:mm:ss2026-09-05 11:09:29,185 yyyy-MM-dd HH:mm:ss2026-09-05 11:09:29,186 yyyy-MM-dd HH:mm:ss2026-09-05 11:09:29,187 yyyy-MM-dd HH:mm:ss2026-09-05 11:09:29,187 yyyy-MM-dd HH:mm:ss2026-09-05 11:09:29,187 yyyy-MM-dd HH:mm:ss2026-09-05 11:09:29,187 yyyy-MM-dd HH:mm:ss2026-09-05 11:09:29,187 yyyy-MM-dd HH:mm:ss2026-09-05 11:09:29,189 yyyy-MM-dd HH:mm:ss2026-09-05 11:09:29,189 yyyy-MM-dd HH:mm:ss2026-09-05 11:09:29,189 yyyy-MM-dd HH:mm:ss2026-09-05 11:09:29,189 yyyy-MM-dd HH:mm:ss2026-09-05 11:09:29,190 yyyy-MM-dd HH:mm:ss2026-09-05 11:09:29,191 yyyy-MM-dd HH:mm:ss2026-09-05 11:09:29,191 yyyy-MM-dd HH:mm:ss2026-09-05 11:09:29,192 yyyy-MM-dd HH:mm:ss2026-09-05 11:09:29,192 yyyy-MM-dd HH:mm:ss2026-09-05 11:09:29,192 yyyy-MM-dd HH:mm:ss2026-09-05 11:09:29,193 yyyy-MM-dd HH:mm:ss2026-09-05 11:09:29,197 yyyy-MM-dd HH:mm:ss2026-09-05 11:09:29,198 yyyy-MM-dd HH:mm:ss2026-09-05 11:09:29,198 yyyy-MM-dd HH:mm:ss2026-09-05 11:09:29,198 yyyy-MM-dd HH:mm:ss2026-09-05 11:09:29,201 yyyy-MM-dd HH:mm:ss2026-09-05 11:09:29,201 yyyy-MM-dd HH:mm:ss2026-09-05 11:09:29,203 yyyy-MM-dd HH:mm:ss2026-09-05 11:09:29,204 yyyy-MM-dd HH:mm:ss2026-09-05 11:09:29,205 yyyy-MM-dd HH:mm:ss2026-09-05 11:09:29,205 yyyy-MM-dd HH:mm:ss2026-09-05 11:09:29,205 yyyy-MM-dd HH:mm:ss2026-09-05 11:09:29,205 yyyy-MM-dd HH:mm:ss2026-09-05 11:09:29,206 yyyy-MM-dd HH:mm:ss2026-09-05 11:09:29,207 yyyy-MM-dd HH:mm:ss2026-09-05 11:09:29,207 yyyy-MM-dd HH:mm:ss2026-09-05 11:09:29,207 yyyy-MM-dd HH:mm:ss2026-09-05 11:09:29,207 yyyy-MM-dd HH:mm:ss2026-09-05 11:09:29,207 yyyy-MM-dd HH:mm:ss2026-09-05 11:09:29,207 yyyy-MM-dd HH:mm:ss2026-09-05 11:09:29,207 yyyy-MM-dd HH:mm:ss2026-09-05 11:09:29,207 yyyy-MM-dd HH:mm:ss2026-09-05 11:09:29,207 yyyy-MM-dd HH:mm:ss2026-09-05 11:09:29,207 yyyy-MM-dd HH:mm:ss2026-09-05 11:09:29,207 yyyy-MM-dd HH:mm:ss2026-09-05 11:09:29,207 yyyy-MM-dd HH:mm:ss2026-09-05 11:09:29,209 yyyy-MM-dd HH:mm:ss2026-09-05 11:09:29,209 yyyy-MM-dd HH:mm:ss2026-09-05 11:09:29,210 yyyy-MM-dd HH:mm:ss2026-09-05 11:09:29,211 yyyy-MM-dd HH:mm:ss2026-09-05 11:09:29,211 yyyy-MM-dd HH:mm:ss2026-09-05 11:09:29,211 yyyy-MM-dd HH:mm:ss2026-09-05 11:09:29,211 yyyy-MM-dd HH:mm:ss2026-09-05 11:09:29,211 yyyy-MM-dd HH:mm:ss2026-09-05 11:09:29,211 yyyy-MM-dd HH:mm:ss2026-09-05 11:09:29,211 yyyy-MM-dd HH:mm:ss2026-09-05 11:09:29,212 yyyy-MM-dd HH:mm:ss2026-09-05 11:09:29,214 yyyy-MM-dd HH:mm:ss2026-09-05 11:09:29,214 yyyy-MM-dd HH:mm:ss2026-09-05 11:09:29,215 yyyy-MM-dd HH:mm:ss2026-09-05 11:09:29,215 yyyy-MM-dd HH:mm:ss2026-09-05 11:09:29,217 yyyy-MM-dd HH:mm:ss2026-09-05 11:09:29,217 yyyy-MM-dd HH:mm:ss2026-09-05 11:09:29,217 yyyy-MM-dd HH:mm:ss2026-09-05 11:09:29,217 yyyy-MM-dd HH:mm:ss2026-09-05 11:09:29,219 yyyy-MM-dd HH:mm:ss2026-09-05 11:09:29,221 yyyy-MM-dd HH:mm:ss2026-09-05 11:09:29,237 yyyy-MM-dd HH:mm:ss2026-09-05 11:09:29,237 yyyy-MM-dd HH:mm:ss2026-09-05 11:09:29,239 yyyy-MM-dd HH:mm:ss2026-09-05 11:09:29,241 yyyy-MM-dd HH:mm:ss2026-09-05 11:09:29,241 yyyy-MM-dd HH:mm:ss2026-09-05 11:09:29,241 yyyy-MM-dd HH:mm:ss2026-09-05 11:09:29,242 yyyy-MM-dd HH:mm:ss2026-09-05 11:09:29,243 yyyy-MM-dd HH:mm:ss2026-09-05 11:09:29,243 yyyy-MM-dd HH:mm:ss2026-09-05 11:09:29,244 yyyy-MM-dd HH:mm:ss2026-09-05 11:09:29,244 yyyy-MM-dd HH:mm:ss2026-09-05 11:09:29,245 yyyy-MM-dd HH:mm:ss2026-09-05 11:09:29,245 yyyy-MM-dd HH:mm:ss2026-09-05 11:09:29,246 yyyy-MM-dd HH:mm:ss2026-09-05 11:09:29,246 yyyy-MM-dd HH:mm:ss2026-09-05 11:09:29,248 yyyy-MM-dd HH:mm:ss2026-09-05 11:09:29,249 yyyy-MM-dd HH:mm:ss2026-09-05 11:09:29,249 yyyy-MM-dd HH:mm:ss2026-09-05 11:09:29,249 yyyy-MM-dd HH:mm:ss2026-09-05 11:09:29,249 yyyy-MM-dd HH:mm:ss2026-09-05 11:09:29,249 yyyy-MM-dd HH:mm:ss2026-09-05 11:09:29,249 yyyy-MM-dd HH:mm:ss2026-09-05 11:09:29,251 yyyy-MM-dd HH:mm:ss2026-09-05 11:09:29,251 yyyy-MM-dd HH:mm:ss2026-09-05 11:09:29,251 yyyy-MM-dd HH:mm:ss2026-09-05 11:09:29,256 yyyy-MM-dd HH:mm:ss2026-09-05 11:09:29,256 yyyy-MM-dd HH:mm:ss2026-09-05 11:09:29,256 yyyy-MM-dd HH:mm:ss2026-09-05 11:09:29,257 yyyy-MM-dd HH:mm:ss2026-09-05 11:09:29,257 yyyy-MM-dd HH:mm:ss2026-09-05 11:09:29,257 yyyy-MM-dd HH:mm:ss2026-09-05 11:09:29,259 yyyy-MM-dd HH:mm:ss2026-09-05 11:09:29,260 yyyy-MM-dd HH:mm:ss2026-09-05 11:09:29,261 yyyy-MM-dd HH:mm:ss2026-09-05 11:09:29,264 yyyy-MM-dd HH:mm:ss2026-09-05 11:09:29,267 yyyy-MM-dd HH:mm:ss2026-09-05 11:09:29,271 yyyy-MM-dd HH:mm:ss2026-09-05 11:09:29,271 yyyy-MM-dd HH:mm:ss2026-09-05 11:09:29,271 yyyy-MM-dd HH:mm:ss2026-09-05 11:09:29,271 yyyy-MM-dd HH:mm:ss2026-09-05 11:09:29,286 yyyy-MM-dd HH:mm:ss2026-09-05 11:09:29,286 yyyy-MM-dd HH:mm:ss2026-09-05 11:09:29,286 yyyy-MM-dd HH:mm:ss2026-09-05 11:09:29,286 yyyy-MM-dd HH:mm:ss2026-09-05 11:09:29,286 yyyy-MM-dd HH:mm:ss2026-09-05 11:09:29,287 yyyy-MM-dd HH:mm:ss2026-09-05 11:09:29,287 yyyy-MM-dd HH:mm:ss2026-09-05 11:09:29,289 yyyy-MM-dd HH:mm:ss2026-09-05 11:09:29,289 yyyy-MM-dd HH:mm:ss2026-09-05 11:09:29,290 yyyy-MM-dd HH:mm:ss2026-09-05 11:09:29,292 yyyy-MM-dd HH:mm:ss2026-09-05 11:09:29,293 yyyy-MM-dd HH:mm:ss2026-09-05 11:09:29,294 yyyy-MM-dd HH:mm:ss2026-09-05 11:09:29,295 yyyy-MM-dd HH:mm:ss2026-09-05 11:09:29,295 yyyy-MM-dd HH:mm:ss2026-09-05 11:09:29,296 yyyy-MM-dd HH:mm:ss2026-09-05 11:09:29,297 yyyy-MM-dd HH:mm:ss2026-09-05 11:09:29,297 yyyy-MM-dd HH:mm:ss2026-09-05 11:09:29,299 yyyy-MM-dd HH:mm:ss2026-09-05 11:09:29,301 yyyy-MM-dd HH:mm:ss2026-09-05 11:09:29,302 yyyy-MM-dd HH:mm:ss2026-09-05 11:09:29,305 yyyy-MM-dd HH:mm:ss2026-09-05 11:09:29,305 yyyy-MM-dd HH:mm:ss2026-09-05 11:09:29,306 yyyy-MM-dd HH:mm:ss2026-09-05 11:09:29,307 yyyy-MM-dd HH:mm:ss2026-09-05 11:09:29,307 yyyy-MM-dd HH:mm:ss2026-09-05 11:09:29,307 yyyy-MM-dd HH:mm:ss2026-09-05 11:09:29,308 yyyy-MM-dd HH:mm:ss2026-09-05 11:09:29,309 yyyy-MM-dd HH:mm:ss2026-09-05 11:09:29,309 yyyy-MM-dd HH:mm:ss2026-09-05 11:09:29,310 yyyy-MM-dd HH:mm:ss2026-09-05 11:09:29,311 yyyy-MM-dd HH:mm:ss2026-09-05 11:09:29,314 yyyy-MM-dd HH:mm:ss2026-09-05 11:09:29,315 yyyy-MM-dd HH:mm:ss2026-09-05 11:09:29,315 yyyy-MM-dd HH:mm:ss2026-09-05 11:09:29,316 yyyy-MM-dd HH:mm:ss2026-09-05 11:09:29,317 yyyy-MM-dd HH:mm:ss2026-09-05 11:09:29,319 yyyy-MM-dd HH:mm:ss2026-09-05 11:09:29,319 yyyy-MM-dd HH:mm:ss2026-09-05 11:09:29,322 yyyy-MM-dd HH:mm:ss2026-09-05 11:09:29,322 yyyy-MM-dd HH:mm:ss2026-09-05 11:09:29,323 yyyy-MM-dd HH:mm:ss2026-09-05 11:09:29,325 yyyy-MM-dd HH:mm:ss2026-09-05 11:09:29,327 yyyy-MM-dd HH:mm:ss2026-09-05 11:09:29,327 yyyy-MM-dd HH:mm:ss2026-09-05 11:09:29,329 yyyy-MM-dd HH:mm:ss2026-09-05 11:09:29,331 yyyy-MM-dd HH:mm:ss2026-09-05 11:09:29,332 yyyy-MM-dd HH:mm:ss2026-09-05 11:09:29,332 yyyy-MM-dd HH:mm:ss2026-09-05 11:09:29,339 yyyy-MM-dd HH:mm:ss2026-09-05 11:09:29,339 yyyy-MM-dd HH:mm:ss2026-09-05 11:09:29,342 yyyy-MM-dd HH:mm:ss2026-09-05 11:09:29,344 yyyy-MM-dd HH:mm:ss2026-09-05 11:09:29,344 yyyy-MM-dd HH:mm:ss2026-09-05 11:09:29,346 yyyy-MM-dd HH:mm:ss2026-09-05 11:09:29,346 yyyy-MM-dd HH:mm:ss2026-09-05 11:09:29,348 yyyy-MM-dd HH:mm:ss2026-09-05 11:09:29,349 yyyy-MM-dd HH:mm:ss2026-09-05 11:09:29,351 yyyy-MM-dd HH:mm:ss2026-09-05 11:09:29,352 yyyy-MM-dd HH:mm:ss2026-09-05 11:09:29,353 yyyy-MM-dd HH:mm:ss2026-09-05 11:09:29,353 yyyy-MM-dd HH:mm:ss2026-09-05 11:09:29,354 yyyy-MM-dd HH:mm:ss2026-09-05 11:09:29,355 yyyy-MM-dd HH:mm:ss2026-09-05 11:09:29,355 yyyy-MM-dd HH:mm:ss2026-09-05 11:09:29,355 yyyy-MM-dd HH:mm:ss2026-09-05 11:09:29,356 yyyy-MM-dd HH:mm:ss2026-09-05 11:09:29,356 yyyy-MM-dd HH:mm:ss2026-09-05 11:09:29,357 yyyy-MM-dd HH:mm:ss2026-09-05 11:09:29,357 yyyy-MM-dd HH:mm:ss2026-09-05 11:09:29,357 yyyy-MM-dd HH:mm:ss2026-09-05 11:09:29,377 yyyy-MM-dd HH:mm:ss2026-09-05 11:09:29,385 yyyy-MM-dd HH:mm:ss2026-09-05 11:09:29,386 yyyy-MM-dd HH:mm:ss2026-09-05 11:09:29,387 yyyy-MM-dd HH:mm:ss2026-09-05 11:09:29,387 yyyy-MM-dd HH:mm:ss2026-09-05 11:09:29,389 yyyy-MM-dd HH:mm:ss2026-09-05 11:09:29,391 yyyy-MM-dd HH:mm:ss2026-09-05 11:09:29,391 yyyy-MM-dd HH:mm:ss2026-09-05 11:09:29,391 yyyy-MM-dd HH:mm:ss2026-09-05 11:09:29,391 yyyy-MM-dd HH:mm:ss2026-09-05 11:09:29,393 yyyy-MM-dd HH:mm:ss2026-09-05 11:09:29,393 yyyy-MM-dd HH:mm:ss2026-09-05 11:09:29,397 yyyy-MM-dd HH:mm:ss2026-09-05 11:09:29,401 yyyy-MM-dd HH:mm:ss2026-09-05 11:09:29,401 yyyy-MM-dd HH:mm:ss2026-09-05 11:09:29,405 yyyy-MM-dd HH:mm:ss2026-09-05 11:09:29,408 yyyy-MM-dd HH:mm:ss2026-09-05 11:09:29,408 yyyy-MM-dd HH:mm:ss2026-09-05 11:09:29,408 yyyy-MM-dd HH:mm:ss2026-09-05 11:09:29,408 yyyy-MM-dd HH:mm:ss2026-09-05 11:09:29,409 yyyy-MM-dd HH:mm:ss2026-09-05 11:09:29,409 yyyy-MM-dd HH:mm:ss2026-09-05 11:09:29,409 yyyy-MM-dd HH:mm:ss2026-09-05 11:09:29,411 yyyy-MM-dd HH:mm:ss2026-09-05 11:09:29,411 yyyy-MM-dd HH:mm:ss2026-09-05 11:09:29,411 yyyy-MM-dd HH:mm:ss2026-09-05 11:09:29,426 yyyy-MM-dd HH:mm:ss2026-09-05 11:09:29,427 yyyy-MM-dd HH:mm:ss2026-09-05 11:09:29,427 yyyy-MM-dd HH:mm:ss2026-09-05 11:09:29,435 yyyy-MM-dd HH:mm:ss2026-09-05 11:09:29,436 yyyy-MM-dd HH:mm:ss2026-09-05 11:09:29,437 yyyy-MM-dd HH:mm:ss2026-09-05 11:09:29,438 yyyy-MM-dd HH:mm:ss2026-09-05 11:09:29,438 yyyy-MM-dd HH:mm:ss2026-09-05 11:09:29,439 yyyy-MM-dd HH:mm:ss2026-09-05 11:09:29,439 yyyy-MM-dd HH:mm:ss2026-09-05 11:09:29,442 yyyy-MM-dd HH:mm:ss2026-09-05 11:09:29,442 yyyy-MM-dd HH:mm:ss2026-09-05 11:09:29,443 yyyy-MM-dd HH:mm:ss2026-09-05 11:09:29,445 yyyy-MM-dd HH:mm:ss2026-09-05 11:09:29,449 yyyy-MM-dd HH:mm:ss2026-09-05 11:09:29,451 yyyy-MM-dd HH:mm:ss2026-09-05 11:09:29,453 yyyy-MM-dd HH:mm:ss2026-09-05 11:09:29,457 yyyy-MM-dd HH:mm:ss2026-09-05 11:09:29,457 yyyy-MM-dd HH:mm:ss2026-09-05 11:09:29,459 yyyy-MM-dd HH:mm:ss2026-09-05 11:09:29,459 yyyy-MM-dd HH:mm:ss2026-09-05 11:09:29,469 yyyy-MM-dd HH:mm:ss2026-09-05 11:09:29,469 yyyy-MM-dd HH:mm:ss2026-09-05 11:09:29,471 yyyy-MM-dd HH:mm:ss2026-09-05 11:09:29,472 yyyy-MM-dd HH:mm:ss2026-09-05 11:09:29,472 yyyy-MM-dd HH:mm:ss2026-09-05 11:09:29,473 yyyy-MM-dd HH:mm:ss2026-09-05 11:09:29,473 yyyy-MM-dd HH:mm:ss2026-09-05 11:09:29,474 yyyy-MM-dd HH:mm:ss2026-09-05 11:09:29,475 yyyy-MM-dd HH:mm:ss2026-09-05 11:09:29,475 yyyy-MM-dd HH:mm:ss2026-09-05 11:09:29,485 yyyy-MM-dd HH:mm:ss2026-09-05 11:09:29,486 yyyy-MM-dd HH:mm:ss2026-09-05 11:09:29,486 yyyy-MM-dd HH:mm:ss2026-09-05 11:09:29,487 yyyy-MM-dd HH:mm:ss2026-09-05 11:09:29,487 yyyy-MM-dd HH:mm:ss2026-09-05 11:09:29,490 yyyy-MM-dd HH:mm:ss2026-09-05 11:09:29,490 yyyy-MM-dd HH:mm:ss2026-09-05 11:09:29,491 yyyy-MM-dd HH:mm:ss2026-09-05 11:09:29,503 yyyy-MM-dd HH:mm:ss2026-09-05 11:09:29,504 yyyy-MM-dd HH:mm:ss2026-09-05 11:09:29,505 yyyy-MM-dd HH:mm:ss2026-09-05 11:09:29,506 yyyy-MM-dd HH:mm:ss2026-09-05 11:09:29,507 yyyy-MM-dd HH:mm:ss2026-09-05 11:09:29,508 yyyy-MM-dd HH:mm:ss2026-09-05 11:09:29,509 yyyy-MM-dd HH:mm:ss2026-09-05 11:09:29,509 yyyy-MM-dd HH:mm:ss2026-09-05 11:09:29,509 yyyy-MM-dd HH:mm:ss2026-09-05 11:09:29,510 yyyy-MM-dd HH:mm:ss2026-09-05 11:09:29,510 yyyy-MM-dd HH:mm:ss2026-09-05 11:09:29,511 yyyy-MM-dd HH:mm:ss2026-09-05 11:09:29,512 yyyy-MM-dd HH:mm:ss2026-09-05 11:09:29,513 yyyy-MM-dd HH:mm:ss2026-09-05 11:09:29,515 yyyy-MM-dd HH:mm:ss2026-09-05 11:09:29,516 yyyy-MM-dd HH:mm:ss2026-09-05 11:09:29,516 yyyy-MM-dd HH:mm:ss2026-09-05 11:09:29,517 yyyy-MM-dd HH:mm:ss2026-09-05 11:09:29,518 yyyy-MM-dd HH:mm:ss2026-09-05 11:09:29,520 yyyy-MM-dd HH:mm:ss2026-09-05 11:09:29,521 yyyy-MM-dd HH:mm:ss2026-09-05 11:09:29,521 yyyy-MM-dd HH:mm:ss2026-09-05 11:09:29,522 yyyy-MM-dd HH:mm:ss2026-09-05 11:09:29,522 yyyy-MM-dd HH:mm:ss2026-09-05 11:09:29,522 yyyy-MM-dd HH:mm:ss2026-09-05 11:09:29,523 yyyy-MM-dd HH:mm:ss2026-09-05 11:09:29,524 yyyy-MM-dd HH:mm:ss2026-09-05 11:09:29,525 yyyy-MM-dd HH:mm:ss2026-09-05 11:09:29,527 yyyy-MM-dd HH:mm:ss2026-09-05 11:09:29,529 yyyy-MM-dd HH:mm:ss2026-09-05 11:09:29,533 yyyy-MM-dd HH:mm:ss2026-09-05 11:09:29,534 yyyy-MM-dd HH:mm:ss2026-09-05 11:09:29,534 yyyy-MM-dd HH:mm:ss2026-09-05 11:09:29,535 yyyy-MM-dd HH:mm:ss2026-09-05 11:09:29,536 yyyy-MM-dd HH:mm:ss2026-09-05 11:09:29,537 yyyy-MM-dd HH:mm:ss2026-09-05 11:09:29,539 yyyy-MM-dd HH:mm:ss2026-09-05 11:09:29,541 yyyy-MM-dd HH:mm:ss2026-09-05 11:09:29,541 yyyy-MM-dd HH:mm:ss2026-09-05 11:09:29,543 yyyy-MM-dd HH:mm:ss2026-09-05 11:09:29,543 yyyy-MM-dd HH:mm:ss2026-09-05 11:09:29,544 yyyy-MM-dd HH:mm:ss2026-09-05 11:09:29,544 yyyy-MM-dd HH:mm:ss2026-09-05 11:09:29,545 yyyy-MM-dd HH:mm:ss2026-09-05 11:09:29,546 yyyy-MM-dd HH:mm:ss2026-09-05 11:09:29,548 yyyy-MM-dd HH:mm:ss2026-09-05 11:09:29,549 yyyy-MM-dd HH:mm:ss2026-09-05 11:09:29,550 yyyy-MM-dd HH:mm:ss2026-09-05 11:09:29,552 yyyy-MM-dd HH:mm:ss2026-09-05 11:09:29,552 yyyy-MM-dd HH:mm:ss2026-09-05 11:09:29,553 yyyy-MM-dd HH:mm:ss2026-09-05 11:09:29,553 yyyy-MM-dd HH:mm:ss2026-09-05 11:09:29,555 yyyy-MM-dd HH:mm:ss2026-09-05 11:09:29,555 yyyy-MM-dd HH:mm:ss2026-09-05 11:09:29,556 yyyy-MM-dd HH:mm:ss2026-09-05 11:09:29,556 yyyy-MM-dd HH:mm:ss2026-09-05 11:09:29,557 yyyy-MM-dd HH:mm:ss2026-09-05 11:09:29,559 yyyy-MM-dd HH:mm:ss2026-09-05 11:09:29,560 yyyy-MM-dd HH:mm:ss2026-09-05 11:09:29,561 yyyy-MM-dd HH:mm:ss2026-09-05 11:09:29,561 yyyy-MM-dd HH:mm:ss2026-09-05 11:09:29,561 yyyy-MM-dd HH:mm:ss2026-09-05 11:09:29,561 yyyy-MM-dd HH:mm:ss2026-09-05 11:09:29,562 yyyy-MM-dd HH:mm:ss2026-09-05 11:09:29,563 yyyy-MM-dd HH:mm:ss2026-09-05 11:09:29,564 yyyy-MM-dd HH:mm:ss2026-09-05 11:09:29,565 yyyy-MM-dd HH:mm:ss2026-09-05 11:09:29,566 yyyy-MM-dd HH:mm:ss2026-09-05 11:09:29,567 yyyy-MM-dd HH:mm:ss2026-09-05 11:09:29,569 yyyy-MM-dd HH:mm:ss2026-09-05 11:09:29,569 yyyy-MM-dd HH:mm:ss2026-09-05 11:09:29,571 yyyy-MM-dd HH:mm:ss2026-09-05 11:09:29,571 yyyy-MM-dd HH:mm:ss2026-09-05 11:09:29,571 yyyy-MM-dd HH:mm:ss2026-09-05 11:09:29,572 yyyy-MM-dd HH:mm:ss2026-09-05 11:09:29,572 yyyy-MM-dd HH:mm:ss2026-09-05 11:09:29,573 yyyy-MM-dd HH:mm:ss2026-09-05 11:09:29,574 yyyy-MM-dd HH:mm:ss2026-09-05 11:09:29,574 yyyy-MM-dd HH:mm:ss2026-09-05 11:09:29,575 yyyy-MM-dd HH:mm:ss2026-09-05 11:09:29,575 yyyy-MM-dd HH:mm:ss2026-09-05 11:09:29,576 yyyy-MM-dd HH:mm:ss2026-09-05 11:09:29,576 yyyy-MM-dd HH:mm:ss2026-09-05 11:09:29,577 yyyy-MM-dd HH:mm:ss2026-09-05 11:09:29,577 yyyy-MM-dd HH:mm:ss2026-09-05 11:09:29,577 yyyy-MM-dd HH:mm:ss2026-09-05 11:09:29,587 yyyy-MM-dd HH:mm:ss2026-09-05 11:09:29,593 yyyy-MM-dd HH:mm:ss2026-09-05 11:09:29,594 yyyy-MM-dd HH:mm:ss2026-09-05 11:09:29,596 yyyy-MM-dd HH:mm:ss2026-09-05 11:09:29,598 yyyy-MM-dd HH:mm:ss2026-09-05 11:09:29,601 yyyy-MM-dd HH:mm:ss2026-09-05 11:09:29,601 yyyy-MM-dd HH:mm:ss2026-09-05 11:09:29,601 yyyy-MM-dd HH:mm:ss2026-09-05 11:09:29,601 yyyy-MM-dd HH:mm:ss2026-09-05 11:09:29,603 yyyy-MM-dd HH:mm:ss2026-09-05 11:09:29,603 yyyy-MM-dd HH:mm:ss2026-09-05 11:09:29,604 yyyy-MM-dd HH:mm:ss2026-09-05 11:09:29,605 yyyy-MM-dd HH:mm:ss2026-09-05 11:09:29,605 yyyy-MM-dd HH:mm:ss2026-09-05 11:09:29,605 yyyy-MM-dd HH:mm:ss2026-09-05 11:09:29,606 yyyy-MM-dd HH:mm:ss2026-09-05 11:09:29,606 yyyy-MM-dd HH:mm:ss2026-09-05 11:09:29,607 yyyy-MM-dd HH:mm:ss2026-09-05 11:09:29,608 yyyy-MM-dd HH:mm:ss2026-09-05 11:09:29,609 yyyy-MM-dd HH:mm:ss2026-09-05 11:09:29,609 yyyy-MM-dd HH:mm:ss2026-09-05 11:09:29,609 yyyy-MM-dd HH:mm:ss2026-09-05 11:09:29,612 yyyy-MM-dd HH:mm:ss2026-09-05 11:09:29,612 yyyy-MM-dd HH:mm:ss2026-09-05 11:09:29,612 yyyy-MM-dd HH:mm:ss2026-09-05 11:09:29,613 yyyy-MM-dd HH:mm:ss2026-09-05 11:09:29,613 yyyy-MM-dd HH:mm:ss2026-09-05 11:09:29,613 yyyy-MM-dd HH:mm:ss2026-09-05 11:09:29,614 yyyy-MM-dd HH:mm:ss2026-09-05 11:09:29,614 yyyy-MM-dd HH:mm:ss2026-09-05 11:09:29,614 yyyy-MM-dd HH:mm:ss2026-09-05 11:09:29,615 yyyy-MM-dd HH:mm:ss2026-09-05 11:09:29,615 yyyy-MM-dd HH:mm:ss2026-09-05 11:09:29,615 yyyy-MM-dd HH:mm:ss2026-09-05 11:09:29,616 yyyy-MM-dd HH:mm:ss2026-09-05 11:09:29,616 yyyy-MM-dd HH:mm:ss2026-09-05 11:09:29,616 yyyy-MM-dd HH:mm:ss2026-09-05 11:09:29,617 yyyy-MM-dd HH:mm:ss2026-09-05 11:09:29,617 yyyy-MM-dd HH:mm:ss2026-09-05 11:09:29,617 yyyy-MM-dd HH:mm:ss2026-09-05 11:09:29,618 yyyy-MM-dd HH:mm:ss2026-09-05 11:09:29,619 yyyy-MM-dd HH:mm:ss2026-09-05 11:09:29,619 yyyy-MM-dd HH:mm:ss2026-09-05 11:09:29,619 yyyy-MM-dd HH:mm:ss2026-09-05 11:09:29,621 yyyy-MM-dd HH:mm:ss2026-09-05 11:09:29,621 yyyy-MM-dd HH:mm:ss2026-09-05 11:09:29,623 yyyy-MM-dd HH:mm:ss2026-09-05 11:09:29,624 yyyy-MM-dd HH:mm:ss2026-09-05 11:09:29,626 yyyy-MM-dd HH:mm:ss2026-09-05 11:09:29,626 yyyy-MM-dd HH:mm:ss2026-09-05 11:09:29,626 yyyy-MM-dd HH:mm:ss2026-09-05 11:09:29,626 yyyy-MM-dd HH:mm:ss2026-09-05 11:09:29,626 yyyy-MM-dd HH:mm:ss2026-09-05 11:09:29,626 yyyy-MM-dd HH:mm:ss2026-09-05 11:09:29,626 yyyy-MM-dd HH:mm:ss2026-09-05 11:09:29,626 yyyy-MM-dd HH:mm:ss2026-09-05 11:09:29,644 yyyy-MM-dd HH:mm:ss2026-09-05 11:09:29,645 yyyy-MM-dd HH:mm:ss2026-09-05 11:09:29,645 yyyy-MM-dd HH:mm:ss2026-09-05 11:09:29,646 yyyy-MM-dd HH:mm:ss2026-09-05 11:09:29,649 yyyy-MM-dd HH:mm:ss2026-09-05 11:09:29,651 yyyy-MM-dd HH:mm:ss2026-09-05 11:09:29,669 yyyy-MM-dd HH:mm:ss2026-09-05 11:09:29,669 yyyy-MM-dd HH:mm:ss2026-09-05 11:09:29,669 yyyy-MM-dd HH:mm:ss2026-09-05 11:09:29,669 yyyy-MM-dd HH:mm:ss2026-09-05 11:09:29,669 yyyy-MM-dd HH:mm:ss2026-09-05 11:09:29,677 yyyy-MM-dd HH:mm:ss2026-09-05 11:09:29,677 yyyy-MM-dd HH:mm:ss2026-09-05 11:09:29,677 yyyy-MM-dd HH:mm:ss2026-09-05 11:09:29,677 yyyy-MM-dd HH:mm:ss2026-09-05 11:09:29,687 yyyy-MM-dd HH:mm:ss2026-09-05 11:09:29,689 yyyy-MM-dd HH:mm:ss2026-09-05 11:09:29,692 yyyy-MM-dd HH:mm:ss2026-09-05 11:09:29,693 yyyy-MM-dd HH:mm:ss2026-09-05 11:09:29,694 yyyy-MM-dd HH:mm:ss2026-09-05 11:09:29,697 yyyy-MM-dd HH:mm:ss2026-09-05 11:09:29,697 yyyy-MM-dd HH:mm:ss2026-09-05 11:09:33,378 yyyy-MM-dd HH:mm:ss2026-09-05 11:09:33,378 yyyy-MM-dd HH:mm:ss2026-09-05 11:09:33,378 yyyy-MM-dd HH:mm:ss2026-09-05 11:09:33,379 yyyy-MM-dd HH:mm:ss2026-09-05 11:09:33,386 yyyy-MM-dd HH:mm:ss2026-09-05 11:09:33,386 yyyy-MM-dd HH:mm:ss2026-09-05 11:09:33,386 yyyy-MM-dd HH:mm:ss2026-09-05 11:09:33,387 yyyy-MM-dd HH:mm:ss2026-09-05 11:09:33,388 yyyy-MM-dd HH:mm:ss2026-09-05 11:09:33,391 yyyy-MM-dd HH:mm:ss2026-09-05 11:09:33,391 yyyy-MM-dd HH:mm:ss2026-09-05 11:09:33,391 yyyy-MM-dd HH:mm:ss2026-09-05 11:09:33,402 yyyy-MM-dd HH:mm:ss2026-09-05 11:09:33,402 yyyy-MM-dd HH:mm:ss2026-09-05 11:09:33,402 yyyy-MM-dd HH:mm:ss2026-09-05 11:09:33,506 yyyy-MM-dd HH:mm:ss2026-09-05 11:09:33,511 yyyy-MM-dd HH:mm:ss2026-09-05 11:09:33,513 yyyy-MM-dd HH:mm:ss2026-09-05 11:09:33,514 yyyy-MM-dd HH:mm:ss2026-09-05 11:09:33,521 yyyy-MM-dd HH:mm:ss2026-09-05 11:09:33,521 yyyy-MM-dd HH:mm:ss2026-09-05 11:09:33,523 yyyy-MM-dd HH:mm:ss2026-09-05 11:09:33,524 yyyy-MM-dd HH:mm:ss2026-09-05 11:09:33,524 yyyy-MM-dd HH:mm:ss2026-09-05 11:09:33,525 yyyy-MM-dd HH:mm:ss2026-09-05 11:09:33,525 yyyy-MM-dd HH:mm:ss2026-09-05 11:09:33,525 yyyy-MM-dd HH:mm:ss2026-09-05 11:09:33,536 yyyy-MM-dd HH:mm:ss2026-09-05 11:09:33,536 yyyy-MM-dd HH:mm:ss2026-09-05 11:09:33,536 yyyy-MM-dd HH:mm:ss2026-09-05 11:09:33,536 yyyy-MM-dd HH:mm:ss2026-09-05 11:09:33,537 yyyy-MM-dd HH:mm:ss2026-09-05 11:09:33,537 yyyy-MM-dd HH:mm:ss2026-09-05 11:09:33,553 yyyy-MM-dd HH:mm:ss2026-09-05 11:09:33,556 yyyy-MM-dd HH:mm:ss2026-09-05 11:09:33,557 yyyy-MM-dd HH:mm:ss2026-09-05 11:09:33,558 yyyy-MM-dd HH:mm:ss2026-09-05 11:09:33,557 yyyy-MM-dd HH:mm:ss2026-09-05 11:09:33,565 yyyy-MM-dd HH:mm:ss2026-09-05 11:09:33,565 yyyy-MM-dd HH:mm:ss2026-09-05 11:09:33,566 yyyy-MM-dd HH:mm:ss2026-09-05 11:09:33,567 yyyy-MM-dd HH:mm:ss2026-09-05 11:09:33,567 yyyy-MM-dd HH:mm:ss2026-09-05 11:09:33,567 yyyy-MM-dd HH:mm:ss2026-09-05 11:09:33,596 yyyy-MM-dd HH:mm:ss2026-09-05 11:09:33,596 yyyy-MM-dd HH:mm:ss2026-09-05 11:09:33,597 yyyy-MM-dd HH:mm:ss2026-09-05 11:09:33,597 yyyy-MM-dd HH:mm:ss2026-09-05 11:09:33,597 yyyy-MM-dd HH:mm:ss2026-09-05 11:09:33,600 yyyy-MM-dd HH:mm:ss2026-09-05 11:09:35,224 yyyy-MM-dd HH:mm:ss2026-09-05 11:09:35,225 yyyy-MM-dd HH:mm:ss2026-09-05 11:09:35,225 yyyy-MM-dd HH:mm:ss2026-09-05 11:09:35,226 yyyy-MM-dd HH:mm:ss2026-09-05 11:09:35,232 yyyy-MM-dd HH:mm:ss2026-09-05 11:09:35,233 yyyy-MM-dd HH:mm:ss2026-09-05 11:09:35,235 yyyy-MM-dd HH:mm:ss2026-09-05 11:09:35,235 yyyy-MM-dd HH:mm:ss2026-09-05 11:09:35,235 yyyy-MM-dd HH:mm:ss2026-09-05 11:09:35,309 yyyy-MM-dd HH:mm:ss2026-09-05 11:09:35,311 yyyy-MM-dd HH:mm:ss2026-09-05 11:09:35,312 yyyy-MM-dd HH:mm:ss2026-09-05 11:09:35,312 yyyy-MM-dd HH:mm:ss2026-09-05 11:09:35,321 yyyy-MM-dd HH:mm:ss2026-09-05 11:09:35,321 yyyy-MM-dd HH:mm:ss2026-09-05 11:09:35,321 yyyy-MM-dd HH:mm:ss2026-09-05 11:09:35,321 yyyy-MM-dd HH:mm:ss2026-09-05 11:09:35,321 yyyy-MM-dd HH:mm:ss2026-09-05 11:09:35,321 yyyy-MM-dd HH:mm:ss2026-09-05 11:09:35,322 yyyy-MM-dd HH:mm:ss2026-09-05 11:09:35,527 yyyy-MM-dd HH:mm:ss2026-09-05 11:09:35,533 yyyy-MM-dd HH:mm:ss2026-09-05 11:09:35,536 yyyy-MM-dd HH:mm:ss2026-09-05 11:09:35,538 yyyy-MM-dd HH:mm:ss2026-09-05 11:09:35,542 yyyy-MM-dd HH:mm:ss2026-09-05 11:09:35,548 yyyy-MM-dd HH:mm:ss2026-09-05 11:09:35,571 yyyy-MM-dd HH:mm:ss2026-09-05 11:09:35,571 yyyy-MM-dd HH:mm:ss2026-09-05 11:09:35,590 yyyy-MM-dd HH:mm:ss2026-09-05 11:09:35,591 yyyy-MM-dd HH:mm:ss2026-09-05 11:09:35,602 yyyy-MM-dd HH:mm:ss2026-09-05 11:09:35,621 yyyy-MM-dd HH:mm:ss2026-09-05 11:09:35,627 yyyy-MM-dd HH:mm:ss2026-09-05 11:09:35,783 yyyy-MM-dd HH:mm:ss2026-09-05 11:09:35,784 yyyy-MM-dd HH:mm:ss2026-09-05 11:09:35,903 yyyy-MM-dd HH:mm:ss2026-09-05 11:09:36,032 yyyy-MM-dd HH:mm:ss2026-09-05 11:09:36,033 yyyy-MM-dd HH:mm:ss2026-09-05 11:09:36,034 yyyy-MM-dd HH:mm:ss2026-09-05 11:09:36,034 yyyy-MM-dd HH:mm:ss2026-09-05 11:09:36,034 yyyy-MM-dd HH:mm:ss2026-09-05 11:09:36,326 yyyy-MM-dd HH:mm:ss2026-09-05 11:09:36,328 yyyy-MM-dd HH:mm:ss2026-09-05 11:09:36,328 yyyy-MM-dd HH:mm:ss2026-09-05 11:09:36,328 yyyy-MM-dd HH:mm:ss2026-09-05 11:09:36,329 yyyy-MM-dd HH:mm:ss2026-09-05 11:09:36,329 yyyy-MM-dd HH:mm:ss2026-09-05 11:09:36,331 yyyy-MM-dd HH:mm:ss2026-09-05 11:09:36,331 yyyy-MM-dd HH:mm:ss2026-09-05 11:09:36,332 yyyy-MM-dd HH:mm:ss2026-09-05 11:09:36,355 yyyy-MM-dd HH:mm:ss2026-09-05 11:09:36,355 yyyy-MM-dd HH:mm:ss2026-09-05 11:09:36,355 yyyy-MM-dd HH:mm:ss2026-09-05 11:09:36,355 yyyy-MM-dd HH:mm:ss2026-09-05 11:09:36,357 yyyy-MM-dd HH:mm:ss2026-09-05 11:09:36,357 yyyy-MM-dd HH:mm:ss2026-09-05 11:09:36,357 yyyy-MM-dd HH:mm:ss2026-09-05 11:09:36,357 yyyy-MM-dd HH:mm:ss2026-09-05 11:09:36,357 yyyy-MM-dd HH:mm:ss2026-09-05 11:09:36,364 yyyy-MM-dd HH:mm:ss2026-09-05 11:09:36,364 yyyy-MM-dd HH:mm:ss2026-09-05 11:09:36,365 yyyy-MM-dd HH:mm:ss2026-09-05 11:09:36,365 yyyy-MM-dd HH:mm:ss2026-09-05 11:09:36,368 yyyy-MM-dd HH:mm:ss2026-09-05 11:09:36,368 yyyy-MM-dd HH:mm:ss2026-09-05 11:09:36,370 yyyy-MM-dd HH:mm:ss2026-09-05 11:09:36,371 yyyy-MM-dd HH:mm:ss2026-09-05 11:09:36,372 yyyy-MM-dd HH:mm:ss2026-09-05 11:09:36,372 yyyy-MM-dd HH:mm:ss2026-09-05 11:09:36,373 yyyy-MM-dd HH:mm:ss2026-09-05 11:09:36,374 yyyy-MM-dd HH:mm:ss2026-09-05 11:09:36,374 yyyy-MM-dd HH:mm:ss2026-09-05 11:09:36,375 yyyy-MM-dd HH:mm:ss2026-09-05 11:09:36,376 yyyy-MM-dd HH:mm:ss2026-09-05 11:09:36,376 yyyy-MM-dd HH:mm:ss2026-09-05 11:09:36,376 yyyy-MM-dd HH:mm:ss2026-09-05 11:09:36,377 yyyy-MM-dd HH:mm:ss2026-09-05 11:09:36,540 yyyy-MM-dd HH:mm:ss2026-09-05 11:09:36,625 yyyy-MM-dd HH:mm:ss2026-09-05 11:09:36,626 yyyy-MM-dd HH:mm:ss2026-09-05 11:09:36,626 yyyy-MM-dd HH:mm:ss2026-09-05 11:09:36,626 yyyy-MM-dd HH:mm:ss2026-09-05 11:09:36,629 yyyy-MM-dd HH:mm:ss2026-09-05 11:09:36,631 yyyy-MM-dd HH:mm:ss2026-09-05 11:09:36,631 yyyy-MM-dd HH:mm:ss2026-09-05 11:09:36,644 yyyy-MM-dd HH:mm:ss2026-09-05 11:09:36,648 yyyy-MM-dd HH:mm:ss2026-09-05 11:09:36,652 yyyy-MM-dd HH:mm:ss2026-09-05 11:09:36,653 yyyy-MM-dd HH:mm:ss2026-09-05 11:09:36,655 yyyy-MM-dd HH:mm:ss2026-09-05 11:09:36,657 yyyy-MM-dd HH:mm:ss2026-09-05 11:09:36,665 yyyy-MM-dd HH:mm:ss2026-09-05 11:09:36,666 yyyy-MM-dd HH:mm:ss2026-09-05 11:09:37,286 yyyy-MM-dd HH:mm:ss2026-09-05 11:09:37,291 yyyy-MM-dd HH:mm:ss2026-09-05 11:09:37,291 yyyy-MM-dd HH:mm:ss2026-09-05 11:09:37,291 yyyy-MM-dd HH:mm:ss2026-09-05 11:09:37,306 yyyy-MM-dd HH:mm:ss2026-09-05 11:09:37,328 yyyy-MM-dd HH:mm:ss2026-09-05 11:09:37,329 yyyy-MM-dd HH:mm:ss2026-09-05 11:09:37,329 yyyy-MM-dd HH:mm:ss2026-09-05 11:09:37,334 yyyy-MM-dd HH:mm:ss2026-09-05 11:09:37,584 yyyy-MM-dd HH:mm:ss2026-09-05 11:09:37,587 yyyy-MM-dd HH:mm:ss2026-09-05 11:09:37,587 yyyy-MM-dd HH:mm:ss2026-09-05 11:09:37,598 yyyy-MM-dd HH:mm:ss2026-09-05 11:09:37,599 yyyy-MM-dd HH:mm:ss2026-09-05 11:09:37,599 yyyy-MM-dd HH:mm:ss2026-09-05 11:09:37,599 yyyy-MM-dd HH:mm:ss2026-09-05 11:09:37,601 yyyy-MM-dd HH:mm:ss2026-09-05 11:09:37,601 yyyy-MM-dd HH:mm:ss2026-09-05 11:09:37,603 yyyy-MM-dd HH:mm:ss2026-09-05 11:09:37,604 yyyy-MM-dd HH:mm:ss2026-09-05 11:09:37,604 yyyy-MM-dd HH:mm:ss2026-09-05 11:09:37,604 yyyy-MM-dd HH:mm:ss2026-09-05 11:09:37,604 yyyy-MM-dd HH:mm:ss2026-09-05 11:09:37,605 yyyy-MM-dd HH:mm:ss2026-09-05 11:09:37,605 yyyy-MM-dd HH:mm:ss2026-09-05 11:09:37,606 yyyy-MM-dd HH:mm:ss2026-09-05 11:09:37,608 yyyy-MM-dd HH:mm:ss2026-09-05 11:09:37,610 yyyy-MM-dd HH:mm:ss2026-09-05 11:09:37,611 yyyy-MM-dd HH:mm:ss2026-09-05 11:09:37,613 yyyy-MM-dd HH:mm:ss2026-09-05 11:09:37,613 yyyy-MM-dd HH:mm:ss2026-09-05 11:09:37,614 yyyy-MM-dd HH:mm:ss2026-09-05 11:09:37,614 yyyy-MM-dd HH:mm:ss2026-09-05 11:09:37,615 yyyy-MM-dd HH:mm:ss2026-09-05 11:09:37,616 yyyy-MM-dd HH:mm:ss2026-09-05 11:09:37,617 yyyy-MM-dd HH:mm:ss2026-09-05 11:09:37,617 yyyy-MM-dd HH:mm:ss2026-09-05 11:09:37,628 yyyy-MM-dd HH:mm:ss2026-09-05 11:09:37,631 yyyy-MM-dd HH:mm:ss2026-09-05 11:09:37,634 yyyy-MM-dd HH:mm:ss2026-09-05 11:09:37,635 yyyy-MM-dd HH:mm:ss2026-09-05 11:09:37,636 yyyy-MM-dd HH:mm:ss2026-09-05 11:09:37,636 yyyy-MM-dd HH:mm:ss2026-09-05 11:09:37,636 yyyy-MM-dd HH:mm:ss2026-09-05 11:09:37,637 yyyy-MM-dd HH:mm:ss2026-09-05 11:09:37,637 yyyy-MM-dd HH:mm:ss2026-09-05 11:09:37,639 yyyy-MM-dd HH:mm:ss2026-09-05 11:09:37,640 yyyy-MM-dd HH:mm:ss2026-09-05 11:09:37,641 yyyy-MM-dd HH:mm:ss2026-09-05 11:09:37,641 yyyy-MM-dd HH:mm:ss2026-09-05 11:09:37,642 yyyy-MM-dd HH:mm:ss2026-09-05 11:09:37,642 yyyy-MM-dd HH:mm:ss2026-09-05 11:09:37,643 yyyy-MM-dd HH:mm:ss2026-09-05 11:09:37,643 yyyy-MM-dd HH:mm:ss2026-09-05 11:09:37,646 yyyy-MM-dd HH:mm:ss2026-09-05 11:09:37,647 yyyy-MM-dd HH:mm:ss2026-09-05 11:09:37,653 yyyy-MM-dd HH:mm:ss2026-09-05 11:09:37,657 yyyy-MM-dd HH:mm:ss2026-09-05 11:09:37,657 yyyy-MM-dd HH:mm:ss2026-09-05 11:09:37,658 yyyy-MM-dd HH:mm:ss2026-09-05 11:09:37,667 yyyy-MM-dd HH:mm:ss2026-09-05 11:09:37,669 yyyy-MM-dd HH:mm:ss2026-09-05 11:09:37,669 yyyy-MM-dd HH:mm:ss2026-09-05 11:09:37,671 yyyy-MM-dd HH:mm:ss2026-09-05 11:09:37,672 yyyy-MM-dd HH:mm:ss2026-09-05 11:09:37,672 yyyy-MM-dd HH:mm:ss2026-09-05 11:09:37,674 yyyy-MM-dd HH:mm:ss2026-09-05 11:09:37,674 yyyy-MM-dd HH:mm:ss2026-09-05 11:09:37,675 yyyy-MM-dd HH:mm:ss2026-09-05 11:09:37,676 yyyy-MM-dd HH:mm:ss2026-09-05 11:09:37,676 yyyy-MM-dd HH:mm:ss2026-09-05 11:09:37,676 yyyy-MM-dd HH:mm:ss2026-09-05 11:09:37,677 yyyy-MM-dd HH:mm:ss2026-09-05 11:09:37,678 yyyy-MM-dd HH:mm:ss2026-09-05 11:09:37,685 yyyy-MM-dd HH:mm:ss2026-09-05 11:09:37,685 yyyy-MM-dd HH:mm:ss2026-09-05 11:09:37,685 yyyy-MM-dd HH:mm:ss2026-09-05 11:09:37,685 yyyy-MM-dd HH:mm:ss2026-09-05 11:09:37,686 yyyy-MM-dd HH:mm:ss2026-09-05 11:09:37,686 yyyy-MM-dd HH:mm:ss2026-09-05 11:09:37,688 yyyy-MM-dd HH:mm:ss2026-09-05 11:09:37,689 yyyy-MM-dd HH:mm:ss2026-09-05 11:09:37,690 yyyy-MM-dd HH:mm:ss2026-09-05 11:09:37,691 yyyy-MM-dd HH:mm:ss2026-09-05 11:09:37,692 yyyy-MM-dd HH:mm:ss2026-09-05 11:09:37,692 yyyy-MM-dd HH:mm:ss2026-09-05 11:09:37,693 yyyy-MM-dd HH:mm:ss2026-09-05 11:09:37,693 yyyy-MM-dd HH:mm:ss2026-09-05 11:09:37,695 yyyy-MM-dd HH:mm:ss2026-09-05 11:09:37,698 yyyy-MM-dd HH:mm:ss2026-09-05 11:09:37,698 yyyy-MM-dd HH:mm:ss2026-09-05 11:09:37,699 yyyy-MM-dd HH:mm:ss2026-09-05 11:09:37,699 yyyy-MM-dd HH:mm:ss2026-09-05 11:09:37,700 yyyy-MM-dd HH:mm:ss2026-09-05 11:09:37,702 yyyy-MM-dd HH:mm:ss2026-09-05 11:09:37,703 yyyy-MM-dd HH:mm:ss2026-09-05 11:09:37,709 yyyy-MM-dd HH:mm:ss2026-09-05 11:09:37,709 yyyy-MM-dd HH:mm:ss2026-09-05 11:09:37,711 yyyy-MM-dd HH:mm:ss2026-09-05 11:09:37,736 yyyy-MM-dd HH:mm:ss2026-09-05 11:09:37,737 yyyy-MM-dd HH:mm:ss2026-09-05 11:09:37,738 yyyy-MM-dd HH:mm:ss2026-09-05 11:09:37,738 yyyy-MM-dd HH:mm:ss2026-09-05 11:09:37,862 yyyy-MM-dd HH:mm:ss2026-09-05 11:09:37,863 yyyy-MM-dd HH:mm:ss2026-09-05 11:09:37,864 yyyy-MM-dd HH:mm:ss2026-09-05 11:09:37,865 yyyy-MM-dd HH:mm:ss2026-09-05 11:09:37,866 yyyy-MM-dd HH:mm:ss2026-09-05 11:09:37,866 yyyy-MM-dd HH:mm:ss2026-09-05 11:09:37,868 yyyy-MM-dd HH:mm:ss2026-09-05 11:09:37,870 yyyy-MM-dd HH:mm:ss2026-09-05 11:09:37,871 yyyy-MM-dd HH:mm:ss2026-09-05 11:09:37,873 yyyy-MM-dd HH:mm:ss2026-09-05 11:09:37,873 yyyy-MM-dd HH:mm:ss2026-09-05 11:09:37,875 yyyy-MM-dd HH:mm:ss2026-09-05 11:09:37,876 yyyy-MM-dd HH:mm:ss2026-09-05 11:09:37,877 yyyy-MM-dd HH:mm:ss2026-09-05 11:09:37,879 yyyy-MM-dd HH:mm:ss2026-09-05 11:09:37,879 yyyy-MM-dd HH:mm:ss2026-09-05 11:09:37,881 yyyy-MM-dd HH:mm:ss2026-09-05 11:09:37,881 yyyy-MM-dd HH:mm:ss2026-09-05 11:09:37,882 yyyy-MM-dd HH:mm:ss2026-09-05 11:09:37,882 yyyy-MM-dd HH:mm:ss2026-09-05 11:09:37,884 yyyy-MM-dd HH:mm:ss2026-09-05 11:09:37,886 yyyy-MM-dd HH:mm:ss2026-09-05 11:09:37,886 yyyy-MM-dd HH:mm:ss2026-09-05 11:09:37,890 yyyy-MM-dd HH:mm:ss2026-09-05 11:09:37,891 yyyy-MM-dd HH:mm:ss2026-09-05 11:09:37,892 yyyy-MM-dd HH:mm:ss2026-09-05 11:09:37,892 yyyy-MM-dd HH:mm:ss2026-09-05 11:09:37,893 yyyy-MM-dd HH:mm:ss2026-09-05 11:09:37,893 yyyy-MM-dd HH:mm:ss2026-09-05 11:09:37,899 yyyy-MM-dd HH:mm:ss2026-09-05 11:09:37,899 yyyy-MM-dd HH:mm:ss2026-09-05 11:09:37,901 yyyy-MM-dd HH:mm:ss2026-09-05 11:09:37,901 yyyy-MM-dd HH:mm:ss2026-09-05 11:09:37,902 yyyy-MM-dd HH:mm:ss2026-09-05 11:09:37,905 yyyy-MM-dd HH:mm:ss2026-09-05 11:09:37,905 yyyy-MM-dd HH:mm:ss2026-09-05 11:09:37,906 yyyy-MM-dd HH:mm:ss2026-09-05 11:09:37,907 yyyy-MM-dd HH:mm:ss2026-09-05 11:09:37,908 yyyy-MM-dd HH:mm:ss2026-09-05 11:09:37,909 yyyy-MM-dd HH:mm:ss2026-09-05 11:09:37,909 yyyy-MM-dd HH:mm:ss2026-09-05 11:09:37,912 yyyy-MM-dd HH:mm:ss2026-09-05 11:09:37,912 yyyy-MM-dd HH:mm:ss2026-09-05 11:09:37,913 yyyy-MM-dd HH:mm:ss2026-09-05 11:09:37,915 yyyy-MM-dd HH:mm:ss2026-09-05 11:09:37,915 yyyy-MM-dd HH:mm:ss2026-09-05 11:09:37,915 yyyy-MM-dd HH:mm:ss2026-09-05 11:09:37,916 yyyy-MM-dd HH:mm:ss2026-09-05 11:09:37,916 yyyy-MM-dd HH:mm:ss2026-09-05 11:09:37,916 yyyy-MM-dd HH:mm:ss2026-09-05 11:09:37,916 yyyy-MM-dd HH:mm:ss2026-09-05 11:09:37,925 yyyy-MM-dd HH:mm:ss2026-09-05 11:09:37,925 yyyy-MM-dd HH:mm:ss2026-09-05 11:09:37,926 yyyy-MM-dd HH:mm:ss2026-09-05 11:09:37,929 yyyy-MM-dd HH:mm:ss2026-09-05 11:09:37,929 yyyy-MM-dd HH:mm:ss2026-09-05 11:09:37,931 yyyy-MM-dd HH:mm:ss2026-09-05 11:09:37,933 yyyy-MM-dd HH:mm:ss2026-09-05 11:09:37,936 yyyy-MM-dd HH:mm:ss2026-09-05 11:09:37,936 yyyy-MM-dd HH:mm:ss2026-09-05 11:09:37,937 yyyy-MM-dd HH:mm:ss2026-09-05 11:09:37,937 yyyy-MM-dd HH:mm:ss2026-09-05 11:09:37,938 yyyy-MM-dd HH:mm:ss2026-09-05 11:09:37,938 yyyy-MM-dd HH:mm:ss2026-09-05 11:09:37,940 yyyy-MM-dd HH:mm:ss2026-09-05 11:09:37,941 yyyy-MM-dd HH:mm:ss2026-09-05 11:09:37,942 yyyy-MM-dd HH:mm:ss2026-09-05 11:09:37,943 yyyy-MM-dd HH:mm:ss2026-09-05 11:09:37,945 yyyy-MM-dd HH:mm:ss2026-09-05 11:09:37,948 yyyy-MM-dd HH:mm:ss2026-09-05 11:09:37,951 yyyy-MM-dd HH:mm:ss2026-09-05 11:09:37,952 yyyy-MM-dd HH:mm:ss2026-09-05 11:09:37,955 yyyy-MM-dd HH:mm:ss2026-09-05 11:09:37,955 yyyy-MM-dd HH:mm:ss2026-09-05 11:09:37,955 yyyy-MM-dd HH:mm:ss2026-09-05 11:09:37,955 yyyy-MM-dd HH:mm:ss2026-09-05 11:09:37,956 yyyy-MM-dd HH:mm:ss2026-09-05 11:09:37,961 yyyy-MM-dd HH:mm:ss2026-09-05 11:09:37,961 yyyy-MM-dd HH:mm:ss2026-09-05 11:09:37,962 yyyy-MM-dd HH:mm:ss2026-09-05 11:09:37,963 yyyy-MM-dd HH:mm:ss2026-09-05 11:09:37,963 yyyy-MM-dd HH:mm:ss2026-09-05 11:09:37,963 yyyy-MM-dd HH:mm:ss2026-09-05 11:09:37,964 yyyy-MM-dd HH:mm:ss2026-09-05 11:09:37,972 yyyy-MM-dd HH:mm:ss2026-09-05 11:09:37,972 yyyy-MM-dd HH:mm:ss2026-09-05 11:09:37,972 yyyy-MM-dd HH:mm:ss2026-09-05 11:09:37,972 yyyy-MM-dd HH:mm:ss2026-09-05 11:09:37,973 yyyy-MM-dd HH:mm:ss2026-09-05 11:09:37,975 yyyy-MM-dd HH:mm:ss2026-09-05 11:09:37,975 yyyy-MM-dd HH:mm:ss2026-09-05 11:09:37,977 yyyy-MM-dd HH:mm:ss2026-09-05 11:09:37,977 yyyy-MM-dd HH:mm:ss2026-09-05 11:09:37,977 yyyy-MM-dd HH:mm:ss2026-09-05 11:09:37,978 yyyy-MM-dd HH:mm:ss2026-09-05 11:09:37,986 yyyy-MM-dd HH:mm:ss2026-09-05 11:09:37,987 yyyy-MM-dd HH:mm:ss2026-09-05 11:09:37,987 yyyy-MM-dd HH:mm:ss2026-09-05 11:09:37,987 yyyy-MM-dd HH:mm:ss2026-09-05 11:09:37,989 yyyy-MM-dd HH:mm:ss2026-09-05 11:09:37,989 yyyy-MM-dd HH:mm:ss2026-09-05 11:09:37,994 yyyy-MM-dd HH:mm:ss2026-09-05 11:09:37,994 yyyy-MM-dd HH:mm:ss2026-09-05 11:09:37,997 yyyy-MM-dd HH:mm:ss2026-09-05 11:09:37,997 yyyy-MM-dd HH:mm:ss2026-09-05 11:09:38,000 yyyy-MM-dd HH:mm:ss2026-09-05 11:09:38,001 yyyy-MM-dd HH:mm:ss2026-09-05 11:09:38,001 yyyy-MM-dd HH:mm:ss2026-09-05 11:09:38,017 yyyy-MM-dd HH:mm:ss2026-09-05 11:09:38,017 yyyy-MM-dd HH:mm:ss2026-09-05 11:09:38,020 yyyy-MM-dd HH:mm:ss2026-09-05 11:09:38,020 yyyy-MM-dd HH:mm:ss2026-09-05 11:09:38,029 yyyy-MM-dd HH:mm:ss2026-09-05 11:09:38,029 yyyy-MM-dd HH:mm:ss2026-09-05 11:09:38,035 yyyy-MM-dd HH:mm:ss2026-09-05 11:09:38,039 yyyy-MM-dd HH:mm:ss2026-09-05 11:09:38,041 yyyy-MM-dd HH:mm:ss2026-09-05 11:09:38,041 yyyy-MM-dd HH:mm:ss2026-09-05 11:09:38,096 yyyy-MM-dd HH:mm:ss2026-09-05 11:09:38,118 yyyy-MM-dd HH:mm:ss2026-09-05 11:09:38,120 yyyy-MM-dd HH:mm:ss2026-09-05 11:09:38,121 yyyy-MM-dd HH:mm:ss2026-09-05 11:09:38,121 yyyy-MM-dd HH:mm:ss2026-09-05 11:09:38,121 yyyy-MM-dd HH:mm:ss2026-09-05 11:09:38,121 yyyy-MM-dd HH:mm:ss2026-09-05 11:09:38,121 yyyy-MM-dd HH:mm:ss2026-09-05 11:09:38,121 yyyy-MM-dd HH:mm:ss2026-09-05 11:09:38,122 yyyy-MM-dd HH:mm:ss2026-09-05 11:09:38,122 yyyy-MM-dd HH:mm:ss2026-09-05 11:09:38,122 yyyy-MM-dd HH:mm:ss2026-09-05 11:09:38,122 yyyy-MM-dd HH:mm:ss2026-09-05 11:09:38,122 yyyy-MM-dd HH:mm:ss2026-09-05 11:09:38,122 yyyy-MM-dd HH:mm:ss2026-09-05 11:09:38,122 yyyy-MM-dd HH:mm:ss2026-09-05 11:09:38,122 yyyy-MM-dd HH:mm:ss2026-09-05 11:09:38,122 yyyy-MM-dd HH:mm:ss2026-09-05 11:09:38,122 yyyy-MM-dd HH:mm:ss2026-09-05 11:09:38,122 yyyy-MM-dd HH:mm:ss2026-09-05 11:09:38,122 yyyy-MM-dd HH:mm:ss2026-09-05 11:09:38,122 yyyy-MM-dd HH:mm:ss2026-09-05 11:09:38,122 yyyy-MM-dd HH:mm:ss2026-09-05 11:09:38,122 yyyy-MM-dd HH:mm:ss2026-09-05 11:09:38,123 yyyy-MM-dd HH:mm:ss2026-09-05 11:09:38,123 yyyy-MM-dd HH:mm:ss2026-09-05 11:09:38,123 yyyy-MM-dd HH:mm:ss2026-09-05 11:09:38,123 yyyy-MM-dd HH:mm:ss2026-09-05 11:09:38,123 yyyy-MM-dd HH:mm:ss2026-09-05 11:09:38,123 yyyy-MM-dd HH:mm:ss2026-09-05 11:09:38,123 yyyy-MM-dd HH:mm:ss2026-09-05 11:09:38,123 yyyy-MM-dd HH:mm:ss2026-09-05 11:09:38,123 yyyy-MM-dd HH:mm:ss2026-09-05 11:09:38,123 yyyy-MM-dd HH:mm:ss2026-09-05 11:09:38,123 yyyy-MM-dd HH:mm:ss2026-09-05 11:09:38,123 yyyy-MM-dd HH:mm:ss2026-09-05 11:09:38,123 yyyy-MM-dd HH:mm:ss2026-09-05 11:09:38,123 yyyy-MM-dd HH:mm:ss2026-09-05 11:09:38,123 yyyy-MM-dd HH:mm:ss2026-09-05 11:09:38,123 yyyy-MM-dd HH:mm:ss2026-09-05 11:09:38,123 yyyy-MM-dd HH:mm:ss2026-09-05 11:09:38,123 yyyy-MM-dd HH:mm:ss2026-09-05 11:09:38,123 yyyy-MM-dd HH:mm:ss2026-09-05 11:09:38,124 yyyy-MM-dd HH:mm:ss2026-09-05 11:09:38,134 yyyy-MM-dd HH:mm:ss2026-09-05 11:09:38,135 yyyy-MM-dd HH:mm:ss2026-09-05 11:09:38,135 yyyy-MM-dd HH:mm:ss2026-09-05 11:09:38,135 yyyy-MM-dd HH:mm:ss2026-09-05 11:09:38,135 yyyy-MM-dd HH:mm:ss2026-09-05 11:09:38,137 yyyy-MM-dd HH:mm:ss2026-09-05 11:09:38,137 yyyy-MM-dd HH:mm:ss2026-09-05 11:09:38,138 yyyy-MM-dd HH:mm:ss2026-09-05 11:09:38,139 yyyy-MM-dd HH:mm:ss2026-09-05 11:09:38,174 yyyy-MM-dd HH:mm:ss2026-09-05 11:09:38,174 yyyy-MM-dd HH:mm:ss2026-09-05 11:09:38,175 yyyy-MM-dd HH:mm:ss2026-09-05 11:09:38,184 yyyy-MM-dd HH:mm:ss2026-09-05 11:09:38,185 yyyy-MM-dd HH:mm:ss2026-09-05 11:09:38,186 yyyy-MM-dd HH:mm:ss2026-09-05 11:09:38,221 yyyy-MM-dd HH:mm:ss2026-09-05 11:09:38,223 yyyy-MM-dd HH:mm:ss2026-09-05 11:09:38,223 yyyy-MM-dd HH:mm:ss2026-09-05 11:09:38,223 yyyy-MM-dd HH:mm:ss2026-09-05 11:09:38,223 yyyy-MM-dd HH:mm:ss2026-09-05 11:09:38,224 yyyy-MM-dd HH:mm:ss2026-09-05 11:09:38,224 yyyy-MM-dd HH:mm:ss2026-09-05 11:09:38,226 yyyy-MM-dd HH:mm:ss2026-09-05 11:09:38,228 yyyy-MM-dd HH:mm:ss2026-09-05 11:09:38,229 yyyy-MM-dd HH:mm:ss2026-09-05 11:09:38,233 yyyy-MM-dd HH:mm:ss2026-09-05 11:09:38,233 yyyy-MM-dd HH:mm:ss2026-09-05 11:09:38,233 yyyy-MM-dd HH:mm:ss2026-09-05 11:09:38,233 yyyy-MM-dd HH:mm:ss2026-09-05 11:09:38,235 yyyy-MM-dd HH:mm:ss2026-09-05 11:09:38,237 yyyy-MM-dd HH:mm:ss2026-09-05 11:09:38,246 yyyy-MM-dd HH:mm:ss2026-09-05 11:09:38,246 yyyy-MM-dd HH:mm:ss2026-09-05 11:09:38,268 yyyy-MM-dd HH:mm:ss2026-09-05 11:09:38,282 yyyy-MM-dd HH:mm:ss2026-09-05 11:09:38,282 yyyy-MM-dd HH:mm:ss2026-09-05 11:09:38,289 yyyy-MM-dd HH:mm:ss2026-09-05 11:09:38,289 yyyy-MM-dd HH:mm:ss2026-09-05 11:09:38,313 yyyy-MM-dd HH:mm:ss2026-09-05 11:09:38,328 yyyy-MM-dd HH:mm:ss2026-09-05 11:09:38,328 yyyy-MM-dd HH:mm:ss2026-09-05 11:09:38,339 yyyy-MM-dd HH:mm:ss2026-09-05 11:09:38,340 yyyy-MM-dd HH:mm:ss2026-09-05 11:09:38,343 yyyy-MM-dd HH:mm:ss2026-09-05 11:09:38,345 yyyy-MM-dd HH:mm:ss2026-09-05 11:09:38,346 yyyy-MM-dd HH:mm:ss2026-09-05 11:09:38,375 yyyy-MM-dd HH:mm:ss2026-09-05 11:09:38,375 yyyy-MM-dd HH:mm:ss2026-09-05 11:09:38,382 yyyy-MM-dd HH:mm:ss2026-09-05 11:09:38,384 yyyy-MM-dd HH:mm:ss2026-09-05 11:09:38,384 yyyy-MM-dd HH:mm:ss2026-09-05 11:09:38,411 yyyy-MM-dd HH:mm:ss2026-09-05 11:09:38,422 yyyy-MM-dd HH:mm:ss2026-09-05 11:09:38,422 yyyy-MM-dd HH:mm:ss2026-09-05 11:09:38,435 yyyy-MM-dd HH:mm:ss2026-09-05 11:09:38,435 yyyy-MM-dd HH:mm:ss2026-09-05 11:09:38,437 yyyy-MM-dd HH:mm:ss2026-09-05 11:09:38,468 yyyy-MM-dd HH:mm:ss2026-09-05 11:09:38,468 yyyy-MM-dd HH:mm:ss2026-09-05 11:09:38,468 yyyy-MM-dd HH:mm:ss2026-09-05 11:09:38,478 yyyy-MM-dd HH:mm:ss2026-09-05 11:09:38,478 yyyy-MM-dd HH:mm:ss2026-09-05 11:09:38,509 yyyy-MM-dd HH:mm:ss2026-09-05 11:09:38,517 yyyy-MM-dd HH:mm:ss2026-09-05 11:09:38,518 yyyy-MM-dd HH:mm:ss2026-09-05 11:09:38,530 yyyy-MM-dd HH:mm:ss2026-09-05 11:09:38,531 yyyy-MM-dd HH:mm:ss2026-09-05 11:09:38,567 yyyy-MM-dd HH:mm:ss2026-09-05 11:09:38,576 yyyy-MM-dd HH:mm:ss2026-09-05 11:09:38,576 yyyy-MM-dd HH:mm:ss2026-09-05 11:09:38,585 yyyy-MM-dd HH:mm:ss2026-09-05 11:09:38,586 yyyy-MM-dd HH:mm:ss2026-09-05 11:09:38,622 yyyy-MM-dd HH:mm:ss2026-09-05 11:09:38,623 yyyy-MM-dd HH:mm:ss2026-09-05 11:09:38,638 yyyy-MM-dd HH:mm:ss2026-09-05 11:09:38,651 yyyy-MM-dd HH:mm:ss2026-09-05 11:09:38,651 yyyy-MM-dd HH:mm:ss2026-09-05 11:09:38,684 yyyy-MM-dd HH:mm:ss2026-09-05 11:09:38,769 yyyy-MM-dd HH:mm:ss2026-09-05 11:09:38,769 yyyy-MM-dd HH:mm:ss2026-09-05 11:09:38,808 yyyy-MM-dd HH:mm:ss2026-09-05 11:09:38,808 yyyy-MM-dd HH:mm:ss2026-09-05 11:09:38,811 yyyy-MM-dd HH:mm:ss2026-09-05 11:09:38,817 yyyy-MM-dd HH:mm:ss2026-09-05 11:09:38,817 yyyy-MM-dd HH:mm:ss2026-09-05 11:09:38,818 yyyy-MM-dd HH:mm:ss2026-09-05 11:09:38,831 yyyy-MM-dd HH:mm:ss2026-09-05 11:09:38,832 yyyy-MM-dd HH:mm:ss2026-09-05 11:09:38,832 yyyy-MM-dd HH:mm:ss2026-09-05 11:09:38,837 yyyy-MM-dd HH:mm:ss2026-09-05 11:09:38,840 yyyy-MM-dd HH:mm:ss2026-09-05 11:09:38,841 yyyy-MM-dd HH:mm:ss2026-09-05 11:09:38,845 yyyy-MM-dd HH:mm:ss2026-09-05 11:09:38,847 yyyy-MM-dd HH:mm:ss2026-09-05 11:09:38,848 yyyy-MM-dd HH:mm:ss2026-09-05 11:09:38,857 yyyy-MM-dd HH:mm:ss2026-09-05 11:09:38,857 yyyy-MM-dd HH:mm:ss2026-09-05 11:09:38,858 yyyy-MM-dd HH:mm:ss2026-09-05 11:09:38,861 yyyy-MM-dd HH:mm:ss2026-09-05 11:09:38,862 yyyy-MM-dd HH:mm:ss2026-09-05 11:09:38,862 yyyy-MM-dd HH:mm:ss2026-09-05 11:09:38,863 yyyy-MM-dd HH:mm:ss2026-09-05 11:09:38,864 yyyy-MM-dd HH:mm:ss2026-09-05 11:09:38,865 yyyy-MM-dd HH:mm:ss2026-09-05 11:09:38,866 yyyy-MM-dd HH:mm:ss2026-09-05 11:09:38,874 yyyy-MM-dd HH:mm:ss2026-09-05 11:09:38,883 yyyy-MM-dd HH:mm:ss2026-09-05 11:09:38,885 yyyy-MM-dd HH:mm:ss2026-09-05 11:09:38,886 yyyy-MM-dd HH:mm:ss2026-09-05 11:09:38,886 yyyy-MM-dd HH:mm:ss2026-09-05 11:09:38,887 yyyy-MM-dd HH:mm:ss2026-09-05 11:09:38,887 yyyy-MM-dd HH:mm:ss2026-09-05 11:09:38,889 yyyy-MM-dd HH:mm:ss2026-09-05 11:09:38,897 yyyy-MM-dd HH:mm:ss2026-09-05 11:09:38,901 yyyy-MM-dd HH:mm:ss2026-09-05 11:09:38,903 yyyy-MM-dd HH:mm:ss2026-09-05 11:09:38,903 yyyy-MM-dd HH:mm:ss2026-09-05 11:09:38,904 yyyy-MM-dd HH:mm:ss2026-09-05 11:09:38,905 yyyy-MM-dd HH:mm:ss2026-09-05 11:09:38,905 yyyy-MM-dd HH:mm:ss2026-09-05 11:09:38,907 yyyy-MM-dd HH:mm:ss2026-09-05 11:09:38,907 yyyy-MM-dd HH:mm:ss2026-09-05 11:09:38,908 yyyy-MM-dd HH:mm:ss2026-09-05 11:09:38,909 yyyy-MM-dd HH:mm:ss2026-09-05 11:09:38,909 yyyy-MM-dd HH:mm:ss2026-09-05 11:09:38,909 yyyy-MM-dd HH:mm:ss2026-09-05 11:09:38,910 yyyy-MM-dd HH:mm:ss2026-09-05 11:09:38,910 yyyy-MM-dd HH:mm:ss2026-09-05 11:09:38,911 yyyy-MM-dd HH:mm:ss2026-09-05 11:09:38,911 yyyy-MM-dd HH:mm:ss2026-09-05 11:09:38,911 yyyy-MM-dd HH:mm:ss2026-09-05 11:09:38,912 yyyy-MM-dd HH:mm:ss2026-09-05 11:09:38,912 yyyy-MM-dd HH:mm:ss2026-09-05 11:09:38,912 yyyy-MM-dd HH:mm:ss2026-09-05 11:09:38,913 yyyy-MM-dd HH:mm:ss2026-09-05 11:09:38,913 yyyy-MM-dd HH:mm:ss2026-09-05 11:09:38,913 yyyy-MM-dd HH:mm:ss2026-09-05 11:09:38,913 yyyy-MM-dd HH:mm:ss2026-09-05 11:09:38,914 yyyy-MM-dd HH:mm:ss2026-09-05 11:09:38,915 yyyy-MM-dd HH:mm:ss2026-09-05 11:09:38,915 yyyy-MM-dd HH:mm:ss2026-09-05 11:09:38,915 yyyy-MM-dd HH:mm:ss2026-09-05 11:09:38,915 yyyy-MM-dd HH:mm:ss2026-09-05 11:09:38,916 yyyy-MM-dd HH:mm:ss2026-09-05 11:09:38,917 yyyy-MM-dd HH:mm:ss2026-09-05 11:09:38,918 yyyy-MM-dd HH:mm:ss2026-09-05 11:09:38,919 yyyy-MM-dd HH:mm:ss2026-09-05 11:09:38,919 yyyy-MM-dd HH:mm:ss2026-09-05 11:09:38,920 yyyy-MM-dd HH:mm:ss2026-09-05 11:09:38,920 yyyy-MM-dd HH:mm:ss2026-09-05 11:09:38,921 yyyy-MM-dd HH:mm:ss2026-09-05 11:09:38,921 yyyy-MM-dd HH:mm:ss2026-09-05 11:09:38,921 yyyy-MM-dd HH:mm:ss2026-09-05 11:09:38,922 yyyy-MM-dd HH:mm:ss2026-09-05 11:09:38,923 yyyy-MM-dd HH:mm:ss2026-09-05 11:09:38,924 yyyy-MM-dd HH:mm:ss2026-09-05 11:09:38,924 yyyy-MM-dd HH:mm:ss2026-09-05 11:09:38,924 yyyy-MM-dd HH:mm:ss2026-09-05 11:09:38,927 yyyy-MM-dd HH:mm:ss2026-09-05 11:09:38,927 yyyy-MM-dd HH:mm:ss2026-09-05 11:09:38,927 yyyy-MM-dd HH:mm:ss2026-09-05 11:09:38,927 yyyy-MM-dd HH:mm:ss2026-09-05 11:09:38,928 yyyy-MM-dd HH:mm:ss2026-09-05 11:09:38,928 yyyy-MM-dd HH:mm:ss2026-09-05 11:09:38,928 yyyy-MM-dd HH:mm:ss2026-09-05 11:09:38,929 yyyy-MM-dd HH:mm:ss2026-09-05 11:09:38,929 yyyy-MM-dd HH:mm:ss2026-09-05 11:09:38,931 yyyy-MM-dd HH:mm:ss2026-09-05 11:09:38,931 yyyy-MM-dd HH:mm:ss2026-09-05 11:09:38,932 yyyy-MM-dd HH:mm:ss2026-09-05 11:09:38,933 yyyy-MM-dd HH:mm:ss2026-09-05 11:09:38,933 yyyy-MM-dd HH:mm:ss2026-09-05 11:09:38,934 yyyy-MM-dd HH:mm:ss2026-09-05 11:09:38,934 yyyy-MM-dd HH:mm:ss2026-09-05 11:09:38,935 yyyy-MM-dd HH:mm:ss2026-09-05 11:09:38,935 yyyy-MM-dd HH:mm:ss2026-09-05 11:09:38,935 yyyy-MM-dd HH:mm:ss2026-09-05 11:09:38,936 yyyy-MM-dd HH:mm:ss2026-09-05 11:09:38,936 yyyy-MM-dd HH:mm:ss2026-09-05 11:09:38,936 yyyy-MM-dd HH:mm:ss2026-09-05 11:09:38,937 yyyy-MM-dd HH:mm:ss2026-09-05 11:09:38,939 yyyy-MM-dd HH:mm:ss2026-09-05 11:09:38,939 yyyy-MM-dd HH:mm:ss2026-09-05 11:09:38,942 yyyy-MM-dd HH:mm:ss2026-09-05 11:09:38,942 yyyy-MM-dd HH:mm:ss2026-09-05 11:09:38,942 yyyy-MM-dd HH:mm:ss2026-09-05 11:09:38,942 yyyy-MM-dd HH:mm:ss2026-09-05 11:09:38,946 yyyy-MM-dd HH:mm:ss2026-09-05 11:09:38,947 yyyy-MM-dd HH:mm:ss2026-09-05 11:09:38,947 yyyy-MM-dd HH:mm:ss2026-09-05 11:09:38,947 yyyy-MM-dd HH:mm:ss2026-09-05 11:09:38,949 yyyy-MM-dd HH:mm:ss2026-09-05 11:09:38,951 yyyy-MM-dd HH:mm:ss2026-09-05 11:09:38,951 yyyy-MM-dd HH:mm:ss2026-09-05 11:09:38,952 yyyy-MM-dd HH:mm:ss2026-09-05 11:09:38,953 yyyy-MM-dd HH:mm:ss2026-09-05 11:09:38,954 yyyy-MM-dd HH:mm:ss2026-09-05 11:09:38,954 yyyy-MM-dd HH:mm:ss2026-09-05 11:09:38,955 yyyy-MM-dd HH:mm:ss2026-09-05 11:09:38,955 yyyy-MM-dd HH:mm:ss2026-09-05 11:09:38,956 yyyy-MM-dd HH:mm:ss2026-09-05 11:09:38,956 yyyy-MM-dd HH:mm:ss2026-09-05 11:09:38,956 yyyy-MM-dd HH:mm:ss2026-09-05 11:09:38,957 yyyy-MM-dd HH:mm:ss2026-09-05 11:09:38,957 yyyy-MM-dd HH:mm:ss2026-09-05 11:09:38,959 yyyy-MM-dd HH:mm:ss2026-09-05 11:09:38,959 yyyy-MM-dd HH:mm:ss2026-09-05 11:09:38,959 yyyy-MM-dd HH:mm:ss2026-09-05 11:09:38,960 yyyy-MM-dd HH:mm:ss2026-09-05 11:09:38,960 yyyy-MM-dd HH:mm:ss2026-09-05 11:09:38,964 yyyy-MM-dd HH:mm:ss2026-09-05 11:09:38,965 yyyy-MM-dd HH:mm:ss2026-09-05 11:09:38,966 yyyy-MM-dd HH:mm:ss2026-09-05 11:09:38,966 yyyy-MM-dd HH:mm:ss2026-09-05 11:09:38,966 yyyy-MM-dd HH:mm:ss2026-09-05 11:09:38,966 yyyy-MM-dd HH:mm:ss2026-09-05 11:09:38,968 yyyy-MM-dd HH:mm:ss2026-09-05 11:09:38,969 yyyy-MM-dd HH:mm:ss2026-09-05 11:09:38,970 yyyy-MM-dd HH:mm:ss2026-09-05 11:09:38,970 yyyy-MM-dd HH:mm:ss2026-09-05 11:09:38,970 yyyy-MM-dd HH:mm:ss2026-09-05 11:09:38,971 yyyy-MM-dd HH:mm:ss2026-09-05 11:09:38,971 yyyy-MM-dd HH:mm:ss2026-09-05 11:09:38,979 yyyy-MM-dd HH:mm:ss2026-09-05 11:09:38,979 yyyy-MM-dd HH:mm:ss2026-09-05 11:09:38,979 yyyy-MM-dd HH:mm:ss2026-09-05 11:09:38,985 yyyy-MM-dd HH:mm:ss2026-09-05 11:09:38,986 yyyy-MM-dd HH:mm:ss2026-09-05 11:09:38,987 yyyy-MM-dd HH:mm:ss2026-09-05 11:09:38,988 yyyy-MM-dd HH:mm:ss2026-09-05 11:09:38,988 yyyy-MM-dd HH:mm:ss2026-09-05 11:09:38,988 yyyy-MM-dd HH:mm:ss2026-09-05 11:09:38,989 yyyy-MM-dd HH:mm:ss2026-09-05 11:09:38,991 yyyy-MM-dd HH:mm:ss2026-09-05 11:09:38,991 yyyy-MM-dd HH:mm:ss2026-09-05 11:09:38,991 yyyy-MM-dd HH:mm:ss2026-09-05 11:09:38,997 yyyy-MM-dd HH:mm:ss2026-09-05 11:09:39,000 yyyy-MM-dd HH:mm:ss2026-09-05 11:09:39,000 yyyy-MM-dd HH:mm:ss2026-09-05 11:09:39,000 yyyy-MM-dd HH:mm:ss2026-09-05 11:09:39,000 yyyy-MM-dd HH:mm:ss2026-09-05 11:09:39,002 yyyy-MM-dd HH:mm:ss2026-09-05 11:09:39,005 yyyy-MM-dd HH:mm:ss2026-09-05 11:09:39,009 yyyy-MM-dd HH:mm:ss2026-09-05 11:09:39,012 yyyy-MM-dd HH:mm:ss2026-09-05 11:09:39,014 yyyy-MM-dd HH:mm:ss2026-09-05 11:09:39,015 yyyy-MM-dd HH:mm:ss2026-09-05 11:09:39,015 yyyy-MM-dd HH:mm:ss2026-09-05 11:09:39,016 yyyy-MM-dd HH:mm:ss2026-09-05 11:09:39,016 yyyy-MM-dd HH:mm:ss2026-09-05 11:09:39,016 yyyy-MM-dd HH:mm:ss2026-09-05 11:09:39,016 yyyy-MM-dd HH:mm:ss2026-09-05 11:09:39,017 yyyy-MM-dd HH:mm:ss2026-09-05 11:09:39,017 yyyy-MM-dd HH:mm:ss2026-09-05 11:09:39,019 yyyy-MM-dd HH:mm:ss2026-09-05 11:09:39,019 yyyy-MM-dd HH:mm:ss2026-09-05 11:09:39,020 yyyy-MM-dd HH:mm:ss2026-09-05 11:09:39,020 yyyy-MM-dd HH:mm:ss2026-09-05 11:09:39,020 yyyy-MM-dd HH:mm:ss2026-09-05 11:09:39,022 yyyy-MM-dd HH:mm:ss2026-09-05 11:09:39,023 yyyy-MM-dd HH:mm:ss2026-09-05 11:09:39,023 yyyy-MM-dd HH:mm:ss2026-09-05 11:09:39,024 yyyy-MM-dd HH:mm:ss2026-09-05 11:09:39,025 yyyy-MM-dd HH:mm:ss2026-09-05 11:09:39,026 yyyy-MM-dd HH:mm:ss2026-09-05 11:09:39,026 yyyy-MM-dd HH:mm:ss2026-09-05 11:09:39,029 yyyy-MM-dd HH:mm:ss2026-09-05 11:09:39,029 yyyy-MM-dd HH:mm:ss2026-09-05 11:09:39,029 yyyy-MM-dd HH:mm:ss2026-09-05 11:09:39,030 yyyy-MM-dd HH:mm:ss2026-09-05 11:09:39,030 yyyy-MM-dd HH:mm:ss2026-09-05 11:09:39,031 yyyy-MM-dd HH:mm:ss2026-09-05 11:09:39,032 yyyy-MM-dd HH:mm:ss2026-09-05 11:09:39,035 yyyy-MM-dd HH:mm:ss2026-09-05 11:09:39,036 yyyy-MM-dd HH:mm:ss2026-09-05 11:09:39,036 yyyy-MM-dd HH:mm:ss2026-09-05 11:09:39,038 yyyy-MM-dd HH:mm:ss2026-09-05 11:09:39,039 yyyy-MM-dd HH:mm:ss2026-09-05 11:09:39,039 yyyy-MM-dd HH:mm:ss2026-09-05 11:09:39,039 yyyy-MM-dd HH:mm:ss2026-09-05 11:09:39,040 yyyy-MM-dd HH:mm:ss2026-09-05 11:09:39,041 yyyy-MM-dd HH:mm:ss2026-09-05 11:09:39,042 yyyy-MM-dd HH:mm:ss2026-09-05 11:09:39,042 yyyy-MM-dd HH:mm:ss2026-09-05 11:09:39,042 yyyy-MM-dd HH:mm:ss2026-09-05 11:09:39,043 yyyy-MM-dd HH:mm:ss2026-09-05 11:09:39,043 yyyy-MM-dd HH:mm:ss2026-09-05 11:09:39,043 yyyy-MM-dd HH:mm:ss2026-09-05 11:09:39,046 yyyy-MM-dd HH:mm:ss2026-09-05 11:09:39,046 yyyy-MM-dd HH:mm:ss2026-09-05 11:09:39,046 yyyy-MM-dd HH:mm:ss2026-09-05 11:09:39,048 yyyy-MM-dd HH:mm:ss2026-09-05 11:09:39,049 yyyy-MM-dd HH:mm:ss2026-09-05 11:09:39,049 yyyy-MM-dd HH:mm:ss2026-09-05 11:09:39,049 yyyy-MM-dd HH:mm:ss2026-09-05 11:09:39,051 yyyy-MM-dd HH:mm:ss2026-09-05 11:09:39,051 yyyy-MM-dd HH:mm:ss2026-09-05 11:09:39,051 yyyy-MM-dd HH:mm:ss2026-09-05 11:09:39,051 yyyy-MM-dd HH:mm:ss2026-09-05 11:09:39,052 yyyy-MM-dd HH:mm:ss2026-09-05 11:09:39,052 yyyy-MM-dd HH:mm:ss2026-09-05 11:09:39,053 yyyy-MM-dd HH:mm:ss2026-09-05 11:09:39,055 yyyy-MM-dd HH:mm:ss2026-09-05 11:09:39,055 yyyy-MM-dd HH:mm:ss2026-09-05 11:09:39,055 yyyy-MM-dd HH:mm:ss2026-09-05 11:09:39,056 yyyy-MM-dd HH:mm:ss2026-09-05 11:09:39,056 yyyy-MM-dd HH:mm:ss2026-09-05 11:09:39,056 yyyy-MM-dd HH:mm:ss2026-09-05 11:09:39,057 yyyy-MM-dd HH:mm:ss2026-09-05 11:09:39,057 yyyy-MM-dd HH:mm:ss2026-09-05 11:09:39,057 yyyy-MM-dd HH:mm:ss2026-09-05 11:09:39,057 yyyy-MM-dd HH:mm:ss2026-09-05 11:09:39,058 yyyy-MM-dd HH:mm:ss2026-09-05 11:09:39,058 yyyy-MM-dd HH:mm:ss2026-09-05 11:09:39,059 yyyy-MM-dd HH:mm:ss2026-09-05 11:09:39,061 yyyy-MM-dd HH:mm:ss2026-09-05 11:09:39,061 yyyy-MM-dd HH:mm:ss2026-09-05 11:09:39,061 yyyy-MM-dd HH:mm:ss2026-09-05 11:09:39,062 yyyy-MM-dd HH:mm:ss2026-09-05 11:09:39,063 yyyy-MM-dd HH:mm:ss2026-09-05 11:09:39,063 yyyy-MM-dd HH:mm:ss2026-09-05 11:09:39,064 yyyy-MM-dd HH:mm:ss2026-09-05 11:09:39,065 yyyy-MM-dd HH:mm:ss2026-09-05 11:09:39,065 yyyy-MM-dd HH:mm:ss2026-09-05 11:09:39,067 yyyy-MM-dd HH:mm:ss2026-09-05 11:09:39,068 yyyy-MM-dd HH:mm:ss2026-09-05 11:09:39,068 yyyy-MM-dd HH:mm:ss2026-09-05 11:09:39,069 yyyy-MM-dd HH:mm:ss2026-09-05 11:09:39,071 yyyy-MM-dd HH:mm:ss2026-09-05 11:09:39,072 yyyy-MM-dd HH:mm:ss2026-09-05 11:09:39,073 yyyy-MM-dd HH:mm:ss2026-09-05 11:09:39,073 yyyy-MM-dd HH:mm:ss2026-09-05 11:09:39,073 yyyy-MM-dd HH:mm:ss2026-09-05 11:09:39,079 yyyy-MM-dd HH:mm:ss2026-09-05 11:09:39,079 yyyy-MM-dd HH:mm:ss2026-09-05 11:09:39,080 yyyy-MM-dd HH:mm:ss2026-09-05 11:09:39,083 yyyy-MM-dd HH:mm:ss2026-09-05 11:09:39,083 yyyy-MM-dd HH:mm:ss2026-09-05 11:09:39,084 yyyy-MM-dd HH:mm:ss2026-09-05 11:09:39,084 yyyy-MM-dd HH:mm:ss2026-09-05 11:09:39,085 yyyy-MM-dd HH:mm:ss2026-09-05 11:09:39,085 yyyy-MM-dd HH:mm:ss2026-09-05 11:09:39,086 yyyy-MM-dd HH:mm:ss2026-09-05 11:09:39,087 yyyy-MM-dd HH:mm:ss2026-09-05 11:09:39,087 yyyy-MM-dd HH:mm:ss2026-09-05 11:09:39,087 yyyy-MM-dd HH:mm:ss2026-09-05 11:09:39,089 yyyy-MM-dd HH:mm:ss2026-09-05 11:09:39,089 yyyy-MM-dd HH:mm:ss2026-09-05 11:09:39,089 yyyy-MM-dd HH:mm:ss2026-09-05 11:09:39,090 yyyy-MM-dd HH:mm:ss2026-09-05 11:09:39,090 yyyy-MM-dd HH:mm:ss2026-09-05 11:09:39,090 yyyy-MM-dd HH:mm:ss2026-09-05 11:09:39,091 yyyy-MM-dd HH:mm:ss2026-09-05 11:09:39,091 yyyy-MM-dd HH:mm:ss2026-09-05 11:09:39,091 yyyy-MM-dd HH:mm:ss2026-09-05 11:09:39,092 yyyy-MM-dd HH:mm:ss2026-09-05 11:09:39,093 yyyy-MM-dd HH:mm:ss2026-09-05 11:09:39,093 yyyy-MM-dd HH:mm:ss2026-09-05 11:09:39,093 yyyy-MM-dd HH:mm:ss2026-09-05 11:09:39,094 yyyy-MM-dd HH:mm:ss2026-09-05 11:09:39,094 yyyy-MM-dd HH:mm:ss2026-09-05 11:09:39,095 yyyy-MM-dd HH:mm:ss2026-09-05 11:09:39,095 yyyy-MM-dd HH:mm:ss2026-09-05 11:09:39,095 yyyy-MM-dd HH:mm:ss2026-09-05 11:09:39,095 yyyy-MM-dd HH:mm:ss2026-09-05 11:09:39,096 yyyy-MM-dd HH:mm:ss2026-09-05 11:09:39,096 yyyy-MM-dd HH:mm:ss2026-09-05 11:09:39,098 yyyy-MM-dd HH:mm:ss2026-09-05 11:09:39,098 yyyy-MM-dd HH:mm:ss2026-09-05 11:09:39,098 yyyy-MM-dd HH:mm:ss2026-09-05 11:09:39,099 yyyy-MM-dd HH:mm:ss2026-09-05 11:09:39,100 yyyy-MM-dd HH:mm:ss2026-09-05 11:09:39,100 yyyy-MM-dd HH:mm:ss2026-09-05 11:09:39,100 yyyy-MM-dd HH:mm:ss2026-09-05 11:09:39,101 yyyy-MM-dd HH:mm:ss2026-09-05 11:09:39,101 yyyy-MM-dd HH:mm:ss2026-09-05 11:09:39,101 yyyy-MM-dd HH:mm:ss2026-09-05 11:09:39,101 yyyy-MM-dd HH:mm:ss2026-09-05 11:09:39,102 yyyy-MM-dd HH:mm:ss2026-09-05 11:09:39,102 yyyy-MM-dd HH:mm:ss2026-09-05 11:09:39,102 yyyy-MM-dd HH:mm:ss2026-09-05 11:09:39,108 yyyy-MM-dd HH:mm:ss2026-09-05 11:09:39,109 yyyy-MM-dd HH:mm:ss2026-09-05 11:09:39,109 yyyy-MM-dd HH:mm:ss2026-09-05 11:09:39,112 yyyy-MM-dd HH:mm:ss2026-09-05 11:09:39,112 yyyy-MM-dd HH:mm:ss2026-09-05 11:09:39,113 yyyy-MM-dd HH:mm:ss2026-09-05 11:09:39,114 yyyy-MM-dd HH:mm:ss2026-09-05 11:09:39,114 yyyy-MM-dd HH:mm:ss2026-09-05 11:09:39,115 yyyy-MM-dd HH:mm:ss2026-09-05 11:09:39,115 yyyy-MM-dd HH:mm:ss2026-09-05 11:09:39,117 yyyy-MM-dd HH:mm:ss2026-09-05 11:09:39,117 yyyy-MM-dd HH:mm:ss2026-09-05 11:09:39,117 yyyy-MM-dd HH:mm:ss2026-09-05 11:09:39,118 yyyy-MM-dd HH:mm:ss2026-09-05 11:09:39,120 yyyy-MM-dd HH:mm:ss2026-09-05 11:09:39,120 yyyy-MM-dd HH:mm:ss2026-09-05 11:09:39,122 yyyy-MM-dd HH:mm:ss2026-09-05 11:09:39,125 yyyy-MM-dd HH:mm:ss2026-09-05 11:09:39,125 yyyy-MM-dd HH:mm:ss2026-09-05 11:09:39,127 yyyy-MM-dd HH:mm:ss2026-09-05 11:09:39,127 yyyy-MM-dd HH:mm:ss2026-09-05 11:09:39,128 yyyy-MM-dd HH:mm:ss2026-09-05 11:09:39,128 yyyy-MM-dd HH:mm:ss2026-09-05 11:09:39,131 yyyy-MM-dd HH:mm:ss2026-09-05 11:09:39,131 yyyy-MM-dd HH:mm:ss2026-09-05 11:09:39,132 yyyy-MM-dd HH:mm:ss2026-09-05 11:09:39,132 yyyy-MM-dd HH:mm:ss2026-09-05 11:09:39,132 yyyy-MM-dd HH:mm:ss2026-09-05 11:09:39,133 yyyy-MM-dd HH:mm:ss2026-09-05 11:09:39,133 yyyy-MM-dd HH:mm:ss2026-09-05 11:09:39,133 yyyy-MM-dd HH:mm:ss2026-09-05 11:09:39,137 yyyy-MM-dd HH:mm:ss2026-09-05 11:09:39,137 yyyy-MM-dd HH:mm:ss2026-09-05 11:09:39,138 yyyy-MM-dd HH:mm:ss2026-09-05 11:09:39,138 yyyy-MM-dd HH:mm:ss2026-09-05 11:09:39,138 yyyy-MM-dd HH:mm:ss2026-09-05 11:09:39,143 yyyy-MM-dd HH:mm:ss2026-09-05 11:09:39,143 yyyy-MM-dd HH:mm:ss2026-09-05 11:09:39,144 yyyy-MM-dd HH:mm:ss2026-09-05 11:09:39,154 yyyy-MM-dd HH:mm:ss2026-09-05 11:09:39,155 yyyy-MM-dd HH:mm:ss2026-09-05 11:09:39,156 yyyy-MM-dd HH:mm:ss2026-09-05 11:09:39,156 yyyy-MM-dd HH:mm:ss2026-09-05 11:09:39,157 yyyy-MM-dd HH:mm:ss2026-09-05 11:09:39,158 yyyy-MM-dd HH:mm:ss2026-09-05 11:09:39,158 yyyy-MM-dd HH:mm:ss2026-09-05 11:09:39,158 yyyy-MM-dd HH:mm:ss2026-09-05 11:09:39,158 yyyy-MM-dd HH:mm:ss2026-09-05 11:09:39,158 yyyy-MM-dd HH:mm:ss2026-09-05 11:09:39,158 yyyy-MM-dd HH:mm:ss2026-09-05 11:09:39,159 yyyy-MM-dd HH:mm:ss2026-09-05 11:09:39,160 yyyy-MM-dd HH:mm:ss2026-09-05 11:09:39,160 yyyy-MM-dd HH:mm:ss2026-09-05 11:09:39,161 yyyy-MM-dd HH:mm:ss2026-09-05 11:09:39,162 yyyy-MM-dd HH:mm:ss2026-09-05 11:09:39,163 yyyy-MM-dd HH:mm:ss2026-09-05 11:09:39,165 yyyy-MM-dd HH:mm:ss2026-09-05 11:09:39,166 yyyy-MM-dd HH:mm:ss2026-09-05 11:09:39,166 yyyy-MM-dd HH:mm:ss2026-09-05 11:09:39,168 yyyy-MM-dd HH:mm:ss2026-09-05 11:09:39,169 yyyy-MM-dd HH:mm:ss2026-09-05 11:09:39,169 yyyy-MM-dd HH:mm:ss2026-09-05 11:09:39,169 yyyy-MM-dd HH:mm:ss2026-09-05 11:09:39,170 yyyy-MM-dd HH:mm:ss2026-09-05 11:09:39,170 yyyy-MM-dd HH:mm:ss2026-09-05 11:09:39,171 yyyy-MM-dd HH:mm:ss2026-09-05 11:09:39,172 yyyy-MM-dd HH:mm:ss2026-09-05 11:09:39,174 yyyy-MM-dd HH:mm:ss2026-09-05 11:09:39,174 yyyy-MM-dd HH:mm:ss2026-09-05 11:09:39,175 yyyy-MM-dd HH:mm:ss2026-09-05 11:09:39,175 yyyy-MM-dd HH:mm:ss2026-09-05 11:09:39,176 yyyy-MM-dd HH:mm:ss2026-09-05 11:09:39,176 yyyy-MM-dd HH:mm:ss2026-09-05 11:09:39,177 yyyy-MM-dd HH:mm:ss2026-09-05 11:09:39,177 yyyy-MM-dd HH:mm:ss2026-09-05 11:09:39,178 yyyy-MM-dd HH:mm:ss2026-09-05 11:09:39,179 yyyy-MM-dd HH:mm:ss2026-09-05 11:09:39,181 yyyy-MM-dd HH:mm:ss2026-09-05 11:09:39,182 yyyy-MM-dd HH:mm:ss2026-09-05 11:09:39,183 yyyy-MM-dd HH:mm:ss2026-09-05 11:09:39,183 yyyy-MM-dd HH:mm:ss2026-09-05 11:09:39,183 yyyy-MM-dd HH:mm:ss2026-09-05 11:09:39,184 yyyy-MM-dd HH:mm:ss2026-09-05 11:09:39,184 yyyy-MM-dd HH:mm:ss2026-09-05 11:09:39,186 yyyy-MM-dd HH:mm:ss2026-09-05 11:09:39,187 yyyy-MM-dd HH:mm:ss2026-09-05 11:09:39,187 yyyy-MM-dd HH:mm:ss2026-09-05 11:09:39,189 yyyy-MM-dd HH:mm:ss2026-09-05 11:09:39,189 yyyy-MM-dd HH:mm:ss2026-09-05 11:09:39,189 yyyy-MM-dd HH:mm:ss2026-09-05 11:09:39,189 yyyy-MM-dd HH:mm:ss2026-09-05 11:09:39,191 yyyy-MM-dd HH:mm:ss2026-09-05 11:09:39,191 yyyy-MM-dd HH:mm:ss2026-09-05 11:09:39,191 yyyy-MM-dd HH:mm:ss2026-09-05 11:09:39,191 yyyy-MM-dd HH:mm:ss2026-09-05 11:09:39,192 yyyy-MM-dd HH:mm:ss2026-09-05 11:09:39,193 yyyy-MM-dd HH:mm:ss2026-09-05 11:09:39,193 yyyy-MM-dd HH:mm:ss2026-09-05 11:09:39,194 yyyy-MM-dd HH:mm:ss2026-09-05 11:09:39,194 yyyy-MM-dd HH:mm:ss2026-09-05 11:09:39,194 yyyy-MM-dd HH:mm:ss2026-09-05 11:09:39,195 yyyy-MM-dd HH:mm:ss2026-09-05 11:09:39,196 yyyy-MM-dd HH:mm:ss2026-09-05 11:09:39,197 yyyy-MM-dd HH:mm:ss2026-09-05 11:09:39,197 yyyy-MM-dd HH:mm:ss2026-09-05 11:09:39,198 yyyy-MM-dd HH:mm:ss2026-09-05 11:09:39,199 yyyy-MM-dd HH:mm:ss2026-09-05 11:09:39,200 yyyy-MM-dd HH:mm:ss2026-09-05 11:09:39,201 yyyy-MM-dd HH:mm:ss2026-09-05 11:09:39,201 yyyy-MM-dd HH:mm:ss2026-09-05 11:09:39,203 yyyy-MM-dd HH:mm:ss2026-09-05 11:09:39,204 yyyy-MM-dd HH:mm:ss2026-09-05 11:09:39,204 yyyy-MM-dd HH:mm:ss2026-09-05 11:09:39,205 yyyy-MM-dd HH:mm:ss2026-09-05 11:09:39,205 yyyy-MM-dd HH:mm:ss2026-09-05 11:09:39,205 yyyy-MM-dd HH:mm:ss2026-09-05 11:09:39,206 yyyy-MM-dd HH:mm:ss2026-09-05 11:09:39,206 yyyy-MM-dd HH:mm:ss2026-09-05 11:09:39,207 yyyy-MM-dd HH:mm:ss2026-09-05 11:09:39,207 yyyy-MM-dd HH:mm:ss2026-09-05 11:09:39,208 yyyy-MM-dd HH:mm:ss2026-09-05 11:09:39,208 yyyy-MM-dd HH:mm:ss2026-09-05 11:09:39,208 yyyy-MM-dd HH:mm:ss2026-09-05 11:09:39,209 yyyy-MM-dd HH:mm:ss2026-09-05 11:09:39,209 yyyy-MM-dd HH:mm:ss2026-09-05 11:09:39,210 yyyy-MM-dd HH:mm:ss2026-09-05 11:09:39,212 yyyy-MM-dd HH:mm:ss2026-09-05 11:09:39,213 yyyy-MM-dd HH:mm:ss2026-09-05 11:09:39,215 yyyy-MM-dd HH:mm:ss2026-09-05 11:09:39,216 yyyy-MM-dd HH:mm:ss2026-09-05 11:09:39,218 yyyy-MM-dd HH:mm:ss2026-09-05 11:09:39,218 yyyy-MM-dd HH:mm:ss2026-09-05 11:09:39,218 yyyy-MM-dd HH:mm:ss2026-09-05 11:09:39,219 yyyy-MM-dd HH:mm:ss2026-09-05 11:09:39,219 yyyy-MM-dd HH:mm:ss2026-09-05 11:09:39,220 yyyy-MM-dd HH:mm:ss2026-09-05 11:09:39,221 yyyy-MM-dd HH:mm:ss2026-09-05 11:09:39,221 yyyy-MM-dd HH:mm:ss2026-09-05 11:09:39,222 yyyy-MM-dd HH:mm:ss2026-09-05 11:09:39,222 yyyy-MM-dd HH:mm:ss2026-09-05 11:09:39,223 yyyy-MM-dd HH:mm:ss2026-09-05 11:09:39,223 yyyy-MM-dd HH:mm:ss2026-09-05 11:09:39,224 yyyy-MM-dd HH:mm:ss2026-09-05 11:09:39,225 yyyy-MM-dd HH:mm:ss2026-09-05 11:09:39,226 yyyy-MM-dd HH:mm:ss2026-09-05 11:09:39,227 yyyy-MM-dd HH:mm:ss2026-09-05 11:09:39,228 yyyy-MM-dd HH:mm:ss2026-09-05 11:09:39,232 yyyy-MM-dd HH:mm:ss2026-09-05 11:09:39,233 yyyy-MM-dd HH:mm:ss2026-09-05 11:09:39,233 yyyy-MM-dd HH:mm:ss2026-09-05 11:09:39,233 yyyy-MM-dd HH:mm:ss2026-09-05 11:09:39,234 yyyy-MM-dd HH:mm:ss2026-09-05 11:09:39,234 yyyy-MM-dd HH:mm:ss2026-09-05 11:09:39,235 yyyy-MM-dd HH:mm:ss2026-09-05 11:09:39,235 yyyy-MM-dd HH:mm:ss2026-09-05 11:09:39,236 yyyy-MM-dd HH:mm:ss2026-09-05 11:09:39,236 yyyy-MM-dd HH:mm:ss2026-09-05 11:09:39,237 yyyy-MM-dd HH:mm:ss2026-09-05 11:09:39,237 yyyy-MM-dd HH:mm:ss2026-09-05 11:09:39,238 yyyy-MM-dd HH:mm:ss2026-09-05 11:09:39,238 yyyy-MM-dd HH:mm:ss2026-09-05 11:09:39,239 yyyy-MM-dd HH:mm:ss2026-09-05 11:09:39,240 yyyy-MM-dd HH:mm:ss2026-09-05 11:09:39,240 yyyy-MM-dd HH:mm:ss2026-09-05 11:09:39,240 yyyy-MM-dd HH:mm:ss2026-09-05 11:09:39,241 yyyy-MM-dd HH:mm:ss2026-09-05 11:09:39,241 yyyy-MM-dd HH:mm:ss2026-09-05 11:09:39,241 yyyy-MM-dd HH:mm:ss2026-09-05 11:09:39,242 yyyy-MM-dd HH:mm:ss2026-09-05 11:09:39,243 yyyy-MM-dd HH:mm:ss2026-09-05 11:09:39,243 yyyy-MM-dd HH:mm:ss2026-09-05 11:09:39,253 yyyy-MM-dd HH:mm:ss2026-09-05 11:09:39,253 yyyy-MM-dd HH:mm:ss2026-09-05 11:09:39,255 yyyy-MM-dd HH:mm:ss2026-09-05 11:09:39,257 yyyy-MM-dd HH:mm:ss2026-09-05 11:09:39,257 yyyy-MM-dd HH:mm:ss2026-09-05 11:09:39,257 yyyy-MM-dd HH:mm:ss2026-09-05 11:09:39,257 yyyy-MM-dd HH:mm:ss2026-09-05 11:09:39,257 yyyy-MM-dd HH:mm:ss2026-09-05 11:09:39,257 yyyy-MM-dd HH:mm:ss2026-09-05 11:09:39,257 yyyy-MM-dd HH:mm:ss2026-09-05 11:09:39,257 yyyy-MM-dd HH:mm:ss2026-09-05 11:09:39,275 yyyy-MM-dd HH:mm:ss2026-09-05 11:09:39,276 yyyy-MM-dd HH:mm:ss2026-09-05 11:09:39,276 yyyy-MM-dd HH:mm:ss2026-09-05 11:09:39,276 yyyy-MM-dd HH:mm:ss2026-09-05 11:09:39,276 yyyy-MM-dd HH:mm:ss2026-09-05 11:09:39,278 yyyy-MM-dd HH:mm:ss2026-09-05 11:09:39,280 yyyy-MM-dd HH:mm:ss2026-09-05 11:09:39,280 yyyy-MM-dd HH:mm:ss2026-09-05 11:09:39,280 yyyy-MM-dd HH:mm:ss2026-09-05 11:09:39,292 yyyy-MM-dd HH:mm:ss2026-09-05 11:09:39,293 yyyy-MM-dd HH:mm:ss2026-09-05 11:09:39,293 yyyy-MM-dd HH:mm:ss2026-09-05 11:09:39,293 yyyy-MM-dd HH:mm:ss2026-09-05 11:09:39,293 yyyy-MM-dd HH:mm:ss2026-09-05 11:09:39,304 yyyy-MM-dd HH:mm:ss2026-09-05 11:09:39,305 yyyy-MM-dd HH:mm:ss2026-09-05 11:09:39,305 yyyy-MM-dd HH:mm:ss2026-09-05 11:09:39,305 yyyy-MM-dd HH:mm:ss2026-09-05 11:09:39,315 yyyy-MM-dd HH:mm:ss2026-09-05 11:09:39,316 yyyy-MM-dd HH:mm:ss2026-09-05 11:09:39,319 yyyy-MM-dd HH:mm:ss2026-09-05 11:09:39,322 yyyy-MM-dd HH:mm:ss2026-09-05 11:09:39,323 yyyy-MM-dd HH:mm:ss2026-09-05 11:09:40,684 yyyy-MM-dd HH:mm:ss2026-09-05 11:09:40,684 yyyy-MM-dd HH:mm:ss2026-09-05 11:09:40,684 yyyy-MM-dd HH:mm:ss2026-09-05 11:09:40,685 yyyy-MM-dd HH:mm:ss2026-09-05 11:09:40,685 yyyy-MM-dd HH:mm:ss2026-09-05 11:09:40,686 yyyy-MM-dd HH:mm:ss2026-09-05 11:09:40,686 yyyy-MM-dd HH:mm:ss2026-09-05 11:09:40,686 yyyy-MM-dd HH:mm:ss2026-09-05 11:09:40,688 yyyy-MM-dd HH:mm:ss2026-09-05 11:09:40,721 yyyy-MM-dd HH:mm:ss2026-09-05 11:09:40,721 yyyy-MM-dd HH:mm:ss2026-09-05 11:09:40,721 yyyy-MM-dd HH:mm:ss2026-09-05 11:09:40,722 yyyy-MM-dd HH:mm:ss2026-09-05 11:09:40,726 yyyy-MM-dd HH:mm:ss2026-09-05 11:09:40,727 yyyy-MM-dd HH:mm:ss2026-09-05 11:09:40,727 yyyy-MM-dd HH:mm:ss2026-09-05 11:09:40,727 yyyy-MM-dd HH:mm:ss2026-09-05 11:09:40,727 yyyy-MM-dd HH:mm:ss2026-09-05 11:09:40,729 yyyy-MM-dd HH:mm:ss2026-09-05 11:09:40,729 yyyy-MM-dd HH:mm:ss2026-09-05 11:09:40,731 yyyy-MM-dd HH:mm:ss2026-09-05 11:09:40,731 yyyy-MM-dd HH:mm:ss2026-09-05 11:09:40,733 yyyy-MM-dd HH:mm:ss2026-09-05 11:09:40,734 yyyy-MM-dd HH:mm:ss2026-09-05 11:09:40,734 yyyy-MM-dd HH:mm:ss2026-09-05 11:09:40,735 yyyy-MM-dd HH:mm:ss2026-09-05 11:09:40,736 yyyy-MM-dd HH:mm:ss2026-09-05 11:09:40,737 yyyy-MM-dd HH:mm:ss2026-09-05 11:09:40,737 yyyy-MM-dd HH:mm:ss2026-09-05 11:09:40,738 yyyy-MM-dd HH:mm:ss2026-09-05 11:09:40,739 yyyy-MM-dd HH:mm:ss2026-09-05 11:09:40,741 yyyy-MM-dd HH:mm:ss2026-09-05 11:09:40,742 yyyy-MM-dd HH:mm:ss2026-09-05 11:09:40,742 yyyy-MM-dd HH:mm:ss2026-09-05 11:09:40,742 yyyy-MM-dd HH:mm:ss2026-09-05 11:09:40,742 yyyy-MM-dd HH:mm:ss2026-09-05 11:09:40,932 yyyy-MM-dd HH:mm:ss2026-09-05 11:09:41,010 yyyy-MM-dd HH:mm:ss2026-09-05 11:09:41,012 yyyy-MM-dd HH:mm:ss2026-09-05 11:09:41,012 yyyy-MM-dd HH:mm:ss2026-09-05 11:09:41,012 yyyy-MM-dd HH:mm:ss2026-09-05 11:09:41,016 yyyy-MM-dd HH:mm:ss2026-09-05 11:09:41,017 yyyy-MM-dd HH:mm:ss2026-09-05 11:09:41,017 yyyy-MM-dd HH:mm:ss2026-09-05 11:09:41,034 yyyy-MM-dd HH:mm:ss2026-09-05 11:09:41,038 yyyy-MM-dd HH:mm:ss2026-09-05 11:09:41,041 yyyy-MM-dd HH:mm:ss2026-09-05 11:09:41,041 yyyy-MM-dd HH:mm:ss2026-09-05 11:09:41,043 yyyy-MM-dd HH:mm:ss2026-09-05 11:09:41,044 yyyy-MM-dd HH:mm:ss2026-09-05 11:09:41,048 yyyy-MM-dd HH:mm:ss2026-09-05 11:09:41,049 yyyy-MM-dd HH:mm:ss2026-09-05 11:09:41,563 yyyy-MM-dd HH:mm:ss2026-09-05 11:09:41,567 yyyy-MM-dd HH:mm:ss2026-09-05 11:09:41,568 yyyy-MM-dd HH:mm:ss2026-09-05 11:09:41,568 yyyy-MM-dd HH:mm:ss2026-09-05 11:09:41,584 yyyy-MM-dd HH:mm:ss2026-09-05 11:09:41,596 yyyy-MM-dd HH:mm:ss2026-09-05 11:09:41,596 yyyy-MM-dd HH:mm:ss2026-09-05 11:09:41,596 yyyy-MM-dd HH:mm:ss2026-09-05 11:09:41,599 yyyy-MM-dd HH:mm:ss2026-09-05 11:09:41,753 yyyy-MM-dd HH:mm:ss2026-09-05 11:09:41,754 yyyy-MM-dd HH:mm:ss2026-09-05 11:09:41,754 yyyy-MM-dd HH:mm:ss2026-09-05 11:09:41,759 yyyy-MM-dd HH:mm:ss2026-09-05 11:09:41,759 yyyy-MM-dd HH:mm:ss2026-09-05 11:09:41,759 yyyy-MM-dd HH:mm:ss2026-09-05 11:09:41,759 yyyy-MM-dd HH:mm:ss2026-09-05 11:09:41,760 yyyy-MM-dd HH:mm:ss2026-09-05 11:09:41,760 yyyy-MM-dd HH:mm:ss2026-09-05 11:09:41,762 yyyy-MM-dd HH:mm:ss2026-09-05 11:09:41,763 yyyy-MM-dd HH:mm:ss2026-09-05 11:09:41,763 yyyy-MM-dd HH:mm:ss2026-09-05 11:09:41,763 yyyy-MM-dd HH:mm:ss2026-09-05 11:09:41,763 yyyy-MM-dd HH:mm:ss2026-09-05 11:09:41,764 yyyy-MM-dd HH:mm:ss2026-09-05 11:09:41,764 yyyy-MM-dd HH:mm:ss2026-09-05 11:09:41,764 yyyy-MM-dd HH:mm:ss2026-09-05 11:09:41,766 yyyy-MM-dd HH:mm:ss2026-09-05 11:09:41,768 yyyy-MM-dd HH:mm:ss2026-09-05 11:09:41,769 yyyy-MM-dd HH:mm:ss2026-09-05 11:09:41,769 yyyy-MM-dd HH:mm:ss2026-09-05 11:09:41,769 yyyy-MM-dd HH:mm:ss2026-09-05 11:09:41,771 yyyy-MM-dd HH:mm:ss2026-09-05 11:09:41,771 yyyy-MM-dd HH:mm:ss2026-09-05 11:09:41,772 yyyy-MM-dd HH:mm:ss2026-09-05 11:09:41,775 yyyy-MM-dd HH:mm:ss2026-09-05 11:09:41,775 yyyy-MM-dd HH:mm:ss2026-09-05 11:09:41,776 yyyy-MM-dd HH:mm:ss2026-09-05 11:09:41,787 yyyy-MM-dd HH:mm:ss2026-09-05 11:09:41,789 yyyy-MM-dd HH:mm:ss2026-09-05 11:09:41,791 yyyy-MM-dd HH:mm:ss2026-09-05 11:09:41,792 yyyy-MM-dd HH:mm:ss2026-09-05 11:09:41,793 yyyy-MM-dd HH:mm:ss2026-09-05 11:09:41,793 yyyy-MM-dd HH:mm:ss2026-09-05 11:09:41,793 yyyy-MM-dd HH:mm:ss2026-09-05 11:09:41,794 yyyy-MM-dd HH:mm:ss2026-09-05 11:09:41,795 yyyy-MM-dd HH:mm:ss2026-09-05 11:09:41,796 yyyy-MM-dd HH:mm:ss2026-09-05 11:09:41,796 yyyy-MM-dd HH:mm:ss2026-09-05 11:09:41,797 yyyy-MM-dd HH:mm:ss2026-09-05 11:09:41,797 yyyy-MM-dd HH:mm:ss2026-09-05 11:09:41,798 yyyy-MM-dd HH:mm:ss2026-09-05 11:09:41,798 yyyy-MM-dd HH:mm:ss2026-09-05 11:09:41,799 yyyy-MM-dd HH:mm:ss2026-09-05 11:09:41,800 yyyy-MM-dd HH:mm:ss2026-09-05 11:09:41,801 yyyy-MM-dd HH:mm:ss2026-09-05 11:09:41,801 yyyy-MM-dd HH:mm:ss2026-09-05 11:09:41,811 yyyy-MM-dd HH:mm:ss2026-09-05 11:09:41,817 yyyy-MM-dd HH:mm:ss2026-09-05 11:09:41,817 yyyy-MM-dd HH:mm:ss2026-09-05 11:09:41,818 yyyy-MM-dd HH:mm:ss2026-09-05 11:09:41,825 yyyy-MM-dd HH:mm:ss2026-09-05 11:09:41,827 yyyy-MM-dd HH:mm:ss2026-09-05 11:09:41,827 yyyy-MM-dd HH:mm:ss2026-09-05 11:09:41,828 yyyy-MM-dd HH:mm:ss2026-09-05 11:09:41,829 yyyy-MM-dd HH:mm:ss2026-09-05 11:09:41,829 yyyy-MM-dd HH:mm:ss2026-09-05 11:09:41,831 yyyy-MM-dd HH:mm:ss2026-09-05 11:09:41,832 yyyy-MM-dd HH:mm:ss2026-09-05 11:09:41,832 yyyy-MM-dd HH:mm:ss2026-09-05 11:09:41,833 yyyy-MM-dd HH:mm:ss2026-09-05 11:09:41,833 yyyy-MM-dd HH:mm:ss2026-09-05 11:09:41,834 yyyy-MM-dd HH:mm:ss2026-09-05 11:09:41,834 yyyy-MM-dd HH:mm:ss2026-09-05 11:09:41,837 yyyy-MM-dd HH:mm:ss2026-09-05 11:09:41,844 yyyy-MM-dd HH:mm:ss2026-09-05 11:09:41,844 yyyy-MM-dd HH:mm:ss2026-09-05 11:09:41,844 yyyy-MM-dd HH:mm:ss2026-09-05 11:09:41,844 yyyy-MM-dd HH:mm:ss2026-09-05 11:09:41,845 yyyy-MM-dd HH:mm:ss2026-09-05 11:09:41,846 yyyy-MM-dd HH:mm:ss2026-09-05 11:09:41,848 yyyy-MM-dd HH:mm:ss2026-09-05 11:09:41,848 yyyy-MM-dd HH:mm:ss2026-09-05 11:09:41,848 yyyy-MM-dd HH:mm:ss2026-09-05 11:09:41,849 yyyy-MM-dd HH:mm:ss2026-09-05 11:09:41,849 yyyy-MM-dd HH:mm:ss2026-09-05 11:09:41,850 yyyy-MM-dd HH:mm:ss2026-09-05 11:09:41,850 yyyy-MM-dd HH:mm:ss2026-09-05 11:09:41,851 yyyy-MM-dd HH:mm:ss2026-09-05 11:09:41,853 yyyy-MM-dd HH:mm:ss2026-09-05 11:09:41,855 yyyy-MM-dd HH:mm:ss2026-09-05 11:09:41,855 yyyy-MM-dd HH:mm:ss2026-09-05 11:09:41,856 yyyy-MM-dd HH:mm:ss2026-09-05 11:09:41,856 yyyy-MM-dd HH:mm:ss2026-09-05 11:09:41,857 yyyy-MM-dd HH:mm:ss2026-09-05 11:09:41,859 yyyy-MM-dd HH:mm:ss2026-09-05 11:09:41,859 yyyy-MM-dd HH:mm:ss2026-09-05 11:09:41,871 yyyy-MM-dd HH:mm:ss2026-09-05 11:09:41,871 yyyy-MM-dd HH:mm:ss2026-09-05 11:09:41,872 yyyy-MM-dd HH:mm:ss2026-09-05 11:09:41,897 yyyy-MM-dd HH:mm:ss2026-09-05 11:09:41,898 yyyy-MM-dd HH:mm:ss2026-09-05 11:09:41,898 yyyy-MM-dd HH:mm:ss2026-09-05 11:09:41,899 yyyy-MM-dd HH:mm:ss2026-09-05 11:09:41,985 yyyy-MM-dd HH:mm:ss2026-09-05 11:09:41,985 yyyy-MM-dd HH:mm:ss2026-09-05 11:09:41,986 yyyy-MM-dd HH:mm:ss2026-09-05 11:09:41,986 yyyy-MM-dd HH:mm:ss2026-09-05 11:09:41,986 yyyy-MM-dd HH:mm:ss2026-09-05 11:09:41,988 yyyy-MM-dd HH:mm:ss2026-09-05 11:09:41,989 yyyy-MM-dd HH:mm:ss2026-09-05 11:09:41,989 yyyy-MM-dd HH:mm:ss2026-09-05 11:09:41,990 yyyy-MM-dd HH:mm:ss2026-09-05 11:09:41,992 yyyy-MM-dd HH:mm:ss2026-09-05 11:09:41,992 yyyy-MM-dd HH:mm:ss2026-09-05 11:09:41,994 yyyy-MM-dd HH:mm:ss2026-09-05 11:09:41,995 yyyy-MM-dd HH:mm:ss2026-09-05 11:09:41,995 yyyy-MM-dd HH:mm:ss2026-09-05 11:09:41,997 yyyy-MM-dd HH:mm:ss2026-09-05 11:09:41,997 yyyy-MM-dd HH:mm:ss2026-09-05 11:09:41,998 yyyy-MM-dd HH:mm:ss2026-09-05 11:09:41,999 yyyy-MM-dd HH:mm:ss2026-09-05 11:09:42,004 yyyy-MM-dd HH:mm:ss2026-09-05 11:09:42,005 yyyy-MM-dd HH:mm:ss2026-09-05 11:09:42,006 yyyy-MM-dd HH:mm:ss2026-09-05 11:09:42,007 yyyy-MM-dd HH:mm:ss2026-09-05 11:09:42,007 yyyy-MM-dd HH:mm:ss2026-09-05 11:09:42,010 yyyy-MM-dd HH:mm:ss2026-09-05 11:09:42,011 yyyy-MM-dd HH:mm:ss2026-09-05 11:09:42,011 yyyy-MM-dd HH:mm:ss2026-09-05 11:09:42,011 yyyy-MM-dd HH:mm:ss2026-09-05 11:09:42,012 yyyy-MM-dd HH:mm:ss2026-09-05 11:09:42,013 yyyy-MM-dd HH:mm:ss2026-09-05 11:09:42,015 yyyy-MM-dd HH:mm:ss2026-09-05 11:09:42,015 yyyy-MM-dd HH:mm:ss2026-09-05 11:09:42,016 yyyy-MM-dd HH:mm:ss2026-09-05 11:09:42,016 yyyy-MM-dd HH:mm:ss2026-09-05 11:09:42,018 yyyy-MM-dd HH:mm:ss2026-09-05 11:09:42,020 yyyy-MM-dd HH:mm:ss2026-09-05 11:09:42,021 yyyy-MM-dd HH:mm:ss2026-09-05 11:09:42,021 yyyy-MM-dd HH:mm:ss2026-09-05 11:09:42,022 yyyy-MM-dd HH:mm:ss2026-09-05 11:09:42,023 yyyy-MM-dd HH:mm:ss2026-09-05 11:09:42,025 yyyy-MM-dd HH:mm:ss2026-09-05 11:09:42,025 yyyy-MM-dd HH:mm:ss2026-09-05 11:09:42,027 yyyy-MM-dd HH:mm:ss2026-09-05 11:09:42,027 yyyy-MM-dd HH:mm:ss2026-09-05 11:09:42,032 yyyy-MM-dd HH:mm:ss2026-09-05 11:09:42,035 yyyy-MM-dd HH:mm:ss2026-09-05 11:09:42,035 yyyy-MM-dd HH:mm:ss2026-09-05 11:09:42,036 yyyy-MM-dd HH:mm:ss2026-09-05 11:09:42,036 yyyy-MM-dd HH:mm:ss2026-09-05 11:09:42,037 yyyy-MM-dd HH:mm:ss2026-09-05 11:09:42,037 yyyy-MM-dd HH:mm:ss2026-09-05 11:09:42,037 yyyy-MM-dd HH:mm:ss2026-09-05 11:09:42,043 yyyy-MM-dd HH:mm:ss2026-09-05 11:09:42,044 yyyy-MM-dd HH:mm:ss2026-09-05 11:09:42,044 yyyy-MM-dd HH:mm:ss2026-09-05 11:09:42,047 yyyy-MM-dd HH:mm:ss2026-09-05 11:09:42,047 yyyy-MM-dd HH:mm:ss2026-09-05 11:09:42,048 yyyy-MM-dd HH:mm:ss2026-09-05 11:09:42,049 yyyy-MM-dd HH:mm:ss2026-09-05 11:09:42,054 yyyy-MM-dd HH:mm:ss2026-09-05 11:09:42,054 yyyy-MM-dd HH:mm:ss2026-09-05 11:09:42,056 yyyy-MM-dd HH:mm:ss2026-09-05 11:09:42,056 yyyy-MM-dd HH:mm:ss2026-09-05 11:09:42,056 yyyy-MM-dd HH:mm:ss2026-09-05 11:09:42,056 yyyy-MM-dd HH:mm:ss2026-09-05 11:09:42,060 yyyy-MM-dd HH:mm:ss2026-09-05 11:09:42,060 yyyy-MM-dd HH:mm:ss2026-09-05 11:09:42,060 yyyy-MM-dd HH:mm:ss2026-09-05 11:09:42,060 yyyy-MM-dd HH:mm:ss2026-09-05 11:09:42,061 yyyy-MM-dd HH:mm:ss2026-09-05 11:09:42,064 yyyy-MM-dd HH:mm:ss2026-09-05 11:09:42,066 yyyy-MM-dd HH:mm:ss2026-09-05 11:09:42,068 yyyy-MM-dd HH:mm:ss2026-09-05 11:09:42,070 yyyy-MM-dd HH:mm:ss2026-09-05 11:09:42,070 yyyy-MM-dd HH:mm:ss2026-09-05 11:09:42,071 yyyy-MM-dd HH:mm:ss2026-09-05 11:09:42,071 yyyy-MM-dd HH:mm:ss2026-09-05 11:09:42,071 yyyy-MM-dd HH:mm:ss2026-09-05 11:09:42,074 yyyy-MM-dd HH:mm:ss2026-09-05 11:09:42,074 yyyy-MM-dd HH:mm:ss2026-09-05 11:09:42,075 yyyy-MM-dd HH:mm:ss2026-09-05 11:09:42,075 yyyy-MM-dd HH:mm:ss2026-09-05 11:09:42,075 yyyy-MM-dd HH:mm:ss2026-09-05 11:09:42,076 yyyy-MM-dd HH:mm:ss2026-09-05 11:09:42,076 yyyy-MM-dd HH:mm:ss2026-09-05 11:09:42,081 yyyy-MM-dd HH:mm:ss2026-09-05 11:09:42,081 yyyy-MM-dd HH:mm:ss2026-09-05 11:09:42,082 yyyy-MM-dd HH:mm:ss2026-09-05 11:09:42,082 yyyy-MM-dd HH:mm:ss2026-09-05 11:09:42,083 yyyy-MM-dd HH:mm:ss2026-09-05 11:09:42,085 yyyy-MM-dd HH:mm:ss2026-09-05 11:09:42,085 yyyy-MM-dd HH:mm:ss2026-09-05 11:09:42,088 yyyy-MM-dd HH:mm:ss2026-09-05 11:09:42,088 yyyy-MM-dd HH:mm:ss2026-09-05 11:09:42,088 yyyy-MM-dd HH:mm:ss2026-09-05 11:09:42,089 yyyy-MM-dd HH:mm:ss2026-09-05 11:09:42,098 yyyy-MM-dd HH:mm:ss2026-09-05 11:09:42,099 yyyy-MM-dd HH:mm:ss2026-09-05 11:09:42,099 yyyy-MM-dd HH:mm:ss2026-09-05 11:09:42,099 yyyy-MM-dd HH:mm:ss2026-09-05 11:09:42,100 yyyy-MM-dd HH:mm:ss2026-09-05 11:09:42,101 yyyy-MM-dd HH:mm:ss2026-09-05 11:09:42,104 yyyy-MM-dd HH:mm:ss2026-09-05 11:09:42,104 yyyy-MM-dd HH:mm:ss2026-09-05 11:09:42,105 yyyy-MM-dd HH:mm:ss2026-09-05 11:09:42,106 yyyy-MM-dd HH:mm:ss2026-09-05 11:09:42,106 yyyy-MM-dd HH:mm:ss2026-09-05 11:09:42,108 yyyy-MM-dd HH:mm:ss2026-09-05 11:09:42,108 yyyy-MM-dd HH:mm:ss2026-09-05 11:09:42,115 yyyy-MM-dd HH:mm:ss2026-09-05 11:09:42,115 yyyy-MM-dd HH:mm:ss2026-09-05 11:09:42,116 yyyy-MM-dd HH:mm:ss2026-09-05 11:09:42,117 yyyy-MM-dd HH:mm:ss2026-09-05 11:09:42,123 yyyy-MM-dd HH:mm:ss2026-09-05 11:09:42,123 yyyy-MM-dd HH:mm:ss2026-09-05 11:09:42,127 yyyy-MM-dd HH:mm:ss2026-09-05 11:09:42,132 yyyy-MM-dd HH:mm:ss2026-09-05 11:09:42,132 yyyy-MM-dd HH:mm:ss2026-09-05 11:09:42,133 yyyy-MM-dd HH:mm:ss2026-09-05 11:09:42,159 yyyy-MM-dd HH:mm:ss2026-09-05 11:09:42,169 yyyy-MM-dd HH:mm:ss2026-09-05 11:09:42,169 yyyy-MM-dd HH:mm:ss2026-09-05 11:09:42,170 yyyy-MM-dd HH:mm:ss2026-09-05 11:09:42,170 yyyy-MM-dd HH:mm:ss2026-09-05 11:09:42,170 yyyy-MM-dd HH:mm:ss2026-09-05 11:09:42,170 yyyy-MM-dd HH:mm:ss2026-09-05 11:09:42,170 yyyy-MM-dd HH:mm:ss2026-09-05 11:09:42,170 yyyy-MM-dd HH:mm:ss2026-09-05 11:09:42,170 yyyy-MM-dd HH:mm:ss2026-09-05 11:09:42,170 yyyy-MM-dd HH:mm:ss2026-09-05 11:09:42,170 yyyy-MM-dd HH:mm:ss2026-09-05 11:09:42,170 yyyy-MM-dd HH:mm:ss2026-09-05 11:09:42,170 yyyy-MM-dd HH:mm:ss2026-09-05 11:09:42,170 yyyy-MM-dd HH:mm:ss2026-09-05 11:09:42,170 yyyy-MM-dd HH:mm:ss2026-09-05 11:09:42,172 yyyy-MM-dd HH:mm:ss2026-09-05 11:09:42,172 yyyy-MM-dd HH:mm:ss2026-09-05 11:09:42,172 yyyy-MM-dd HH:mm:ss2026-09-05 11:09:42,172 yyyy-MM-dd HH:mm:ss2026-09-05 11:09:42,172 yyyy-MM-dd HH:mm:ss2026-09-05 11:09:42,172 yyyy-MM-dd HH:mm:ss2026-09-05 11:09:42,172 yyyy-MM-dd HH:mm:ss2026-09-05 11:09:42,172 yyyy-MM-dd HH:mm:ss2026-09-05 11:09:42,172 yyyy-MM-dd HH:mm:ss2026-09-05 11:09:42,172 yyyy-MM-dd HH:mm:ss2026-09-05 11:09:42,172 yyyy-MM-dd HH:mm:ss2026-09-05 11:09:42,172 yyyy-MM-dd HH:mm:ss2026-09-05 11:09:42,172 yyyy-MM-dd HH:mm:ss2026-09-05 11:09:42,172 yyyy-MM-dd HH:mm:ss2026-09-05 11:09:42,172 yyyy-MM-dd HH:mm:ss2026-09-05 11:09:42,172 yyyy-MM-dd HH:mm:ss2026-09-05 11:09:42,172 yyyy-MM-dd HH:mm:ss2026-09-05 11:09:42,172 yyyy-MM-dd HH:mm:ss2026-09-05 11:09:42,172 yyyy-MM-dd HH:mm:ss2026-09-05 11:09:42,172 yyyy-MM-dd HH:mm:ss2026-09-05 11:09:42,173 yyyy-MM-dd HH:mm:ss2026-09-05 11:09:42,173 yyyy-MM-dd HH:mm:ss2026-09-05 11:09:42,173 yyyy-MM-dd HH:mm:ss2026-09-05 11:09:42,173 yyyy-MM-dd HH:mm:ss2026-09-05 11:09:42,173 yyyy-MM-dd HH:mm:ss2026-09-05 11:09:42,173 yyyy-MM-dd HH:mm:ss2026-09-05 11:09:42,173 yyyy-MM-dd HH:mm:ss2026-09-05 11:09:42,173 yyyy-MM-dd HH:mm:ss2026-09-05 11:09:42,181 yyyy-MM-dd HH:mm:ss2026-09-05 11:09:42,182 yyyy-MM-dd HH:mm:ss2026-09-05 11:09:42,182 yyyy-MM-dd HH:mm:ss2026-09-05 11:09:42,182 yyyy-MM-dd HH:mm:ss2026-09-05 11:09:42,182 yyyy-MM-dd HH:mm:ss2026-09-05 11:09:42,184 yyyy-MM-dd HH:mm:ss2026-09-05 11:09:42,184 yyyy-MM-dd HH:mm:ss2026-09-05 11:09:42,185 yyyy-MM-dd HH:mm:ss2026-09-05 11:09:42,185 yyyy-MM-dd HH:mm:ss2026-09-05 11:09:42,203 yyyy-MM-dd HH:mm:ss2026-09-05 11:09:42,203 yyyy-MM-dd HH:mm:ss2026-09-05 11:09:42,203 yyyy-MM-dd HH:mm:ss2026-09-05 11:09:42,209 yyyy-MM-dd HH:mm:ss2026-09-05 11:09:42,210 yyyy-MM-dd HH:mm:ss2026-09-05 11:09:42,210 yyyy-MM-dd HH:mm:ss2026-09-05 11:09:42,236 yyyy-MM-dd HH:mm:ss2026-09-05 11:09:42,238 yyyy-MM-dd HH:mm:ss2026-09-05 11:09:42,238 yyyy-MM-dd HH:mm:ss2026-09-05 11:09:42,238 yyyy-MM-dd HH:mm:ss2026-09-05 11:09:42,238 yyyy-MM-dd HH:mm:ss2026-09-05 11:09:42,238 yyyy-MM-dd HH:mm:ss2026-09-05 11:09:42,238 yyyy-MM-dd HH:mm:ss2026-09-05 11:09:42,239 yyyy-MM-dd HH:mm:ss2026-09-05 11:09:42,240 yyyy-MM-dd HH:mm:ss2026-09-05 11:09:42,241 yyyy-MM-dd HH:mm:ss2026-09-05 11:09:42,241 yyyy-MM-dd HH:mm:ss2026-09-05 11:09:42,241 yyyy-MM-dd HH:mm:ss2026-09-05 11:09:42,241 yyyy-MM-dd HH:mm:ss2026-09-05 11:09:42,241 yyyy-MM-dd HH:mm:ss2026-09-05 11:09:42,263 yyyy-MM-dd HH:mm:ss2026-09-05 11:09:42,282 yyyy-MM-dd HH:mm:ss2026-09-05 11:09:42,283 yyyy-MM-dd HH:mm:ss2026-09-05 11:09:42,290 yyyy-MM-dd HH:mm:ss2026-09-05 11:09:42,290 yyyy-MM-dd HH:mm:ss2026-09-05 11:09:42,298 yyyy-MM-dd HH:mm:ss2026-09-05 11:09:42,315 yyyy-MM-dd HH:mm:ss2026-09-05 11:09:42,316 yyyy-MM-dd HH:mm:ss2026-09-05 11:09:42,318 yyyy-MM-dd HH:mm:ss2026-09-05 11:09:42,329 yyyy-MM-dd HH:mm:ss2026-09-05 11:09:42,329 yyyy-MM-dd HH:mm:ss2026-09-05 11:09:42,338 yyyy-MM-dd HH:mm:ss2026-09-05 11:09:42,338 yyyy-MM-dd HH:mm:ss2026-09-05 11:09:42,348 yyyy-MM-dd HH:mm:ss2026-09-05 11:09:42,369 yyyy-MM-dd HH:mm:ss2026-09-05 11:09:42,377 yyyy-MM-dd HH:mm:ss2026-09-05 11:09:42,377 yyyy-MM-dd HH:mm:ss2026-09-05 11:09:42,383 yyyy-MM-dd HH:mm:ss2026-09-05 11:09:42,383 yyyy-MM-dd HH:mm:ss2026-09-05 11:09:42,390 yyyy-MM-dd HH:mm:ss2026-09-05 11:09:42,410 yyyy-MM-dd HH:mm:ss2026-09-05 11:09:42,424 yyyy-MM-dd HH:mm:ss2026-09-05 11:09:42,425 yyyy-MM-dd HH:mm:ss2026-09-05 11:09:42,433 yyyy-MM-dd HH:mm:ss2026-09-05 11:09:42,433 yyyy-MM-dd HH:mm:ss2026-09-05 11:09:42,446 yyyy-MM-dd HH:mm:ss2026-09-05 11:09:42,471 yyyy-MM-dd HH:mm:ss2026-09-05 11:09:42,471 yyyy-MM-dd HH:mm:ss2026-09-05 11:09:42,477 yyyy-MM-dd HH:mm:ss2026-09-05 11:09:42,477 yyyy-MM-dd HH:mm:ss2026-09-05 11:09:42,480 yyyy-MM-dd HH:mm:ss2026-09-05 11:09:42,513 yyyy-MM-dd HH:mm:ss2026-09-05 11:09:42,518 yyyy-MM-dd HH:mm:ss2026-09-05 11:09:42,518 yyyy-MM-dd HH:mm:ss2026-09-05 11:09:42,525 yyyy-MM-dd HH:mm:ss2026-09-05 11:09:42,525 yyyy-MM-dd HH:mm:ss2026-09-05 11:09:42,564 yyyy-MM-dd HH:mm:ss2026-09-05 11:09:42,564 yyyy-MM-dd HH:mm:ss2026-09-05 11:09:42,574 yyyy-MM-dd HH:mm:ss2026-09-05 11:09:42,574 yyyy-MM-dd HH:mm:ss2026-09-05 11:09:42,604 yyyy-MM-dd HH:mm:ss2026-09-05 11:09:42,604 yyyy-MM-dd HH:mm:ss2026-09-05 11:09:42,611 yyyy-MM-dd HH:mm:ss2026-09-05 11:09:42,611 yyyy-MM-dd HH:mm:ss2026-09-05 11:09:42,618 yyyy-MM-dd HH:mm:ss2026-09-05 11:09:42,618 yyyy-MM-dd HH:mm:ss2026-09-05 11:09:42,633 yyyy-MM-dd HH:mm:ss2026-09-05 11:09:42,634 yyyy-MM-dd HH:mm:ss2026-09-05 11:09:42,635 yyyy-MM-dd HH:mm:ss2026-09-05 11:09:42,640 yyyy-MM-dd HH:mm:ss2026-09-05 11:09:42,641 yyyy-MM-dd HH:mm:ss2026-09-05 11:09:42,643 yyyy-MM-dd HH:mm:ss2026-09-05 11:09:42,657 yyyy-MM-dd HH:mm:ss2026-09-05 11:09:42,658 yyyy-MM-dd HH:mm:ss2026-09-05 11:09:42,658 yyyy-MM-dd HH:mm:ss2026-09-05 11:09:42,658 yyyy-MM-dd HH:mm:ss2026-09-05 11:09:42,659 yyyy-MM-dd HH:mm:ss2026-09-05 11:09:42,663 yyyy-MM-dd HH:mm:ss2026-09-05 11:09:42,666 yyyy-MM-dd HH:mm:ss2026-09-05 11:09:42,666 yyyy-MM-dd HH:mm:ss2026-09-05 11:09:42,669 yyyy-MM-dd HH:mm:ss2026-09-05 11:09:42,669 yyyy-MM-dd HH:mm:ss2026-09-05 11:09:42,670 yyyy-MM-dd HH:mm:ss2026-09-05 11:09:42,672 yyyy-MM-dd HH:mm:ss2026-09-05 11:09:42,673 yyyy-MM-dd HH:mm:ss2026-09-05 11:09:42,682 yyyy-MM-dd HH:mm:ss2026-09-05 11:09:42,683 yyyy-MM-dd HH:mm:ss2026-09-05 11:09:42,683 yyyy-MM-dd HH:mm:ss2026-09-05 11:09:42,686 yyyy-MM-dd HH:mm:ss2026-09-05 11:09:42,686 yyyy-MM-dd HH:mm:ss2026-09-05 11:09:42,686 yyyy-MM-dd HH:mm:ss2026-09-05 11:09:42,687 yyyy-MM-dd HH:mm:ss2026-09-05 11:09:42,688 yyyy-MM-dd HH:mm:ss2026-09-05 11:09:42,688 yyyy-MM-dd HH:mm:ss2026-09-05 11:09:42,688 yyyy-MM-dd HH:mm:ss2026-09-05 11:09:42,693 yyyy-MM-dd HH:mm:ss2026-09-05 11:09:42,702 yyyy-MM-dd HH:mm:ss2026-09-05 11:09:42,704 yyyy-MM-dd HH:mm:ss2026-09-05 11:09:42,705 yyyy-MM-dd HH:mm:ss2026-09-05 11:09:42,706 yyyy-MM-dd HH:mm:ss2026-09-05 11:09:42,706 yyyy-MM-dd HH:mm:ss2026-09-05 11:09:42,706 yyyy-MM-dd HH:mm:ss2026-09-05 11:09:42,708 yyyy-MM-dd HH:mm:ss2026-09-05 11:09:42,709 yyyy-MM-dd HH:mm:ss2026-09-05 11:09:42,717 yyyy-MM-dd HH:mm:ss2026-09-05 11:09:42,721 yyyy-MM-dd HH:mm:ss2026-09-05 11:09:42,723 yyyy-MM-dd HH:mm:ss2026-09-05 11:09:42,723 yyyy-MM-dd HH:mm:ss2026-09-05 11:09:42,723 yyyy-MM-dd HH:mm:ss2026-09-05 11:09:42,724 yyyy-MM-dd HH:mm:ss2026-09-05 11:09:42,724 yyyy-MM-dd HH:mm:ss2026-09-05 11:09:42,725 yyyy-MM-dd HH:mm:ss2026-09-05 11:09:42,726 yyyy-MM-dd HH:mm:ss2026-09-05 11:09:42,726 yyyy-MM-dd HH:mm:ss2026-09-05 11:09:42,726 yyyy-MM-dd HH:mm:ss2026-09-05 11:09:42,726 yyyy-MM-dd HH:mm:ss2026-09-05 11:09:42,727 yyyy-MM-dd HH:mm:ss2026-09-05 11:09:42,727 yyyy-MM-dd HH:mm:ss2026-09-05 11:09:42,727 yyyy-MM-dd HH:mm:ss2026-09-05 11:09:42,728 yyyy-MM-dd HH:mm:ss2026-09-05 11:09:42,728 yyyy-MM-dd HH:mm:ss2026-09-05 11:09:42,728 yyyy-MM-dd HH:mm:ss2026-09-05 11:09:42,729 yyyy-MM-dd HH:mm:ss2026-09-05 11:09:42,729 yyyy-MM-dd HH:mm:ss2026-09-05 11:09:42,730 yyyy-MM-dd HH:mm:ss2026-09-05 11:09:42,730 yyyy-MM-dd HH:mm:ss2026-09-05 11:09:42,730 yyyy-MM-dd HH:mm:ss2026-09-05 11:09:42,730 yyyy-MM-dd HH:mm:ss2026-09-05 11:09:42,730 yyyy-MM-dd HH:mm:ss2026-09-05 11:09:42,731 yyyy-MM-dd HH:mm:ss2026-09-05 11:09:42,732 yyyy-MM-dd HH:mm:ss2026-09-05 11:09:42,732 yyyy-MM-dd HH:mm:ss2026-09-05 11:09:42,732 yyyy-MM-dd HH:mm:ss2026-09-05 11:09:42,732 yyyy-MM-dd HH:mm:ss2026-09-05 11:09:42,732 yyyy-MM-dd HH:mm:ss2026-09-05 11:09:42,733 yyyy-MM-dd HH:mm:ss2026-09-05 11:09:42,734 yyyy-MM-dd HH:mm:ss2026-09-05 11:09:42,734 yyyy-MM-dd HH:mm:ss2026-09-05 11:09:42,734 yyyy-MM-dd HH:mm:ss2026-09-05 11:09:42,735 yyyy-MM-dd HH:mm:ss2026-09-05 11:09:42,735 yyyy-MM-dd HH:mm:ss2026-09-05 11:09:42,735 yyyy-MM-dd HH:mm:ss2026-09-05 11:09:42,736 yyyy-MM-dd HH:mm:ss2026-09-05 11:09:42,738 yyyy-MM-dd HH:mm:ss2026-09-05 11:09:42,738 yyyy-MM-dd HH:mm:ss2026-09-05 11:09:42,739 yyyy-MM-dd HH:mm:ss2026-09-05 11:09:42,740 yyyy-MM-dd HH:mm:ss2026-09-05 11:09:42,740 yyyy-MM-dd HH:mm:ss2026-09-05 11:09:42,740 yyyy-MM-dd HH:mm:ss2026-09-05 11:09:42,742 yyyy-MM-dd HH:mm:ss2026-09-05 11:09:42,743 yyyy-MM-dd HH:mm:ss2026-09-05 11:09:42,743 yyyy-MM-dd HH:mm:ss2026-09-05 11:09:42,743 yyyy-MM-dd HH:mm:ss2026-09-05 11:09:42,743 yyyy-MM-dd HH:mm:ss2026-09-05 11:09:42,744 yyyy-MM-dd HH:mm:ss2026-09-05 11:09:42,744 yyyy-MM-dd HH:mm:ss2026-09-05 11:09:42,745 yyyy-MM-dd HH:mm:ss2026-09-05 11:09:42,745 yyyy-MM-dd HH:mm:ss2026-09-05 11:09:42,745 yyyy-MM-dd HH:mm:ss2026-09-05 11:09:42,746 yyyy-MM-dd HH:mm:ss2026-09-05 11:09:42,746 yyyy-MM-dd HH:mm:ss2026-09-05 11:09:42,746 yyyy-MM-dd HH:mm:ss2026-09-05 11:09:42,746 yyyy-MM-dd HH:mm:ss2026-09-05 11:09:42,748 yyyy-MM-dd HH:mm:ss2026-09-05 11:09:42,748 yyyy-MM-dd HH:mm:ss2026-09-05 11:09:42,748 yyyy-MM-dd HH:mm:ss2026-09-05 11:09:42,748 yyyy-MM-dd HH:mm:ss2026-09-05 11:09:42,749 yyyy-MM-dd HH:mm:ss2026-09-05 11:09:42,749 yyyy-MM-dd HH:mm:ss2026-09-05 11:09:42,749 yyyy-MM-dd HH:mm:ss2026-09-05 11:09:42,750 yyyy-MM-dd HH:mm:ss2026-09-05 11:09:42,751 yyyy-MM-dd HH:mm:ss2026-09-05 11:09:42,752 yyyy-MM-dd HH:mm:ss2026-09-05 11:09:42,753 yyyy-MM-dd HH:mm:ss2026-09-05 11:09:42,755 yyyy-MM-dd HH:mm:ss2026-09-05 11:09:42,755 yyyy-MM-dd HH:mm:ss2026-09-05 11:09:42,755 yyyy-MM-dd HH:mm:ss2026-09-05 11:09:42,755 yyyy-MM-dd HH:mm:ss2026-09-05 11:09:42,762 yyyy-MM-dd HH:mm:ss2026-09-05 11:09:42,764 yyyy-MM-dd HH:mm:ss2026-09-05 11:09:42,764 yyyy-MM-dd HH:mm:ss2026-09-05 11:09:42,764 yyyy-MM-dd HH:mm:ss2026-09-05 11:09:42,768 yyyy-MM-dd HH:mm:ss2026-09-05 11:09:42,768 yyyy-MM-dd HH:mm:ss2026-09-05 11:09:42,769 yyyy-MM-dd HH:mm:ss2026-09-05 11:09:42,769 yyyy-MM-dd HH:mm:ss2026-09-05 11:09:42,769 yyyy-MM-dd HH:mm:ss2026-09-05 11:09:42,771 yyyy-MM-dd HH:mm:ss2026-09-05 11:09:42,771 yyyy-MM-dd HH:mm:ss2026-09-05 11:09:42,771 yyyy-MM-dd HH:mm:ss2026-09-05 11:09:42,772 yyyy-MM-dd HH:mm:ss2026-09-05 11:09:42,773 yyyy-MM-dd HH:mm:ss2026-09-05 11:09:42,773 yyyy-MM-dd HH:mm:ss2026-09-05 11:09:42,774 yyyy-MM-dd HH:mm:ss2026-09-05 11:09:42,774 yyyy-MM-dd HH:mm:ss2026-09-05 11:09:42,774 yyyy-MM-dd HH:mm:ss2026-09-05 11:09:42,776 yyyy-MM-dd HH:mm:ss2026-09-05 11:09:42,776 yyyy-MM-dd HH:mm:ss2026-09-05 11:09:42,776 yyyy-MM-dd HH:mm:ss2026-09-05 11:09:42,776 yyyy-MM-dd HH:mm:ss2026-09-05 11:09:42,777 yyyy-MM-dd HH:mm:ss2026-09-05 11:09:42,779 yyyy-MM-dd HH:mm:ss2026-09-05 11:09:42,780 yyyy-MM-dd HH:mm:ss2026-09-05 11:09:42,782 yyyy-MM-dd HH:mm:ss2026-09-05 11:09:42,782 yyyy-MM-dd HH:mm:ss2026-09-05 11:09:42,783 yyyy-MM-dd HH:mm:ss2026-09-05 11:09:42,783 yyyy-MM-dd HH:mm:ss2026-09-05 11:09:42,783 yyyy-MM-dd HH:mm:ss2026-09-05 11:09:42,784 yyyy-MM-dd HH:mm:ss2026-09-05 11:09:42,786 yyyy-MM-dd HH:mm:ss2026-09-05 11:09:42,786 yyyy-MM-dd HH:mm:ss2026-09-05 11:09:42,786 yyyy-MM-dd HH:mm:ss2026-09-05 11:09:42,786 yyyy-MM-dd HH:mm:ss2026-09-05 11:09:42,786 yyyy-MM-dd HH:mm:ss2026-09-05 11:09:42,792 yyyy-MM-dd HH:mm:ss2026-09-05 11:09:42,792 yyyy-MM-dd HH:mm:ss2026-09-05 11:09:42,792 yyyy-MM-dd HH:mm:ss2026-09-05 11:09:42,798 yyyy-MM-dd HH:mm:ss2026-09-05 11:09:42,799 yyyy-MM-dd HH:mm:ss2026-09-05 11:09:42,800 yyyy-MM-dd HH:mm:ss2026-09-05 11:09:42,801 yyyy-MM-dd HH:mm:ss2026-09-05 11:09:42,801 yyyy-MM-dd HH:mm:ss2026-09-05 11:09:42,801 yyyy-MM-dd HH:mm:ss2026-09-05 11:09:42,802 yyyy-MM-dd HH:mm:ss2026-09-05 11:09:42,803 yyyy-MM-dd HH:mm:ss2026-09-05 11:09:42,804 yyyy-MM-dd HH:mm:ss2026-09-05 11:09:42,804 yyyy-MM-dd HH:mm:ss2026-09-05 11:09:42,808 yyyy-MM-dd HH:mm:ss2026-09-05 11:09:42,809 yyyy-MM-dd HH:mm:ss2026-09-05 11:09:42,811 yyyy-MM-dd HH:mm:ss2026-09-05 11:09:42,811 yyyy-MM-dd HH:mm:ss2026-09-05 11:09:42,811 yyyy-MM-dd HH:mm:ss2026-09-05 11:09:42,813 yyyy-MM-dd HH:mm:ss2026-09-05 11:09:42,817 yyyy-MM-dd HH:mm:ss2026-09-05 11:09:42,822 yyyy-MM-dd HH:mm:ss2026-09-05 11:09:42,823 yyyy-MM-dd HH:mm:ss2026-09-05 11:09:42,824 yyyy-MM-dd HH:mm:ss2026-09-05 11:09:42,824 yyyy-MM-dd HH:mm:ss2026-09-05 11:09:42,825 yyyy-MM-dd HH:mm:ss2026-09-05 11:09:42,825 yyyy-MM-dd HH:mm:ss2026-09-05 11:09:42,825 yyyy-MM-dd HH:mm:ss2026-09-05 11:09:42,825 yyyy-MM-dd HH:mm:ss2026-09-05 11:09:42,825 yyyy-MM-dd HH:mm:ss2026-09-05 11:09:42,826 yyyy-MM-dd HH:mm:ss2026-09-05 11:09:42,826 yyyy-MM-dd HH:mm:ss2026-09-05 11:09:42,826 yyyy-MM-dd HH:mm:ss2026-09-05 11:09:42,827 yyyy-MM-dd HH:mm:ss2026-09-05 11:09:42,828 yyyy-MM-dd HH:mm:ss2026-09-05 11:09:42,828 yyyy-MM-dd HH:mm:ss2026-09-05 11:09:42,828 yyyy-MM-dd HH:mm:ss2026-09-05 11:09:42,831 yyyy-MM-dd HH:mm:ss2026-09-05 11:09:42,832 yyyy-MM-dd HH:mm:ss2026-09-05 11:09:42,832 yyyy-MM-dd HH:mm:ss2026-09-05 11:09:42,832 yyyy-MM-dd HH:mm:ss2026-09-05 11:09:42,834 yyyy-MM-dd HH:mm:ss2026-09-05 11:09:42,835 yyyy-MM-dd HH:mm:ss2026-09-05 11:09:42,836 yyyy-MM-dd HH:mm:ss2026-09-05 11:09:42,837 yyyy-MM-dd HH:mm:ss2026-09-05 11:09:42,837 yyyy-MM-dd HH:mm:ss2026-09-05 11:09:42,837 yyyy-MM-dd HH:mm:ss2026-09-05 11:09:42,837 yyyy-MM-dd HH:mm:ss2026-09-05 11:09:42,838 yyyy-MM-dd HH:mm:ss2026-09-05 11:09:42,838 yyyy-MM-dd HH:mm:ss2026-09-05 11:09:42,838 yyyy-MM-dd HH:mm:ss2026-09-05 11:09:42,842 yyyy-MM-dd HH:mm:ss2026-09-05 11:09:42,842 yyyy-MM-dd HH:mm:ss2026-09-05 11:09:42,843 yyyy-MM-dd HH:mm:ss2026-09-05 11:09:42,844 yyyy-MM-dd HH:mm:ss2026-09-05 11:09:42,844 yyyy-MM-dd HH:mm:ss2026-09-05 11:09:42,844 yyyy-MM-dd HH:mm:ss2026-09-05 11:09:42,845 yyyy-MM-dd HH:mm:ss2026-09-05 11:09:42,846 yyyy-MM-dd HH:mm:ss2026-09-05 11:09:42,846 yyyy-MM-dd HH:mm:ss2026-09-05 11:09:42,847 yyyy-MM-dd HH:mm:ss2026-09-05 11:09:42,847 yyyy-MM-dd HH:mm:ss2026-09-05 11:09:42,847 yyyy-MM-dd HH:mm:ss2026-09-05 11:09:42,847 yyyy-MM-dd HH:mm:ss2026-09-05 11:09:42,847 yyyy-MM-dd HH:mm:ss2026-09-05 11:09:42,848 yyyy-MM-dd HH:mm:ss2026-09-05 11:09:42,849 yyyy-MM-dd HH:mm:ss2026-09-05 11:09:42,850 yyyy-MM-dd HH:mm:ss2026-09-05 11:09:42,850 yyyy-MM-dd HH:mm:ss2026-09-05 11:09:42,852 yyyy-MM-dd HH:mm:ss2026-09-05 11:09:42,852 yyyy-MM-dd HH:mm:ss2026-09-05 11:09:42,852 yyyy-MM-dd HH:mm:ss2026-09-05 11:09:42,853 yyyy-MM-dd HH:mm:ss2026-09-05 11:09:42,854 yyyy-MM-dd HH:mm:ss2026-09-05 11:09:42,855 yyyy-MM-dd HH:mm:ss2026-09-05 11:09:42,855 yyyy-MM-dd HH:mm:ss2026-09-05 11:09:42,855 yyyy-MM-dd HH:mm:ss2026-09-05 11:09:42,856 yyyy-MM-dd HH:mm:ss2026-09-05 11:09:42,856 yyyy-MM-dd HH:mm:ss2026-09-05 11:09:42,856 yyyy-MM-dd HH:mm:ss2026-09-05 11:09:42,859 yyyy-MM-dd HH:mm:ss2026-09-05 11:09:42,859 yyyy-MM-dd HH:mm:ss2026-09-05 11:09:42,859 yyyy-MM-dd HH:mm:ss2026-09-05 11:09:42,859 yyyy-MM-dd HH:mm:ss2026-09-05 11:09:42,861 yyyy-MM-dd HH:mm:ss2026-09-05 11:09:42,861 yyyy-MM-dd HH:mm:ss2026-09-05 11:09:42,861 yyyy-MM-dd HH:mm:ss2026-09-05 11:09:42,861 yyyy-MM-dd HH:mm:ss2026-09-05 11:09:42,862 yyyy-MM-dd HH:mm:ss2026-09-05 11:09:42,862 yyyy-MM-dd HH:mm:ss2026-09-05 11:09:42,864 yyyy-MM-dd HH:mm:ss2026-09-05 11:09:42,864 yyyy-MM-dd HH:mm:ss2026-09-05 11:09:42,866 yyyy-MM-dd HH:mm:ss2026-09-05 11:09:42,867 yyyy-MM-dd HH:mm:ss2026-09-05 11:09:42,867 yyyy-MM-dd HH:mm:ss2026-09-05 11:09:42,867 yyyy-MM-dd HH:mm:ss2026-09-05 11:09:42,868 yyyy-MM-dd HH:mm:ss2026-09-05 11:09:42,869 yyyy-MM-dd HH:mm:ss2026-09-05 11:09:42,869 yyyy-MM-dd HH:mm:ss2026-09-05 11:09:42,871 yyyy-MM-dd HH:mm:ss2026-09-05 11:09:42,871 yyyy-MM-dd HH:mm:ss2026-09-05 11:09:42,871 yyyy-MM-dd HH:mm:ss2026-09-05 11:09:42,872 yyyy-MM-dd HH:mm:ss2026-09-05 11:09:42,873 yyyy-MM-dd HH:mm:ss2026-09-05 11:09:42,874 yyyy-MM-dd HH:mm:ss2026-09-05 11:09:42,875 yyyy-MM-dd HH:mm:ss2026-09-05 11:09:42,875 yyyy-MM-dd HH:mm:ss2026-09-05 11:09:42,876 yyyy-MM-dd HH:mm:ss2026-09-05 11:09:42,877 yyyy-MM-dd HH:mm:ss2026-09-05 11:09:42,877 yyyy-MM-dd HH:mm:ss2026-09-05 11:09:42,877 yyyy-MM-dd HH:mm:ss2026-09-05 11:09:42,884 yyyy-MM-dd HH:mm:ss2026-09-05 11:09:42,884 yyyy-MM-dd HH:mm:ss2026-09-05 11:09:42,885 yyyy-MM-dd HH:mm:ss2026-09-05 11:09:42,887 yyyy-MM-dd HH:mm:ss2026-09-05 11:09:42,887 yyyy-MM-dd HH:mm:ss2026-09-05 11:09:42,887 yyyy-MM-dd HH:mm:ss2026-09-05 11:09:42,887 yyyy-MM-dd HH:mm:ss2026-09-05 11:09:42,888 yyyy-MM-dd HH:mm:ss2026-09-05 11:09:42,888 yyyy-MM-dd HH:mm:ss2026-09-05 11:09:42,889 yyyy-MM-dd HH:mm:ss2026-09-05 11:09:42,890 yyyy-MM-dd HH:mm:ss2026-09-05 11:09:42,890 yyyy-MM-dd HH:mm:ss2026-09-05 11:09:42,890 yyyy-MM-dd HH:mm:ss2026-09-05 11:09:42,891 yyyy-MM-dd HH:mm:ss2026-09-05 11:09:42,891 yyyy-MM-dd HH:mm:ss2026-09-05 11:09:42,891 yyyy-MM-dd HH:mm:ss2026-09-05 11:09:42,892 yyyy-MM-dd HH:mm:ss2026-09-05 11:09:42,892 yyyy-MM-dd HH:mm:ss2026-09-05 11:09:42,892 yyyy-MM-dd HH:mm:ss2026-09-05 11:09:42,893 yyyy-MM-dd HH:mm:ss2026-09-05 11:09:42,893 yyyy-MM-dd HH:mm:ss2026-09-05 11:09:42,893 yyyy-MM-dd HH:mm:ss2026-09-05 11:09:42,894 yyyy-MM-dd HH:mm:ss2026-09-05 11:09:42,894 yyyy-MM-dd HH:mm:ss2026-09-05 11:09:42,894 yyyy-MM-dd HH:mm:ss2026-09-05 11:09:42,895 yyyy-MM-dd HH:mm:ss2026-09-05 11:09:42,896 yyyy-MM-dd HH:mm:ss2026-09-05 11:09:42,898 yyyy-MM-dd HH:mm:ss2026-09-05 11:09:42,899 yyyy-MM-dd HH:mm:ss2026-09-05 11:09:42,899 yyyy-MM-dd HH:mm:ss2026-09-05 11:09:42,900 yyyy-MM-dd HH:mm:ss2026-09-05 11:09:42,900 yyyy-MM-dd HH:mm:ss2026-09-05 11:09:42,900 yyyy-MM-dd HH:mm:ss2026-09-05 11:09:42,901 yyyy-MM-dd HH:mm:ss2026-09-05 11:09:42,903 yyyy-MM-dd HH:mm:ss2026-09-05 11:09:42,903 yyyy-MM-dd HH:mm:ss2026-09-05 11:09:42,904 yyyy-MM-dd HH:mm:ss2026-09-05 11:09:42,906 yyyy-MM-dd HH:mm:ss2026-09-05 11:09:42,906 yyyy-MM-dd HH:mm:ss2026-09-05 11:09:42,906 yyyy-MM-dd HH:mm:ss2026-09-05 11:09:42,906 yyyy-MM-dd HH:mm:ss2026-09-05 11:09:42,906 yyyy-MM-dd HH:mm:ss2026-09-05 11:09:42,906 yyyy-MM-dd HH:mm:ss2026-09-05 11:09:42,906 yyyy-MM-dd HH:mm:ss2026-09-05 11:09:42,906 yyyy-MM-dd HH:mm:ss2026-09-05 11:09:42,908 yyyy-MM-dd HH:mm:ss2026-09-05 11:09:42,908 yyyy-MM-dd HH:mm:ss2026-09-05 11:09:42,908 yyyy-MM-dd HH:mm:ss2026-09-05 11:09:42,920 yyyy-MM-dd HH:mm:ss2026-09-05 11:09:42,921 yyyy-MM-dd HH:mm:ss2026-09-05 11:09:42,921 yyyy-MM-dd HH:mm:ss2026-09-05 11:09:42,923 yyyy-MM-dd HH:mm:ss2026-09-05 11:09:42,924 yyyy-MM-dd HH:mm:ss2026-09-05 11:09:42,924 yyyy-MM-dd HH:mm:ss2026-09-05 11:09:42,925 yyyy-MM-dd HH:mm:ss2026-09-05 11:09:42,925 yyyy-MM-dd HH:mm:ss2026-09-05 11:09:42,925 yyyy-MM-dd HH:mm:ss2026-09-05 11:09:42,925 yyyy-MM-dd HH:mm:ss2026-09-05 11:09:42,926 yyyy-MM-dd HH:mm:ss2026-09-05 11:09:42,926 yyyy-MM-dd HH:mm:ss2026-09-05 11:09:42,927 yyyy-MM-dd HH:mm:ss2026-09-05 11:09:42,928 yyyy-MM-dd HH:mm:ss2026-09-05 11:09:42,929 yyyy-MM-dd HH:mm:ss2026-09-05 11:09:42,929 yyyy-MM-dd HH:mm:ss2026-09-05 11:09:42,929 yyyy-MM-dd HH:mm:ss2026-09-05 11:09:42,931 yyyy-MM-dd HH:mm:ss2026-09-05 11:09:42,931 yyyy-MM-dd HH:mm:ss2026-09-05 11:09:42,932 yyyy-MM-dd HH:mm:ss2026-09-05 11:09:42,933 yyyy-MM-dd HH:mm:ss2026-09-05 11:09:42,933 yyyy-MM-dd HH:mm:ss2026-09-05 11:09:42,934 yyyy-MM-dd HH:mm:ss2026-09-05 11:09:42,936 yyyy-MM-dd HH:mm:ss2026-09-05 11:09:42,936 yyyy-MM-dd HH:mm:ss2026-09-05 11:09:42,938 yyyy-MM-dd HH:mm:ss2026-09-05 11:09:42,938 yyyy-MM-dd HH:mm:ss2026-09-05 11:09:42,939 yyyy-MM-dd HH:mm:ss2026-09-05 11:09:42,939 yyyy-MM-dd HH:mm:ss2026-09-05 11:09:42,939 yyyy-MM-dd HH:mm:ss2026-09-05 11:09:42,939 yyyy-MM-dd HH:mm:ss2026-09-05 11:09:42,941 yyyy-MM-dd HH:mm:ss2026-09-05 11:09:42,941 yyyy-MM-dd HH:mm:ss2026-09-05 11:09:42,941 yyyy-MM-dd HH:mm:ss2026-09-05 11:09:42,941 yyyy-MM-dd HH:mm:ss2026-09-05 11:09:42,941 yyyy-MM-dd HH:mm:ss2026-09-05 11:09:42,943 yyyy-MM-dd HH:mm:ss2026-09-05 11:09:42,943 yyyy-MM-dd HH:mm:ss2026-09-05 11:09:42,944 yyyy-MM-dd HH:mm:ss2026-09-05 11:09:42,950 yyyy-MM-dd HH:mm:ss2026-09-05 11:09:42,951 yyyy-MM-dd HH:mm:ss2026-09-05 11:09:42,952 yyyy-MM-dd HH:mm:ss2026-09-05 11:09:42,953 yyyy-MM-dd HH:mm:ss2026-09-05 11:09:42,954 yyyy-MM-dd HH:mm:ss2026-09-05 11:09:42,954 yyyy-MM-dd HH:mm:ss2026-09-05 11:09:42,954 yyyy-MM-dd HH:mm:ss2026-09-05 11:09:42,954 yyyy-MM-dd HH:mm:ss2026-09-05 11:09:42,954 yyyy-MM-dd HH:mm:ss2026-09-05 11:09:42,955 yyyy-MM-dd HH:mm:ss2026-09-05 11:09:42,955 yyyy-MM-dd HH:mm:ss2026-09-05 11:09:42,955 yyyy-MM-dd HH:mm:ss2026-09-05 11:09:42,956 yyyy-MM-dd HH:mm:ss2026-09-05 11:09:42,956 yyyy-MM-dd HH:mm:ss2026-09-05 11:09:42,958 yyyy-MM-dd HH:mm:ss2026-09-05 11:09:42,958 yyyy-MM-dd HH:mm:ss2026-09-05 11:09:42,959 yyyy-MM-dd HH:mm:ss2026-09-05 11:09:42,959 yyyy-MM-dd HH:mm:ss2026-09-05 11:09:42,960 yyyy-MM-dd HH:mm:ss2026-09-05 11:09:42,960 yyyy-MM-dd HH:mm:ss2026-09-05 11:09:42,961 yyyy-MM-dd HH:mm:ss2026-09-05 11:09:42,962 yyyy-MM-dd HH:mm:ss2026-09-05 11:09:42,962 yyyy-MM-dd HH:mm:ss2026-09-05 11:09:42,962 yyyy-MM-dd HH:mm:ss2026-09-05 11:09:42,962 yyyy-MM-dd HH:mm:ss2026-09-05 11:09:42,963 yyyy-MM-dd HH:mm:ss2026-09-05 11:09:42,963 yyyy-MM-dd HH:mm:ss2026-09-05 11:09:42,963 yyyy-MM-dd HH:mm:ss2026-09-05 11:09:42,964 yyyy-MM-dd HH:mm:ss2026-09-05 11:09:42,964 yyyy-MM-dd HH:mm:ss2026-09-05 11:09:42,965 yyyy-MM-dd HH:mm:ss2026-09-05 11:09:42,965 yyyy-MM-dd HH:mm:ss2026-09-05 11:09:42,965 yyyy-MM-dd HH:mm:ss2026-09-05 11:09:42,965 yyyy-MM-dd HH:mm:ss2026-09-05 11:09:42,965 yyyy-MM-dd HH:mm:ss2026-09-05 11:09:42,966 yyyy-MM-dd HH:mm:ss2026-09-05 11:09:42,966 yyyy-MM-dd HH:mm:ss2026-09-05 11:09:42,971 yyyy-MM-dd HH:mm:ss2026-09-05 11:09:42,972 yyyy-MM-dd HH:mm:ss2026-09-05 11:09:42,974 yyyy-MM-dd HH:mm:ss2026-09-05 11:09:42,974 yyyy-MM-dd HH:mm:ss2026-09-05 11:09:42,975 yyyy-MM-dd HH:mm:ss2026-09-05 11:09:42,975 yyyy-MM-dd HH:mm:ss2026-09-05 11:09:42,975 yyyy-MM-dd HH:mm:ss2026-09-05 11:09:42,976 yyyy-MM-dd HH:mm:ss2026-09-05 11:09:42,977 yyyy-MM-dd HH:mm:ss2026-09-05 11:09:42,978 yyyy-MM-dd HH:mm:ss2026-09-05 11:09:42,979 yyyy-MM-dd HH:mm:ss2026-09-05 11:09:42,980 yyyy-MM-dd HH:mm:ss2026-09-05 11:09:42,981 yyyy-MM-dd HH:mm:ss2026-09-05 11:09:42,981 yyyy-MM-dd HH:mm:ss2026-09-05 11:09:42,981 yyyy-MM-dd HH:mm:ss2026-09-05 11:09:42,982 yyyy-MM-dd HH:mm:ss2026-09-05 11:09:42,982 yyyy-MM-dd HH:mm:ss2026-09-05 11:09:42,982 yyyy-MM-dd HH:mm:ss2026-09-05 11:09:42,982 yyyy-MM-dd HH:mm:ss2026-09-05 11:09:42,983 yyyy-MM-dd HH:mm:ss2026-09-05 11:09:42,984 yyyy-MM-dd HH:mm:ss2026-09-05 11:09:42,984 yyyy-MM-dd HH:mm:ss2026-09-05 11:09:42,984 yyyy-MM-dd HH:mm:ss2026-09-05 11:09:42,985 yyyy-MM-dd HH:mm:ss2026-09-05 11:09:42,985 yyyy-MM-dd HH:mm:ss2026-09-05 11:09:42,985 yyyy-MM-dd HH:mm:ss2026-09-05 11:09:42,985 yyyy-MM-dd HH:mm:ss2026-09-05 11:09:42,986 yyyy-MM-dd HH:mm:ss2026-09-05 11:09:42,986 yyyy-MM-dd HH:mm:ss2026-09-05 11:09:42,986 yyyy-MM-dd HH:mm:ss2026-09-05 11:09:42,986 yyyy-MM-dd HH:mm:ss2026-09-05 11:09:42,988 yyyy-MM-dd HH:mm:ss2026-09-05 11:09:42,988 yyyy-MM-dd HH:mm:ss2026-09-05 11:09:42,988 yyyy-MM-dd HH:mm:ss2026-09-05 11:09:42,989 yyyy-MM-dd HH:mm:ss2026-09-05 11:09:42,989 yyyy-MM-dd HH:mm:ss2026-09-05 11:09:42,989 yyyy-MM-dd HH:mm:ss2026-09-05 11:09:42,990 yyyy-MM-dd HH:mm:ss2026-09-05 11:09:42,990 yyyy-MM-dd HH:mm:ss2026-09-05 11:09:42,990 yyyy-MM-dd HH:mm:ss2026-09-05 11:09:42,991 yyyy-MM-dd HH:mm:ss2026-09-05 11:09:42,991 yyyy-MM-dd HH:mm:ss2026-09-05 11:09:42,991 yyyy-MM-dd HH:mm:ss2026-09-05 11:09:42,992 yyyy-MM-dd HH:mm:ss2026-09-05 11:09:42,992 yyyy-MM-dd HH:mm:ss2026-09-05 11:09:42,992 yyyy-MM-dd HH:mm:ss2026-09-05 11:09:42,992 yyyy-MM-dd HH:mm:ss2026-09-05 11:09:42,993 yyyy-MM-dd HH:mm:ss2026-09-05 11:09:42,993 yyyy-MM-dd HH:mm:ss2026-09-05 11:09:42,994 yyyy-MM-dd HH:mm:ss2026-09-05 11:09:42,996 yyyy-MM-dd HH:mm:ss2026-09-05 11:09:42,998 yyyy-MM-dd HH:mm:ss2026-09-05 11:09:43,002 yyyy-MM-dd HH:mm:ss2026-09-05 11:09:43,003 yyyy-MM-dd HH:mm:ss2026-09-05 11:09:43,004 yyyy-MM-dd HH:mm:ss2026-09-05 11:09:43,005 yyyy-MM-dd HH:mm:ss2026-09-05 11:09:43,005 yyyy-MM-dd HH:mm:ss2026-09-05 11:09:43,005 yyyy-MM-dd HH:mm:ss2026-09-05 11:09:43,006 yyyy-MM-dd HH:mm:ss2026-09-05 11:09:43,006 yyyy-MM-dd HH:mm:ss2026-09-05 11:09:43,006 yyyy-MM-dd HH:mm:ss2026-09-05 11:09:43,007 yyyy-MM-dd HH:mm:ss2026-09-05 11:09:43,007 yyyy-MM-dd HH:mm:ss2026-09-05 11:09:43,007 yyyy-MM-dd HH:mm:ss2026-09-05 11:09:43,008 yyyy-MM-dd HH:mm:ss2026-09-05 11:09:43,008 yyyy-MM-dd HH:mm:ss2026-09-05 11:09:43,009 yyyy-MM-dd HH:mm:ss2026-09-05 11:09:43,011 yyyy-MM-dd HH:mm:ss2026-09-05 11:09:43,011 yyyy-MM-dd HH:mm:ss2026-09-05 11:09:43,012 yyyy-MM-dd HH:mm:ss2026-09-05 11:09:43,012 yyyy-MM-dd HH:mm:ss2026-09-05 11:09:43,013 yyyy-MM-dd HH:mm:ss2026-09-05 11:09:43,014 yyyy-MM-dd HH:mm:ss2026-09-05 11:09:43,014 yyyy-MM-dd HH:mm:ss2026-09-05 11:09:43,014 yyyy-MM-dd HH:mm:ss2026-09-05 11:09:43,015 yyyy-MM-dd HH:mm:ss2026-09-05 11:09:43,015 yyyy-MM-dd HH:mm:ss2026-09-05 11:09:43,016 yyyy-MM-dd HH:mm:ss2026-09-05 11:09:43,016 yyyy-MM-dd HH:mm:ss2026-09-05 11:09:43,017 yyyy-MM-dd HH:mm:ss2026-09-05 11:09:43,017 yyyy-MM-dd HH:mm:ss2026-09-05 11:09:43,017 yyyy-MM-dd HH:mm:ss2026-09-05 11:09:43,017 yyyy-MM-dd HH:mm:ss2026-09-05 11:09:43,017 yyyy-MM-dd HH:mm:ss2026-09-05 11:09:43,017 yyyy-MM-dd HH:mm:ss2026-09-05 11:09:43,018 yyyy-MM-dd HH:mm:ss2026-09-05 11:09:43,018 yyyy-MM-dd HH:mm:ss2026-09-05 11:09:43,018 yyyy-MM-dd HH:mm:ss2026-09-05 11:09:43,019 yyyy-MM-dd HH:mm:ss2026-09-05 11:09:43,019 yyyy-MM-dd HH:mm:ss2026-09-05 11:09:43,019 yyyy-MM-dd HH:mm:ss2026-09-05 11:09:43,019 yyyy-MM-dd HH:mm:ss2026-09-05 11:09:43,020 yyyy-MM-dd HH:mm:ss2026-09-05 11:09:43,021 yyyy-MM-dd HH:mm:ss2026-09-05 11:09:43,021 yyyy-MM-dd HH:mm:ss2026-09-05 11:09:43,022 yyyy-MM-dd HH:mm:ss2026-09-05 11:09:43,023 yyyy-MM-dd HH:mm:ss2026-09-05 11:09:43,023 yyyy-MM-dd HH:mm:ss2026-09-05 11:09:43,024 yyyy-MM-dd HH:mm:ss2026-09-05 11:09:43,024 yyyy-MM-dd HH:mm:ss2026-09-05 11:09:43,025 yyyy-MM-dd HH:mm:ss2026-09-05 11:09:43,025 yyyy-MM-dd HH:mm:ss2026-09-05 11:09:43,025 yyyy-MM-dd HH:mm:ss2026-09-05 11:09:43,025 yyyy-MM-dd HH:mm:ss2026-09-05 11:09:43,025 yyyy-MM-dd HH:mm:ss2026-09-05 11:09:43,025 yyyy-MM-dd HH:mm:ss2026-09-05 11:09:43,036 yyyy-MM-dd HH:mm:ss2026-09-05 11:09:43,038 yyyy-MM-dd HH:mm:ss2026-09-05 11:09:43,038 yyyy-MM-dd HH:mm:ss2026-09-05 11:09:43,038 yyyy-MM-dd HH:mm:ss2026-09-05 11:09:43,038 yyyy-MM-dd HH:mm:ss2026-09-05 11:09:43,039 yyyy-MM-dd HH:mm:ss2026-09-05 11:09:43,039 yyyy-MM-dd HH:mm:ss2026-09-05 11:09:43,039 yyyy-MM-dd HH:mm:ss2026-09-05 11:09:43,039 yyyy-MM-dd HH:mm:ss2026-09-05 11:09:43,052 yyyy-MM-dd HH:mm:ss2026-09-05 11:09:43,052 yyyy-MM-dd HH:mm:ss2026-09-05 11:09:43,052 yyyy-MM-dd HH:mm:ss2026-09-05 11:09:43,052 yyyy-MM-dd HH:mm:ss2026-09-05 11:09:43,053 yyyy-MM-dd HH:mm:ss2026-09-05 11:09:43,062 yyyy-MM-dd HH:mm:ss2026-09-05 11:09:43,063 yyyy-MM-dd HH:mm:ss2026-09-05 11:09:43,063 yyyy-MM-dd HH:mm:ss2026-09-05 11:09:43,063 yyyy-MM-dd HH:mm:ss2026-09-05 11:09:43,067 yyyy-MM-dd HH:mm:ss2026-09-05 11:09:43,069 yyyy-MM-dd HH:mm:ss2026-09-05 11:09:43,070 yyyy-MM-dd HH:mm:ss2026-09-05 11:09:43,072 yyyy-MM-dd HH:mm:ss2026-09-05 11:09:43,072 yyyy-MM-dd HH:mm:ss2026-09-05 11:09:53,171 yyyy-MM-dd HH:mm:ss2026-09-05 11:09:53,171 yyyy-MM-dd HH:mm:ss2026-09-05 11:09:53,175 yyyy-MM-dd HH:mm:ss2026-09-05 11:09:53,175 yyyy-MM-dd HH:mm:ss2026-09-05 11:09:53,222 yyyy-MM-dd HH:mm:ss2026-09-05 11:09:53,222 yyyy-MM-dd HH:mm:ss2026-09-05 11:09:53,222 yyyy-MM-dd HH:mm:ss2026-09-05 11:09:53,225 yyyy-MM-dd HH:mm:ss2026-09-05 11:09:53,226 yyyy-MM-dd HH:mm:ss2026-09-05 11:09:53,226 yyyy-MM-dd HH:mm:ss2026-09-05 11:09:53,226 yyyy-MM-dd HH:mm:ss2026-09-05 11:09:53,226 yyyy-MM-dd HH:mm:ss2026-09-05 11:09:53,232 yyyy-MM-dd HH:mm:ss2026-09-05 11:09:53,232 yyyy-MM-dd HH:mm:ss2026-09-05 11:09:53,233 yyyy-MM-dd HH:mm:ss2026-09-05 11:09:53,234 yyyy-MM-dd HH:mm:ss2026-09-05 11:09:53,234 yyyy-MM-dd HH:mm:ss2026-09-05 11:09:53,236 yyyy-MM-dd HH:mm:ss2026-09-05 11:09:53,237 yyyy-MM-dd HH:mm:ss2026-09-05 11:09:53,238 yyyy-MM-dd HH:mm:ss2026-09-05 11:09:53,239 yyyy-MM-dd HH:mm:ss2026-09-05 11:09:53,240 yyyy-MM-dd HH:mm:ss2026-09-05 11:09:53,241 yyyy-MM-dd HH:mm:ss2026-09-05 11:09:53,242 yyyy-MM-dd HH:mm:ss2026-09-05 11:09:53,243 yyyy-MM-dd HH:mm:ss2026-09-05 11:09:53,244 yyyy-MM-dd HH:mm:ss2026-09-05 11:09:53,245 yyyy-MM-dd HH:mm:ss2026-09-05 11:09:53,246 yyyy-MM-dd HH:mm:ss2026-09-05 11:09:53,246 yyyy-MM-dd HH:mm:ss2026-09-05 11:09:53,247 yyyy-MM-dd HH:mm:ss2026-09-05 11:10:02,674 yyyy-MM-dd HH:mm:ss2026-09-05 11:10:02,682 yyyy-MM-dd HH:mm:ss2026-09-05 11:10:02,684 yyyy-MM-dd HH:mm:ss2026-09-05 11:10:02,685 yyyy-MM-dd HH:mm:ss2026-09-05 11:10:02,851 yyyy-MM-dd HH:mm:ss2026-09-05 11:10:02,851 yyyy-MM-dd HH:mm:ss2026-09-05 11:10:02,851 yyyy-MM-dd HH:mm:ss2026-09-05 11:10:02,852 yyyy-MM-dd HH:mm:ss2026-09-05 11:10:02,852 yyyy-MM-dd HH:mm:ss2026-09-05 11:10:02,857 yyyy-MM-dd HH:mm:ss2026-09-05 11:10:02,907 yyyy-MM-dd HH:mm:ss2026-09-05 11:10:02,942 yyyy-MM-dd HH:mm:ss2026-09-05 11:10:03,169 yyyy-MM-dd HH:mm:ss2026-09-05 11:10:03,179 yyyy-MM-dd HH:mm:ss2026-09-05 11:10:03,208 yyyy-MM-dd HH:mm:ss2026-09-05 11:10:03,211 yyyy-MM-dd HH:mm:ss2026-09-05 11:10:03,236 yyyy-MM-dd HH:mm:ss2026-09-05 11:10:03,244 yyyy-MM-dd HH:mm:ss2026-09-05 11:10:03,266 yyyy-MM-dd HH:mm:ss2026-09-05 11:10:03,268 yyyy-MM-dd HH:mm:ss2026-09-05 11:10:03,744 yyyy-MM-dd HH:mm:ss2026-09-05 11:10:03,745 yyyy-MM-dd HH:mm:ss2026-09-05 11:10:03,766 yyyy-MM-dd HH:mm:ss2026-09-05 11:10:03,767 yyyy-MM-dd HH:mm:ss2026-09-05 11:10:03,769 yyyy-MM-dd HH:mm:ss2026-09-05 11:10:03,769 yyyy-MM-dd HH:mm:ss2026-09-05 11:10:03,789 yyyy-MM-dd HH:mm:ss2026-09-05 11:10:03,791 yyyy-MM-dd HH:mm:ss2026-09-05 11:10:03,855 yyyy-MM-dd HH:mm:ss2026-09-05 11:10:04,077 yyyy-MM-dd HH:mm:ss2026-09-05 11:10:04,087 yyyy-MM-dd HH:mm:ss2026-09-05 11:10:04,087 yyyy-MM-dd HH:mm:ss2026-09-05 11:10:04,087 yyyy-MM-dd HH:mm:ss2026-09-05 11:10:04,087 yyyy-MM-dd HH:mm:ss2026-09-05 11:10:04,087 yyyy-MM-dd HH:mm:ss2026-09-05 11:10:05,089 yyyy-MM-dd HH:mm:ss2026-09-05 11:10:05,103 yyyy-MM-dd HH:mm:ss2026-09-05 11:10:05,118 yyyy-MM-dd HH:mm:ss2026-09-05 11:10:05,119 yyyy-MM-dd HH:mm:ss2026-09-05 11:10:05,141 yyyy-MM-dd HH:mm:ss2026-09-05 11:10:05,178 yyyy-MM-dd HH:mm:ss2026-09-05 11:10:05,178 yyyy-MM-dd HH:mm:ss2026-09-05 11:10:05,179 yyyy-MM-dd HH:mm:ss2026-09-05 11:10:05,194 yyyy-MM-dd HH:mm:ss2026-09-05 11:10:05,742 yyyy-MM-dd HH:mm:ss2026-09-05 11:10:05,752 yyyy-MM-dd HH:mm:ss2026-09-05 11:10:05,754 yyyy-MM-dd HH:mm:ss2026-09-05 11:10:05,877 yyyy-MM-dd HH:mm:ss2026-09-05 11:10:05,881 yyyy-MM-dd HH:mm:ss2026-09-05 11:10:05,882 yyyy-MM-dd HH:mm:ss2026-09-05 11:10:05,884 yyyy-MM-dd HH:mm:ss2026-09-05 11:10:05,886 yyyy-MM-dd HH:mm:ss2026-09-05 11:10:05,887 yyyy-MM-dd HH:mm:ss2026-09-05 11:10:05,901 yyyy-MM-dd HH:mm:ss2026-09-05 11:10:05,904 yyyy-MM-dd HH:mm:ss2026-09-05 11:10:05,912 yyyy-MM-dd HH:mm:ss2026-09-05 11:10:05,913 yyyy-MM-dd HH:mm:ss2026-09-05 11:10:05,914 yyyy-MM-dd HH:mm:ss2026-09-05 11:10:05,921 yyyy-MM-dd HH:mm:ss2026-09-05 11:10:05,929 yyyy-MM-dd HH:mm:ss2026-09-05 11:10:05,933 yyyy-MM-dd HH:mm:ss2026-09-05 11:10:05,955 yyyy-MM-dd HH:mm:ss2026-09-05 11:10:05,973 yyyy-MM-dd HH:mm:ss2026-09-05 11:10:05,995 yyyy-MM-dd HH:mm:ss2026-09-05 11:10:06,024 yyyy-MM-dd HH:mm:ss2026-09-05 11:10:06,026 yyyy-MM-dd HH:mm:ss2026-09-05 11:10:06,032 yyyy-MM-dd HH:mm:ss2026-09-05 11:10:06,036 yyyy-MM-dd HH:mm:ss2026-09-05 11:10:06,036 yyyy-MM-dd HH:mm:ss2026-09-05 11:10:06,076 yyyy-MM-dd HH:mm:ss2026-09-05 11:10:06,080 yyyy-MM-dd HH:mm:ss2026-09-05 11:10:06,081 yyyy-MM-dd HH:mm:ss2026-09-05 11:10:06,258 yyyy-MM-dd HH:mm:ss2026-09-05 11:10:06,260 yyyy-MM-dd HH:mm:ss2026-09-05 11:10:06,261 yyyy-MM-dd HH:mm:ss2026-09-05 11:10:06,262 yyyy-MM-dd HH:mm:ss2026-09-05 11:10:06,273 yyyy-MM-dd HH:mm:ss2026-09-05 11:10:06,275 yyyy-MM-dd HH:mm:ss2026-09-05 11:10:06,290 yyyy-MM-dd HH:mm:ss2026-09-05 11:10:06,290 yyyy-MM-dd HH:mm:ss2026-09-05 11:10:06,298 yyyy-MM-dd HH:mm:ss2026-09-05 11:10:06,307 yyyy-MM-dd HH:mm:ss2026-09-05 11:10:06,310 yyyy-MM-dd HH:mm:ss2026-09-05 11:10:06,338 yyyy-MM-dd HH:mm:ss2026-09-05 11:10:06,340 yyyy-MM-dd HH:mm:ss2026-09-05 11:10:06,344 yyyy-MM-dd HH:mm:ss2026-09-05 11:10:06,346 yyyy-MM-dd HH:mm:ss2026-09-05 11:10:06,351 yyyy-MM-dd HH:mm:ss2026-09-05 11:10:06,351 yyyy-MM-dd HH:mm:ss2026-09-05 11:10:06,353 yyyy-MM-dd HH:mm:ss2026-09-05 11:10:06,359 yyyy-MM-dd HH:mm:ss2026-09-05 11:10:06,384 yyyy-MM-dd HH:mm:ss2026-09-05 11:10:06,423 yyyy-MM-dd HH:mm:ss2026-09-05 11:10:06,424 yyyy-MM-dd HH:mm:ss2026-09-05 11:10:06,427 yyyy-MM-dd HH:mm:ss2026-09-05 11:10:06,453 yyyy-MM-dd HH:mm:ss2026-09-05 11:10:06,460 yyyy-MM-dd HH:mm:ss2026-09-05 11:10:06,460 yyyy-MM-dd HH:mm:ss2026-09-05 11:10:06,463 yyyy-MM-dd HH:mm:ss2026-09-05 11:10:06,465 yyyy-MM-dd HH:mm:ss2026-09-05 11:10:06,466 yyyy-MM-dd HH:mm:ss2026-09-05 11:10:06,472 yyyy-MM-dd HH:mm:ss2026-09-05 11:10:06,473 yyyy-MM-dd HH:mm:ss2026-09-05 11:10:06,475 yyyy-MM-dd HH:mm:ss2026-09-05 11:10:06,489 yyyy-MM-dd HH:mm:ss2026-09-05 11:10:06,490 yyyy-MM-dd HH:mm:ss2026-09-05 11:10:06,491 yyyy-MM-dd HH:mm:ss2026-09-05 11:10:06,492 yyyy-MM-dd HH:mm:ss2026-09-05 11:10:06,498 yyyy-MM-dd HH:mm:ss2026-09-05 11:10:06,525 yyyy-MM-dd HH:mm:ss2026-09-05 11:10:06,525 yyyy-MM-dd HH:mm:ss2026-09-05 11:10:06,525 yyyy-MM-dd HH:mm:ss2026-09-05 11:10:06,525 yyyy-MM-dd HH:mm:ss2026-09-05 11:10:06,530 yyyy-MM-dd HH:mm:ss2026-09-05 11:10:06,531 yyyy-MM-dd HH:mm:ss2026-09-05 11:10:06,593 yyyy-MM-dd HH:mm:ss2026-09-05 11:10:06,593 yyyy-MM-dd HH:mm:ss2026-09-05 11:10:06,595 yyyy-MM-dd HH:mm:ss2026-09-05 11:10:06,597 yyyy-MM-dd HH:mm:ss2026-09-05 11:10:06,597 yyyy-MM-dd HH:mm:ss2026-09-05 11:10:06,599 yyyy-MM-dd HH:mm:ss2026-09-05 11:10:06,599 yyyy-MM-dd HH:mm:ss2026-09-05 11:10:06,601 yyyy-MM-dd HH:mm:ss2026-09-05 11:10:06,609 yyyy-MM-dd HH:mm:ss2026-09-05 11:10:06,633 yyyy-MM-dd HH:mm:ss2026-09-05 11:10:06,633 yyyy-MM-dd HH:mm:ss2026-09-05 11:10:06,637 yyyy-MM-dd HH:mm:ss2026-09-05 11:10:06,637 yyyy-MM-dd HH:mm:ss2026-09-05 11:10:06,639 yyyy-MM-dd HH:mm:ss2026-09-05 11:10:06,646 yyyy-MM-dd HH:mm:ss2026-09-05 11:10:06,654 yyyy-MM-dd HH:mm:ss2026-09-05 11:10:06,815 yyyy-MM-dd HH:mm:ss2026-09-05 11:10:06,815 yyyy-MM-dd HH:mm:ss2026-09-05 11:10:06,816 yyyy-MM-dd HH:mm:ss2026-09-05 11:10:06,923 yyyy-MM-dd HH:mm:ss2026-09-05 11:10:06,951 yyyy-MM-dd HH:mm:ss2026-09-05 11:10:06,955 yyyy-MM-dd HH:mm:ss2026-09-05 11:10:06,955 yyyy-MM-dd HH:mm:ss2026-09-05 11:10:07,095 yyyy-MM-dd HH:mm:ss2026-09-05 11:10:07,097 yyyy-MM-dd HH:mm:ss2026-09-05 11:10:07,105 yyyy-MM-dd HH:mm:ss2026-09-05 11:10:07,105 yyyy-MM-dd HH:mm:ss2026-09-05 11:10:07,107 yyyy-MM-dd HH:mm:ss2026-09-05 11:10:07,108 yyyy-MM-dd HH:mm:ss2026-09-05 11:10:07,115 yyyy-MM-dd HH:mm:ss2026-09-05 11:10:07,117 yyyy-MM-dd HH:mm:ss2026-09-05 11:10:07,123 yyyy-MM-dd HH:mm:ss2026-09-05 11:10:07,133 yyyy-MM-dd HH:mm:ss2026-09-05 11:10:07,133 yyyy-MM-dd HH:mm:ss2026-09-05 11:10:07,140 yyyy-MM-dd HH:mm:ss2026-09-05 11:10:07,141 yyyy-MM-dd HH:mm:ss2026-09-05 11:10:07,145 yyyy-MM-dd HH:mm:ss2026-09-05 11:10:07,150 yyyy-MM-dd HH:mm:ss2026-09-05 11:10:07,150 yyyy-MM-dd HH:mm:ss2026-09-05 11:10:07,153 yyyy-MM-dd HH:mm:ss2026-09-05 11:10:07,153 yyyy-MM-dd HH:mm:ss2026-09-05 11:10:07,155 yyyy-MM-dd HH:mm:ss2026-09-05 11:10:07,156 yyyy-MM-dd HH:mm:ss2026-09-05 11:10:07,158 yyyy-MM-dd HH:mm:ss2026-09-05 11:10:07,165 yyyy-MM-dd HH:mm:ss2026-09-05 11:10:07,166 yyyy-MM-dd HH:mm:ss2026-09-05 11:10:07,178 yyyy-MM-dd HH:mm:ss2026-09-05 11:10:07,207 yyyy-MM-dd HH:mm:ss2026-09-05 11:10:07,208 yyyy-MM-dd HH:mm:ss2026-09-05 11:10:07,213 yyyy-MM-dd HH:mm:ss2026-09-05 11:10:07,213 yyyy-MM-dd HH:mm:ss2026-09-05 11:10:07,216 yyyy-MM-dd HH:mm:ss2026-09-05 11:10:07,216 yyyy-MM-dd HH:mm:ss2026-09-05 11:10:07,232 yyyy-MM-dd HH:mm:ss2026-09-05 11:10:07,233 yyyy-MM-dd HH:mm:ss2026-09-05 11:10:07,250 yyyy-MM-dd HH:mm:ss2026-09-05 11:10:07,250 yyyy-MM-dd HH:mm:ss2026-09-05 11:10:07,251 yyyy-MM-dd HH:mm:ss2026-09-05 11:10:07,256 yyyy-MM-dd HH:mm:ss2026-09-05 11:10:07,257 yyyy-MM-dd HH:mm:ss2026-09-05 11:10:07,258 yyyy-MM-dd HH:mm:ss2026-09-05 11:10:07,263 yyyy-MM-dd HH:mm:ss2026-09-05 11:10:07,263 yyyy-MM-dd HH:mm:ss2026-09-05 11:10:07,265 yyyy-MM-dd HH:mm:ss2026-09-05 11:10:07,265 yyyy-MM-dd HH:mm:ss2026-09-05 11:10:07,269 yyyy-MM-dd HH:mm:ss2026-09-05 11:10:07,269 yyyy-MM-dd HH:mm:ss2026-09-05 11:10:07,271 yyyy-MM-dd HH:mm:ss2026-09-05 11:10:07,282 yyyy-MM-dd HH:mm:ss2026-09-05 11:10:07,282 yyyy-MM-dd HH:mm:ss2026-09-05 11:10:07,283 yyyy-MM-dd HH:mm:ss2026-09-05 11:10:07,284 yyyy-MM-dd HH:mm:ss2026-09-05 11:10:07,284 yyyy-MM-dd HH:mm:ss2026-09-05 11:10:07,284 yyyy-MM-dd HH:mm:ss2026-09-05 11:10:07,284 yyyy-MM-dd HH:mm:ss2026-09-05 11:10:07,315 yyyy-MM-dd HH:mm:ss2026-09-05 11:10:07,320 yyyy-MM-dd HH:mm:ss2026-09-05 11:10:07,320 yyyy-MM-dd HH:mm:ss2026-09-05 11:10:07,327 yyyy-MM-dd HH:mm:ss2026-09-05 11:10:07,328 yyyy-MM-dd HH:mm:ss2026-09-05 11:10:07,330 yyyy-MM-dd HH:mm:ss2026-09-05 11:10:07,333 yyyy-MM-dd HH:mm:ss2026-09-05 11:10:07,347 yyyy-MM-dd HH:mm:ss2026-09-05 11:10:07,347 yyyy-MM-dd HH:mm:ss2026-09-05 11:10:07,396 yyyy-MM-dd HH:mm:ss2026-09-05 11:10:07,401 yyyy-MM-dd HH:mm:ss2026-09-05 11:10:07,401 yyyy-MM-dd HH:mm:ss2026-09-05 11:10:07,401 yyyy-MM-dd HH:mm:ss2026-09-05 11:10:07,419 yyyy-MM-dd HH:mm:ss2026-09-05 11:10:07,419 yyyy-MM-dd HH:mm:ss2026-09-05 11:10:07,421 yyyy-MM-dd HH:mm:ss2026-09-05 11:10:07,421 yyyy-MM-dd HH:mm:ss2026-09-05 11:10:07,424 yyyy-MM-dd HH:mm:ss2026-09-05 11:10:07,427 yyyy-MM-dd HH:mm:ss2026-09-05 11:10:07,433 yyyy-MM-dd HH:mm:ss2026-09-05 11:10:07,443 yyyy-MM-dd HH:mm:ss2026-09-05 11:10:07,449 yyyy-MM-dd HH:mm:ss2026-09-05 11:10:07,449 yyyy-MM-dd HH:mm:ss2026-09-05 11:10:07,450 yyyy-MM-dd HH:mm:ss2026-09-05 11:10:07,450 yyyy-MM-dd HH:mm:ss2026-09-05 11:10:07,451 yyyy-MM-dd HH:mm:ss2026-09-05 11:10:07,463 yyyy-MM-dd HH:mm:ss2026-09-05 11:10:07,464 yyyy-MM-dd HH:mm:ss2026-09-05 11:10:07,465 yyyy-MM-dd HH:mm:ss2026-09-05 11:10:07,466 yyyy-MM-dd HH:mm:ss2026-09-05 11:10:07,467 yyyy-MM-dd HH:mm:ss2026-09-05 11:10:07,467 yyyy-MM-dd HH:mm:ss2026-09-05 11:10:07,474 yyyy-MM-dd HH:mm:ss2026-09-05 11:10:07,504 yyyy-MM-dd HH:mm:ss2026-09-05 11:10:07,504 yyyy-MM-dd HH:mm:ss2026-09-05 11:10:07,505 yyyy-MM-dd HH:mm:ss2026-09-05 11:10:07,506 yyyy-MM-dd HH:mm:ss2026-09-05 11:10:07,507 yyyy-MM-dd HH:mm:ss2026-09-05 11:10:07,512 yyyy-MM-dd HH:mm:ss2026-09-05 11:10:07,512 yyyy-MM-dd HH:mm:ss2026-09-05 11:10:07,520 yyyy-MM-dd HH:mm:ss2026-09-05 11:10:07,522 yyyy-MM-dd HH:mm:ss2026-09-05 11:10:07,523 yyyy-MM-dd HH:mm:ss2026-09-05 11:10:07,525 yyyy-MM-dd HH:mm:ss2026-09-05 11:10:07,531 yyyy-MM-dd HH:mm:ss2026-09-05 11:10:07,535 yyyy-MM-dd HH:mm:ss2026-09-05 11:10:07,535 yyyy-MM-dd HH:mm:ss2026-09-05 11:10:07,535 yyyy-MM-dd HH:mm:ss2026-09-05 11:10:07,542 yyyy-MM-dd HH:mm:ss2026-09-05 11:10:07,542 yyyy-MM-dd HH:mm:ss2026-09-05 11:10:07,550 yyyy-MM-dd HH:mm:ss2026-09-05 11:10:07,551 yyyy-MM-dd HH:mm:ss2026-09-05 11:10:07,622 yyyy-MM-dd HH:mm:ss2026-09-05 11:10:07,622 yyyy-MM-dd HH:mm:ss2026-09-05 11:10:07,631 yyyy-MM-dd HH:mm:ss2026-09-05 11:10:07,633 yyyy-MM-dd HH:mm:ss2026-09-05 11:10:07,634 yyyy-MM-dd HH:mm:ss2026-09-05 11:10:07,655 yyyy-MM-dd HH:mm:ss2026-09-05 11:10:07,655 yyyy-MM-dd HH:mm:ss2026-09-05 11:10:07,699 yyyy-MM-dd HH:mm:ss2026-09-05 11:10:07,714 yyyy-MM-dd HH:mm:ss2026-09-05 11:10:07,782 yyyy-MM-dd HH:mm:ss2026-09-05 11:10:07,787 yyyy-MM-dd HH:mm:ss2026-09-05 11:10:07,803 yyyy-MM-dd HH:mm:ss2026-09-05 11:10:07,903 yyyy-MM-dd HH:mm:ss2026-09-05 11:10:07,906 yyyy-MM-dd HH:mm:ss2026-09-05 11:10:07,955 yyyy-MM-dd HH:mm:ss2026-09-05 11:10:07,960 yyyy-MM-dd HH:mm:ss2026-09-05 11:10:07,961 yyyy-MM-dd HH:mm:ss2026-09-05 11:10:08,602 yyyy-MM-dd HH:mm:ss2026-09-05 11:10:09,248 yyyy-MM-dd HH:mm:ss2026-09-05 11:10:09,349 yyyy-MM-dd HH:mm:ss2026-09-05 11:10:09,354 yyyy-MM-dd HH:mm:ss2026-09-05 11:10:09,355 yyyy-MM-dd HH:mm:ss2026-09-05 11:10:09,356 yyyy-MM-dd HH:mm:ss2026-09-05 11:10:09,356 yyyy-MM-dd HH:mm:ss2026-09-05 11:10:09,357 yyyy-MM-dd HH:mm:ss2026-09-05 11:10:09,360 yyyy-MM-dd HH:mm:ss2026-09-05 11:10:09,361 yyyy-MM-dd HH:mm:ss2026-09-05 11:10:09,362 yyyy-MM-dd HH:mm:ss2026-09-05 11:10:09,363 yyyy-MM-dd HH:mm:ss2026-09-05 11:10:09,363 yyyy-MM-dd HH:mm:ss2026-09-05 11:10:09,364 yyyy-MM-dd HH:mm:ss2026-09-05 11:10:09,365 yyyy-MM-dd HH:mm:ss2026-09-05 11:10:09,366 yyyy-MM-dd HH:mm:ss2026-09-05 11:10:09,368 yyyy-MM-dd HH:mm:ss2026-09-05 11:10:09,369 yyyy-MM-dd HH:mm:ss2026-09-05 11:10:09,369 yyyy-MM-dd HH:mm:ss2026-09-05 11:10:09,369 yyyy-MM-dd HH:mm:ss2026-09-05 11:10:09,370 yyyy-MM-dd HH:mm:ss2026-09-05 11:10:09,370 yyyy-MM-dd HH:mm:ss2026-09-05 11:10:09,370 yyyy-MM-dd HH:mm:ss2026-09-05 11:10:09,371 yyyy-MM-dd HH:mm:ss2026-09-05 11:10:09,372 yyyy-MM-dd HH:mm:ss2026-09-05 11:10:09,372 yyyy-MM-dd HH:mm:ss2026-09-05 11:10:09,373 yyyy-MM-dd HH:mm:ss2026-09-05 11:10:09,373 yyyy-MM-dd HH:mm:ss2026-09-05 11:10:09,373 yyyy-MM-dd HH:mm:ss2026-09-05 11:10:09,373 yyyy-MM-dd HH:mm:ss2026-09-05 11:10:09,374 yyyy-MM-dd HH:mm:ss2026-09-05 11:10:09,374 yyyy-MM-dd HH:mm:ss2026-09-05 11:10:09,374 yyyy-MM-dd HH:mm:ss2026-09-05 11:10:09,375 yyyy-MM-dd HH:mm:ss2026-09-05 11:10:09,375 yyyy-MM-dd HH:mm:ss2026-09-05 11:10:09,375 yyyy-MM-dd HH:mm:ss2026-09-05 11:10:09,375 yyyy-MM-dd HH:mm:ss2026-09-05 11:10:09,375 yyyy-MM-dd HH:mm:ss2026-09-05 11:10:09,376 yyyy-MM-dd HH:mm:ss2026-09-05 11:10:09,376 yyyy-MM-dd HH:mm:ss2026-09-05 11:10:09,376 yyyy-MM-dd HH:mm:ss2026-09-05 11:10:09,377 yyyy-MM-dd HH:mm:ss2026-09-05 11:10:09,378 yyyy-MM-dd HH:mm:ss2026-09-05 11:10:09,442 yyyy-MM-dd HH:mm:ss2026-09-05 11:10:10,027 yyyy-MM-dd HH:mm:ss2026-09-05 11:10:10,031 yyyy-MM-dd HH:mm:ss2026-09-05 11:10:10,036 yyyy-MM-dd HH:mm:ss2026-09-05 11:10:10,051 yyyy-MM-dd HH:mm:ss2026-09-05 11:10:10,051 yyyy-MM-dd HH:mm:ss2026-09-05 11:10:10,141 yyyy-MM-dd HH:mm:ss2026-09-05 11:10:10,146 yyyy-MM-dd HH:mm:ss2026-09-05 11:10:10,165 yyyy-MM-dd HH:mm:ss2026-09-05 11:10:10,165 yyyy-MM-dd HH:mm:ss2026-09-05 11:10:10,204 yyyy-MM-dd HH:mm:ss2026-09-05 11:10:10,205 yyyy-MM-dd HH:mm:ss2026-09-05 11:10:10,223 yyyy-MM-dd HH:mm:ss2026-09-05 11:10:10,224 yyyy-MM-dd HH:mm:ss2026-09-05 11:10:10,265 yyyy-MM-dd HH:mm:ss2026-09-05 11:10:10,266 yyyy-MM-dd HH:mm:ss2026-09-05 11:10:10,277 yyyy-MM-dd HH:mm:ss2026-09-05 11:10:10,277 yyyy-MM-dd HH:mm:ss2026-09-05 11:10:10,283 yyyy-MM-dd HH:mm:ss2026-09-05 11:10:10,291 yyyy-MM-dd HH:mm:ss2026-09-05 11:10:10,312 yyyy-MM-dd HH:mm:ss2026-09-05 11:10:10,312 yyyy-MM-dd HH:mm:ss2026-09-05 11:10:10,316 yyyy-MM-dd HH:mm:ss2026-09-05 11:10:10,325 yyyy-MM-dd HH:mm:ss2026-09-05 11:10:10,325 yyyy-MM-dd HH:mm:ss2026-09-05 11:10:10,340 yyyy-MM-dd HH:mm:ss2026-09-05 11:10:10,359 yyyy-MM-dd HH:mm:ss2026-09-05 11:10:10,360 yyyy-MM-dd HH:mm:ss2026-09-05 11:10:10,373 yyyy-MM-dd HH:mm:ss2026-09-05 11:10:10,373 yyyy-MM-dd HH:mm:ss2026-09-05 11:10:10,407 yyyy-MM-dd HH:mm:ss2026-09-05 11:10:10,407 yyyy-MM-dd HH:mm:ss2026-09-05 11:10:10,420 yyyy-MM-dd HH:mm:ss2026-09-05 11:10:10,421 yyyy-MM-dd HH:mm:ss2026-09-05 11:10:10,455 yyyy-MM-dd HH:mm:ss2026-09-05 11:10:10,455 yyyy-MM-dd HH:mm:ss2026-09-05 11:10:10,467 yyyy-MM-dd HH:mm:ss2026-09-05 11:10:10,468 yyyy-MM-dd HH:mm:ss2026-09-05 11:10:10,512 yyyy-MM-dd HH:mm:ss2026-09-05 11:10:10,514 yyyy-MM-dd HH:mm:ss2026-09-05 11:10:10,529 yyyy-MM-dd HH:mm:ss2026-09-05 11:10:10,530 yyyy-MM-dd HH:mm:ss2026-09-05 11:10:10,564 yyyy-MM-dd HH:mm:ss2026-09-05 11:10:10,573 yyyy-MM-dd HH:mm:ss2026-09-05 11:10:10,588 yyyy-MM-dd HH:mm:ss2026-09-05 11:10:10,588 yyyy-MM-dd HH:mm:ss2026-09-05 11:10:10,628 yyyy-MM-dd HH:mm:ss2026-09-05 11:10:10,628 yyyy-MM-dd HH:mm:ss2026-09-05 11:10:11,052 yyyy-MM-dd HH:mm:ss2026-09-05 11:10:11,067 yyyy-MM-dd HH:mm:ss2026-09-05 11:10:11,070 yyyy-MM-dd HH:mm:ss2026-09-05 11:10:11,256 yyyy-MM-dd HH:mm:ss2026-09-05 11:10:11,258 yyyy-MM-dd HH:mm:ss2026-09-05 11:10:11,260 yyyy-MM-dd HH:mm:ss2026-09-05 11:10:11,457 yyyy-MM-dd HH:mm:ss2026-09-05 11:10:11,488 yyyy-MM-dd HH:mm:ss2026-09-05 11:10:11,488 yyyy-MM-dd HH:mm:ss2026-09-05 11:10:11,488 yyyy-MM-dd HH:mm:ss2026-09-05 11:10:11,489 yyyy-MM-dd HH:mm:ss2026-09-05 11:10:11,489 yyyy-MM-dd HH:mm:ss2026-09-05 11:10:11,489 yyyy-MM-dd HH:mm:ss2026-09-05 11:10:11,491 yyyy-MM-dd HH:mm:ss2026-09-05 11:10:11,494 yyyy-MM-dd HH:mm:ss2026-09-05 11:10:11,495 yyyy-MM-dd HH:mm:ss2026-09-05 11:10:11,495 yyyy-MM-dd HH:mm:ss2026-09-05 11:10:11,496 yyyy-MM-dd HH:mm:ss2026-09-05 11:10:11,496 yyyy-MM-dd HH:mm:ss2026-09-05 11:10:11,496 yyyy-MM-dd HH:mm:ss2026-09-05 11:10:11,885 yyyy-MM-dd HH:mm:ss2026-09-05 11:10:12,876 yyyy-MM-dd HH:mm:ss2026-09-05 11:10:13,490 yyyy-MM-dd HH:mm:ss2026-09-05 11:10:13,506 yyyy-MM-dd HH:mm:ss2026-09-05 11:10:13,554 yyyy-MM-dd HH:mm:ss2026-09-05 11:10:13,592 yyyy-MM-dd HH:mm:ss2026-09-05 11:10:13,618 yyyy-MM-dd HH:mm:ss2026-09-05 11:10:13,713 yyyy-MM-dd HH:mm:ss2026-09-05 11:10:13,759 yyyy-MM-dd HH:mm:ss2026-09-05 11:10:13,805 yyyy-MM-dd HH:mm:ss2026-09-05 11:10:13,852 yyyy-MM-dd HH:mm:ss2026-09-05 11:10:13,890 yyyy-MM-dd HH:mm:ss2026-09-05 11:10:14,018 yyyy-MM-dd HH:mm:ss2026-09-05 11:10:14,020 yyyy-MM-dd HH:mm:ss2026-09-05 11:10:14,130 yyyy-MM-dd HH:mm:ss2026-09-05 11:10:14,133 yyyy-MM-dd HH:mm:ss2026-09-05 11:10:14,145 yyyy-MM-dd HH:mm:ss2026-09-05 11:10:14,159 yyyy-MM-dd HH:mm:ss2026-09-05 11:10:14,160 yyyy-MM-dd HH:mm:ss2026-09-05 11:10:14,168 yyyy-MM-dd HH:mm:ss2026-09-05 11:10:14,782 yyyy-MM-dd HH:mm:ss2026-09-05 11:10:14,784 yyyy-MM-dd HH:mm:ss2026-09-05 11:10:14,786 yyyy-MM-dd HH:mm:ss2026-09-05 11:10:14,801 yyyy-MM-dd HH:mm:ss2026-09-05 11:10:14,809 yyyy-MM-dd HH:mm:ss2026-09-05 11:10:14,811 yyyy-MM-dd HH:mm:ss2026-09-05 11:10:14,833 yyyy-MM-dd HH:mm:ss2026-09-05 11:10:14,841 yyyy-MM-dd HH:mm:ss2026-09-05 11:10:14,850 yyyy-MM-dd HH:mm:ss2026-09-05 11:10:14,882 yyyy-MM-dd HH:mm:ss2026-09-05 11:10:14,883 yyyy-MM-dd HH:mm:ss2026-09-05 11:10:14,933 yyyy-MM-dd HH:mm:ss2026-09-05 11:10:14,994 yyyy-MM-dd HH:mm:ss2026-09-05 11:10:15,023 yyyy-MM-dd HH:mm:ss2026-09-05 11:10:15,024 yyyy-MM-dd HH:mm:ss2026-09-05 11:10:15,025 yyyy-MM-dd HH:mm:ss2026-09-05 11:10:15,031 yyyy-MM-dd HH:mm:ss2026-09-05 11:10:15,033 yyyy-MM-dd HH:mm:ss2026-09-05 11:10:15,037 yyyy-MM-dd HH:mm:ss2026-09-05 11:10:15,074 yyyy-MM-dd HH:mm:ss2026-09-05 11:10:15,144 yyyy-MM-dd HH:mm:ss2026-09-05 11:10:15,240 yyyy-MM-dd HH:mm:ss2026-09-05 11:10:15,250 yyyy-MM-dd HH:mm:ss2026-09-05 11:10:15,306 yyyy-MM-dd HH:mm:ss2026-09-05 11:10:15,307 yyyy-MM-dd HH:mm:ss2026-09-05 11:10:15,308 yyyy-MM-dd HH:mm:ss2026-09-05 11:10:15,310 yyyy-MM-dd HH:mm:ss2026-09-05 11:10:15,315 yyyy-MM-dd HH:mm:ss2026-09-05 11:10:15,362 yyyy-MM-dd HH:mm:ss2026-09-05 11:10:15,369 yyyy-MM-dd HH:mm:ss2026-09-05 11:10:15,372 yyyy-MM-dd HH:mm:ss2026-09-05 11:10:15,374 yyyy-MM-dd HH:mm:ss2026-09-05 11:10:15,375 yyyy-MM-dd HH:mm:ss2026-09-05 11:10:15,379 yyyy-MM-dd HH:mm:ss2026-09-05 11:10:15,382 yyyy-MM-dd HH:mm:ss2026-09-05 11:10:15,388 yyyy-MM-dd HH:mm:ss2026-09-05 11:10:15,389 yyyy-MM-dd HH:mm:ss2026-09-05 11:10:15,390 yyyy-MM-dd HH:mm:ss2026-09-05 11:10:15,393 yyyy-MM-dd HH:mm:ss2026-09-05 11:10:15,394 yyyy-MM-dd HH:mm:ss2026-09-05 11:10:15,397 yyyy-MM-dd HH:mm:ss2026-09-05 11:10:15,399 yyyy-MM-dd HH:mm:ss2026-09-05 11:10:15,401 yyyy-MM-dd HH:mm:ss2026-09-05 11:10:15,411 yyyy-MM-dd HH:mm:ss2026-09-05 11:10:15,420 yyyy-MM-dd HH:mm:ss2026-09-05 11:10:15,422 yyyy-MM-dd HH:mm:ss2026-09-05 11:10:15,426 yyyy-MM-dd HH:mm:ss2026-09-05 11:10:15,427 yyyy-MM-dd HH:mm:ss2026-09-05 11:10:15,427 yyyy-MM-dd HH:mm:ss2026-09-05 11:10:15,427 yyyy-MM-dd HH:mm:ss2026-09-05 11:10:15,428 yyyy-MM-dd HH:mm:ss2026-09-05 11:10:15,428 yyyy-MM-dd HH:mm:ss2026-09-05 11:10:15,428 yyyy-MM-dd HH:mm:ss2026-09-05 11:10:15,432 yyyy-MM-dd HH:mm:ss2026-09-05 11:10:15,434 yyyy-MM-dd HH:mm:ss2026-09-05 11:10:15,435 yyyy-MM-dd HH:mm:ss2026-09-05 11:10:15,435 yyyy-MM-dd HH:mm:ss2026-09-05 11:10:15,436 yyyy-MM-dd HH:mm:ss2026-09-05 11:10:15,437 yyyy-MM-dd HH:mm:ss2026-09-05 11:10:15,442 yyyy-MM-dd HH:mm:ss2026-09-05 11:10:15,447 yyyy-MM-dd HH:mm:ss2026-09-05 11:10:15,448 yyyy-MM-dd HH:mm:ss2026-09-05 11:10:15,453 yyyy-MM-dd HH:mm:ss2026-09-05 11:10:15,455 yyyy-MM-dd HH:mm:ss2026-09-05 11:10:15,455 yyyy-MM-dd HH:mm:ss2026-09-05 11:10:15,456 yyyy-MM-dd HH:mm:ss2026-09-05 11:10:15,462 yyyy-MM-dd HH:mm:ss2026-09-05 11:10:15,467 yyyy-MM-dd HH:mm:ss2026-09-05 11:10:15,468 yyyy-MM-dd HH:mm:ss2026-09-05 11:10:15,474 yyyy-MM-dd HH:mm:ss2026-09-05 11:10:15,478 yyyy-MM-dd HH:mm:ss2026-09-05 11:10:15,479 yyyy-MM-dd HH:mm:ss2026-09-05 11:10:15,479 yyyy-MM-dd HH:mm:ss2026-09-05 11:10:15,490 yyyy-MM-dd HH:mm:ss2026-09-05 11:10:15,493 yyyy-MM-dd HH:mm:ss2026-09-05 11:10:15,493 yyyy-MM-dd HH:mm:ss2026-09-05 11:10:15,493 yyyy-MM-dd HH:mm:ss2026-09-05 11:10:15,498 yyyy-MM-dd HH:mm:ss2026-09-05 11:10:15,499 yyyy-MM-dd HH:mm:ss2026-09-05 11:10:15,500 yyyy-MM-dd HH:mm:ss2026-09-05 11:10:15,505 yyyy-MM-dd HH:mm:ss2026-09-05 11:10:15,506 yyyy-MM-dd HH:mm:ss2026-09-05 11:10:15,509 yyyy-MM-dd HH:mm:ss2026-09-05 11:10:15,510 yyyy-MM-dd HH:mm:ss2026-09-05 11:10:15,512 yyyy-MM-dd HH:mm:ss2026-09-05 11:10:15,516 yyyy-MM-dd HH:mm:ss2026-09-05 11:10:15,516 yyyy-MM-dd HH:mm:ss2026-09-05 11:10:15,522 yyyy-MM-dd HH:mm:ss2026-09-05 11:10:15,525 yyyy-MM-dd HH:mm:ss2026-09-05 11:10:15,527 yyyy-MM-dd HH:mm:ss2026-09-05 11:10:15,527 yyyy-MM-dd HH:mm:ss2026-09-05 11:10:15,533 yyyy-MM-dd HH:mm:ss2026-09-05 11:10:15,535 yyyy-MM-dd HH:mm:ss2026-09-05 11:10:15,538 yyyy-MM-dd HH:mm:ss2026-09-05 11:10:15,539 yyyy-MM-dd HH:mm:ss2026-09-05 11:10:15,545 yyyy-MM-dd HH:mm:ss2026-09-05 11:10:15,550 yyyy-MM-dd HH:mm:ss2026-09-05 11:10:15,551 yyyy-MM-dd HH:mm:ss2026-09-05 11:10:15,590 yyyy-MM-dd HH:mm:ss2026-09-05 11:10:15,597 yyyy-MM-dd HH:mm:ss2026-09-05 11:10:15,597 yyyy-MM-dd HH:mm:ss2026-09-05 11:10:15,598 yyyy-MM-dd HH:mm:ss2026-09-05 11:10:15,632 yyyy-MM-dd HH:mm:ss2026-09-05 11:10:15,633 yyyy-MM-dd HH:mm:ss2026-09-05 11:10:15,633 yyyy-MM-dd HH:mm:ss2026-09-05 11:10:15,633 yyyy-MM-dd HH:mm:ss2026-09-05 11:10:15,640 yyyy-MM-dd HH:mm:ss2026-09-05 11:10:15,644 yyyy-MM-dd HH:mm:ss2026-09-05 11:10:15,652 yyyy-MM-dd HH:mm:ss2026-09-05 11:10:15,657 yyyy-MM-dd HH:mm:ss2026-09-05 11:10:15,662 yyyy-MM-dd HH:mm:ss2026-09-05 11:10:15,665 yyyy-MM-dd HH:mm:ss2026-09-05 11:10:15,671 yyyy-MM-dd HH:mm:ss2026-09-05 11:10:15,672 yyyy-MM-dd HH:mm:ss2026-09-05 11:10:15,674 yyyy-MM-dd HH:mm:ss2026-09-05 11:10:15,676 yyyy-MM-dd HH:mm:ss2026-09-05 11:10:15,679 yyyy-MM-dd HH:mm:ss2026-09-05 11:10:15,679 yyyy-MM-dd HH:mm:ss2026-09-05 11:10:15,683 yyyy-MM-dd HH:mm:ss2026-09-05 11:10:15,683 yyyy-MM-dd HH:mm:ss2026-09-05 11:10:15,687 yyyy-MM-dd HH:mm:ss2026-09-05 11:10:15,688 yyyy-MM-dd HH:mm:ss2026-09-05 11:10:15,690 yyyy-MM-dd HH:mm:ss2026-09-05 11:10:15,691 yyyy-MM-dd HH:mm:ss2026-09-05 11:10:15,692 yyyy-MM-dd HH:mm:ss2026-09-05 11:10:15,709 yyyy-MM-dd HH:mm:ss2026-09-05 11:10:15,715 yyyy-MM-dd HH:mm:ss2026-09-05 11:10:15,719 yyyy-MM-dd HH:mm:ss2026-09-05 11:10:15,720 yyyy-MM-dd HH:mm:ss2026-09-05 11:10:15,722 yyyy-MM-dd HH:mm:ss2026-09-05 11:10:15,722 yyyy-MM-dd HH:mm:ss2026-09-05 11:10:15,723 yyyy-MM-dd HH:mm:ss2026-09-05 11:10:15,726 yyyy-MM-dd HH:mm:ss2026-09-05 11:10:15,751 yyyy-MM-dd HH:mm:ss2026-09-05 11:10:15,755 yyyy-MM-dd HH:mm:ss2026-09-05 11:10:15,755 yyyy-MM-dd HH:mm:ss2026-09-05 11:10:15,757 yyyy-MM-dd HH:mm:ss2026-09-05 11:10:15,758 yyyy-MM-dd HH:mm:ss2026-09-05 11:10:15,786 yyyy-MM-dd HH:mm:ss2026-09-05 11:10:15,786 yyyy-MM-dd HH:mm:ss2026-09-05 11:10:15,789 yyyy-MM-dd HH:mm:ss2026-09-05 11:10:15,801 yyyy-MM-dd HH:mm:ss2026-09-05 11:10:15,804 yyyy-MM-dd HH:mm:ss2026-09-05 11:10:15,806 yyyy-MM-dd HH:mm:ss2026-09-05 11:10:15,831 yyyy-MM-dd HH:mm:ss2026-09-05 11:10:15,831 yyyy-MM-dd HH:mm:ss2026-09-05 11:10:15,831 yyyy-MM-dd HH:mm:ss2026-09-05 11:10:15,853 yyyy-MM-dd HH:mm:ss2026-09-05 11:10:15,884 yyyy-MM-dd HH:mm:ss2026-09-05 11:10:15,887 yyyy-MM-dd HH:mm:ss2026-09-05 11:10:15,887 yyyy-MM-dd HH:mm:ss2026-09-05 11:10:15,922 yyyy-MM-dd HH:mm:ss2026-09-05 11:10:15,954 yyyy-MM-dd HH:mm:ss2026-09-05 11:10:15,954 yyyy-MM-dd HH:mm:ss2026-09-05 11:10:15,954 yyyy-MM-dd HH:mm:ss2026-09-05 11:10:15,954 yyyy-MM-dd HH:mm:ss2026-09-05 11:10:16,069 yyyy-MM-dd HH:mm:ss2026-09-05 11:10:16,086 yyyy-MM-dd HH:mm:ss2026-09-05 11:10:16,104 yyyy-MM-dd HH:mm:ss2026-09-05 11:10:16,114 yyyy-MM-dd HH:mm:ss2026-09-05 11:10:16,128 yyyy-MM-dd HH:mm:ss2026-09-05 11:10:16,130 yyyy-MM-dd HH:mm:ss2026-09-05 11:10:16,132 yyyy-MM-dd HH:mm:ss2026-09-05 11:10:16,134 yyyy-MM-dd HH:mm:ss2026-09-05 11:10:16,137 yyyy-MM-dd HH:mm:ss2026-09-05 11:10:16,137 yyyy-MM-dd HH:mm:ss2026-09-05 11:10:16,139 yyyy-MM-dd HH:mm:ss2026-09-05 11:10:16,140 yyyy-MM-dd HH:mm:ss2026-09-05 11:10:16,140 yyyy-MM-dd HH:mm:ss2026-09-05 11:10:16,146 yyyy-MM-dd HH:mm:ss2026-09-05 11:10:16,153 yyyy-MM-dd HH:mm:ss2026-09-05 11:10:16,155 yyyy-MM-dd HH:mm:ss2026-09-05 11:10:16,155 yyyy-MM-dd HH:mm:ss2026-09-05 11:10:16,155 yyyy-MM-dd HH:mm:ss2026-09-05 11:10:16,172 yyyy-MM-dd HH:mm:ss2026-09-05 11:10:16,174 yyyy-MM-dd HH:mm:ss2026-09-05 11:10:16,174 yyyy-MM-dd HH:mm:ss2026-09-05 11:10:16,174 yyyy-MM-dd HH:mm:ss2026-09-05 11:10:16,213 yyyy-MM-dd HH:mm:ss2026-09-05 11:10:16,217 yyyy-MM-dd HH:mm:ss2026-09-05 11:10:16,218 yyyy-MM-dd HH:mm:ss2026-09-05 11:10:16,222 yyyy-MM-dd HH:mm:ss2026-09-05 11:10:16,222 yyyy-MM-dd HH:mm:ss2026-09-05 11:10:16,222 yyyy-MM-dd HH:mm:ss2026-09-05 11:10:16,255 yyyy-MM-dd HH:mm:ss2026-09-05 11:10:16,260 yyyy-MM-dd HH:mm:ss2026-09-05 11:10:16,268 yyyy-MM-dd HH:mm:ss2026-09-05 11:10:16,273 yyyy-MM-dd HH:mm:ss2026-09-05 11:10:16,315 yyyy-MM-dd HH:mm:ss2026-09-05 11:10:16,374 yyyy-MM-dd HH:mm:ss2026-09-05 11:10:16,376 yyyy-MM-dd HH:mm:ss2026-09-05 11:10:16,383 yyyy-MM-dd HH:mm:ss2026-09-05 11:10:16,397 yyyy-MM-dd HH:mm:ss2026-09-05 11:10:16,398 yyyy-MM-dd HH:mm:ss2026-09-05 11:10:16,402 yyyy-MM-dd HH:mm:ss2026-09-05 11:10:16,434 yyyy-MM-dd HH:mm:ss2026-09-05 11:10:16,439 yyyy-MM-dd HH:mm:ss2026-09-05 11:10:16,441 yyyy-MM-dd HH:mm:ss2026-09-05 11:10:16,442 yyyy-MM-dd HH:mm:ss2026-09-05 11:10:16,445 yyyy-MM-dd HH:mm:ss2026-09-05 11:10:16,446 yyyy-MM-dd HH:mm:ss2026-09-05 11:10:16,448 yyyy-MM-dd HH:mm:ss2026-09-05 11:10:16,449 yyyy-MM-dd HH:mm:ss2026-09-05 11:10:16,471 yyyy-MM-dd HH:mm:ss2026-09-05 11:10:16,480 yyyy-MM-dd HH:mm:ss2026-09-05 11:10:16,483 yyyy-MM-dd HH:mm:ss2026-09-05 11:10:16,503 yyyy-MM-dd HH:mm:ss2026-09-05 11:10:16,504 yyyy-MM-dd HH:mm:ss2026-09-05 11:10:16,505 yyyy-MM-dd HH:mm:ss2026-09-05 11:10:16,507 yyyy-MM-dd HH:mm:ss2026-09-05 11:10:16,518 yyyy-MM-dd HH:mm:ss2026-09-05 11:10:16,519 yyyy-MM-dd HH:mm:ss2026-09-05 11:10:16,521 yyyy-MM-dd HH:mm:ss2026-09-05 11:10:16,523 yyyy-MM-dd HH:mm:ss2026-09-05 11:10:16,525 yyyy-MM-dd HH:mm:ss2026-09-05 11:10:16,532 yyyy-MM-dd HH:mm:ss2026-09-05 11:10:16,538 yyyy-MM-dd HH:mm:ss2026-09-05 11:10:16,598 yyyy-MM-dd HH:mm:ss2026-09-05 11:10:16,605 yyyy-MM-dd HH:mm:ss2026-09-05 11:10:16,605 yyyy-MM-dd HH:mm:ss2026-09-05 11:10:16,614 yyyy-MM-dd HH:mm:ss2026-09-05 11:10:16,635 yyyy-MM-dd HH:mm:ss2026-09-05 11:10:16,636 yyyy-MM-dd HH:mm:ss2026-09-05 11:10:16,642 yyyy-MM-dd HH:mm:ss2026-09-05 11:10:16,650 yyyy-MM-dd HH:mm:ss2026-09-05 11:10:16,653 yyyy-MM-dd HH:mm:ss2026-09-05 11:10:16,653 yyyy-MM-dd HH:mm:ss2026-09-05 11:10:16,663 yyyy-MM-dd HH:mm:ss2026-09-05 11:10:16,664 yyyy-MM-dd HH:mm:ss2026-09-05 11:10:16,667 yyyy-MM-dd HH:mm:ss2026-09-05 11:10:16,675 yyyy-MM-dd HH:mm:ss2026-09-05 11:10:16,675 yyyy-MM-dd HH:mm:ss2026-09-05 11:10:16,683 yyyy-MM-dd HH:mm:ss2026-09-05 11:10:16,685 yyyy-MM-dd HH:mm:ss2026-09-05 11:10:16,707 yyyy-MM-dd HH:mm:ss2026-09-05 11:10:16,708 yyyy-MM-dd HH:mm:ss2026-09-05 11:10:16,732 yyyy-MM-dd HH:mm:ss2026-09-05 11:10:16,733 yyyy-MM-dd HH:mm:ss2026-09-05 11:10:16,735 yyyy-MM-dd HH:mm:ss2026-09-05 11:10:16,746 yyyy-MM-dd HH:mm:ss2026-09-05 11:10:16,751 yyyy-MM-dd HH:mm:ss2026-09-05 11:10:16,754 yyyy-MM-dd HH:mm:ss2026-09-05 11:10:16,763 yyyy-MM-dd HH:mm:ss2026-09-05 11:10:16,769 yyyy-MM-dd HH:mm:ss2026-09-05 11:10:16,773 yyyy-MM-dd HH:mm:ss2026-09-05 11:10:16,776 yyyy-MM-dd HH:mm:ss2026-09-05 11:10:16,776 yyyy-MM-dd HH:mm:ss2026-09-05 11:10:16,776 yyyy-MM-dd HH:mm:ss2026-09-05 11:10:16,802 yyyy-MM-dd HH:mm:ss2026-09-05 11:10:16,803 yyyy-MM-dd HH:mm:ss2026-09-05 11:10:16,807 yyyy-MM-dd HH:mm:ss2026-09-05 11:10:16,813 yyyy-MM-dd HH:mm:ss2026-09-05 11:10:16,813 yyyy-MM-dd HH:mm:ss2026-09-05 11:10:16,824 yyyy-MM-dd HH:mm:ss2026-09-05 11:10:16,825 yyyy-MM-dd HH:mm:ss2026-09-05 11:10:16,827 yyyy-MM-dd HH:mm:ss2026-09-05 11:10:16,831 yyyy-MM-dd HH:mm:ss2026-09-05 11:10:16,833 yyyy-MM-dd HH:mm:ss2026-09-05 11:10:16,840 yyyy-MM-dd HH:mm:ss2026-09-05 11:10:16,842 yyyy-MM-dd HH:mm:ss2026-09-05 11:10:16,842 yyyy-MM-dd HH:mm:ss2026-09-05 11:10:16,849 yyyy-MM-dd HH:mm:ss2026-09-05 11:10:16,850 yyyy-MM-dd HH:mm:ss2026-09-05 11:10:16,850 yyyy-MM-dd HH:mm:ss2026-09-05 11:10:16,858 yyyy-MM-dd HH:mm:ss2026-09-05 11:10:16,867 yyyy-MM-dd HH:mm:ss2026-09-05 11:10:16,867 yyyy-MM-dd HH:mm:ss2026-09-05 11:10:16,871 yyyy-MM-dd HH:mm:ss2026-09-05 11:10:16,871 yyyy-MM-dd HH:mm:ss2026-09-05 11:10:16,873 yyyy-MM-dd HH:mm:ss2026-09-05 11:10:16,878 yyyy-MM-dd HH:mm:ss2026-09-05 11:10:16,881 yyyy-MM-dd HH:mm:ss2026-09-05 11:10:16,881 yyyy-MM-dd HH:mm:ss2026-09-05 11:10:16,884 yyyy-MM-dd HH:mm:ss2026-09-05 11:10:16,886 yyyy-MM-dd HH:mm:ss2026-09-05 11:10:16,891 yyyy-MM-dd HH:mm:ss2026-09-05 11:10:16,894 yyyy-MM-dd HH:mm:ss2026-09-05 11:10:16,895 yyyy-MM-dd HH:mm:ss2026-09-05 11:10:16,901 yyyy-MM-dd HH:mm:ss2026-09-05 11:10:16,901 yyyy-MM-dd HH:mm:ss2026-09-05 11:10:16,904 yyyy-MM-dd HH:mm:ss2026-09-05 11:10:16,904 yyyy-MM-dd HH:mm:ss2026-09-05 11:10:16,911 yyyy-MM-dd HH:mm:ss2026-09-05 11:10:16,913 yyyy-MM-dd HH:mm:ss2026-09-05 11:10:16,914 yyyy-MM-dd HH:mm:ss2026-09-05 11:10:16,935 yyyy-MM-dd HH:mm:ss2026-09-05 11:10:16,937 yyyy-MM-dd HH:mm:ss2026-09-05 11:10:16,937 yyyy-MM-dd HH:mm:ss2026-09-05 11:10:16,937 yyyy-MM-dd HH:mm:ss2026-09-05 11:10:16,937 yyyy-MM-dd HH:mm:ss2026-09-05 11:10:16,937 yyyy-MM-dd HH:mm:ss2026-09-05 11:10:16,937 yyyy-MM-dd HH:mm:ss2026-09-05 11:10:16,938 yyyy-MM-dd HH:mm:ss2026-09-05 11:10:16,953 yyyy-MM-dd HH:mm:ss2026-09-05 11:10:16,954 yyyy-MM-dd HH:mm:ss2026-09-05 11:10:16,954 yyyy-MM-dd HH:mm:ss2026-09-05 11:10:17,017 yyyy-MM-dd HH:mm:ss2026-09-05 11:10:17,019 yyyy-MM-dd HH:mm:ss2026-09-05 11:10:17,019 yyyy-MM-dd HH:mm:ss2026-09-05 11:10:17,023 yyyy-MM-dd HH:mm:ss2026-09-05 11:10:17,023 yyyy-MM-dd HH:mm:ss2026-09-05 11:10:17,027 yyyy-MM-dd HH:mm:ss2026-09-05 11:10:17,027 yyyy-MM-dd HH:mm:ss2026-09-05 11:10:17,029 yyyy-MM-dd HH:mm:ss2026-09-05 11:10:17,032 yyyy-MM-dd HH:mm:ss2026-09-05 11:10:17,037 yyyy-MM-dd HH:mm:ss2026-09-05 11:10:17,043 yyyy-MM-dd HH:mm:ss2026-09-05 11:10:17,043 yyyy-MM-dd HH:mm:ss2026-09-05 11:10:17,046 yyyy-MM-dd HH:mm:ss2026-09-05 11:10:17,048 yyyy-MM-dd HH:mm:ss2026-09-05 11:10:17,054 yyyy-MM-dd HH:mm:ss2026-09-05 11:10:17,054 yyyy-MM-dd HH:mm:ss2026-09-05 11:10:17,056 yyyy-MM-dd HH:mm:ss2026-09-05 11:10:17,069 yyyy-MM-dd HH:mm:ss2026-09-05 11:10:17,069 yyyy-MM-dd HH:mm:ss2026-09-05 11:10:17,080 yyyy-MM-dd HH:mm:ss2026-09-05 11:10:17,081 yyyy-MM-dd HH:mm:ss2026-09-05 11:10:17,085 yyyy-MM-dd HH:mm:ss2026-09-05 11:10:17,085 yyyy-MM-dd HH:mm:ss2026-09-05 11:10:17,092 yyyy-MM-dd HH:mm:ss2026-09-05 11:10:17,092 yyyy-MM-dd HH:mm:ss2026-09-05 11:10:17,095 yyyy-MM-dd HH:mm:ss2026-09-05 11:10:17,097 yyyy-MM-dd HH:mm:ss2026-09-05 11:10:17,097 yyyy-MM-dd HH:mm:ss2026-09-05 11:10:17,099 yyyy-MM-dd HH:mm:ss2026-09-05 11:10:17,100 yyyy-MM-dd HH:mm:ss2026-09-05 11:10:17,101 yyyy-MM-dd HH:mm:ss2026-09-05 11:10:17,122 yyyy-MM-dd HH:mm:ss2026-09-05 11:10:17,122 yyyy-MM-dd HH:mm:ss2026-09-05 11:10:17,124 yyyy-MM-dd HH:mm:ss2026-09-05 11:10:17,125 yyyy-MM-dd HH:mm:ss2026-09-05 11:10:17,125 yyyy-MM-dd HH:mm:ss2026-09-05 11:10:17,133 yyyy-MM-dd HH:mm:ss2026-09-05 11:10:17,134 yyyy-MM-dd HH:mm:ss2026-09-05 11:10:17,137 yyyy-MM-dd HH:mm:ss2026-09-05 11:10:17,165 yyyy-MM-dd HH:mm:ss2026-09-05 11:10:17,167 yyyy-MM-dd HH:mm:ss2026-09-05 11:10:17,170 yyyy-MM-dd HH:mm:ss2026-09-05 11:10:17,171 yyyy-MM-dd HH:mm:ss2026-09-05 11:10:17,175 yyyy-MM-dd HH:mm:ss2026-09-05 11:10:17,177 yyyy-MM-dd HH:mm:ss2026-09-05 11:10:17,180 yyyy-MM-dd HH:mm:ss2026-09-05 11:10:17,181 yyyy-MM-dd HH:mm:ss2026-09-05 11:10:17,182 yyyy-MM-dd HH:mm:ss2026-09-05 11:10:17,184 yyyy-MM-dd HH:mm:ss2026-09-05 11:10:17,185 yyyy-MM-dd HH:mm:ss2026-09-05 11:10:17,186 yyyy-MM-dd HH:mm:ss2026-09-05 11:10:17,188 yyyy-MM-dd HH:mm:ss2026-09-05 11:10:17,193 yyyy-MM-dd HH:mm:ss2026-09-05 11:10:17,195 yyyy-MM-dd HH:mm:ss2026-09-05 11:10:17,198 yyyy-MM-dd HH:mm:ss2026-09-05 11:10:17,201 yyyy-MM-dd HH:mm:ss2026-09-05 11:10:17,209 yyyy-MM-dd HH:mm:ss2026-09-05 11:10:17,216 yyyy-MM-dd HH:mm:ss2026-09-05 11:10:17,217 yyyy-MM-dd HH:mm:ss2026-09-05 11:10:17,228 yyyy-MM-dd HH:mm:ss2026-09-05 11:10:17,230 yyyy-MM-dd HH:mm:ss2026-09-05 11:10:17,232 yyyy-MM-dd HH:mm:ss2026-09-05 11:10:17,232 yyyy-MM-dd HH:mm:ss2026-09-05 11:10:17,233 yyyy-MM-dd HH:mm:ss2026-09-05 11:10:17,235 yyyy-MM-dd HH:mm:ss2026-09-05 11:10:17,236 yyyy-MM-dd HH:mm:ss2026-09-05 11:10:17,240 yyyy-MM-dd HH:mm:ss2026-09-05 11:10:17,243 yyyy-MM-dd HH:mm:ss2026-09-05 11:10:17,254 yyyy-MM-dd HH:mm:ss2026-09-05 11:10:17,258 yyyy-MM-dd HH:mm:ss2026-09-05 11:10:17,259 yyyy-MM-dd HH:mm:ss2026-09-05 11:10:17,261 yyyy-MM-dd HH:mm:ss2026-09-05 11:10:17,262 yyyy-MM-dd HH:mm:ss2026-09-05 11:10:17,263 yyyy-MM-dd HH:mm:ss2026-09-05 11:10:17,265 yyyy-MM-dd HH:mm:ss2026-09-05 11:10:17,269 yyyy-MM-dd HH:mm:ss2026-09-05 11:10:17,272 yyyy-MM-dd HH:mm:ss2026-09-05 11:10:17,275 yyyy-MM-dd HH:mm:ss2026-09-05 11:10:17,295 yyyy-MM-dd HH:mm:ss2026-09-05 11:10:17,296 yyyy-MM-dd HH:mm:ss2026-09-05 11:10:17,297 yyyy-MM-dd HH:mm:ss2026-09-05 11:10:17,299 yyyy-MM-dd HH:mm:ss2026-09-05 11:10:17,299 yyyy-MM-dd HH:mm:ss2026-09-05 11:10:17,303 yyyy-MM-dd HH:mm:ss2026-09-05 11:10:17,325 yyyy-MM-dd HH:mm:ss2026-09-05 11:10:17,326 yyyy-MM-dd HH:mm:ss2026-09-05 11:10:17,329 yyyy-MM-dd HH:mm:ss2026-09-05 11:10:17,338 yyyy-MM-dd HH:mm:ss2026-09-05 11:10:17,339 yyyy-MM-dd HH:mm:ss2026-09-05 11:10:17,340 yyyy-MM-dd HH:mm:ss2026-09-05 11:10:17,342 yyyy-MM-dd HH:mm:ss2026-09-05 11:10:17,346 yyyy-MM-dd HH:mm:ss2026-09-05 11:10:17,347 yyyy-MM-dd HH:mm:ss2026-09-05 11:10:17,351 yyyy-MM-dd HH:mm:ss2026-09-05 11:10:17,352 yyyy-MM-dd HH:mm:ss2026-09-05 11:10:17,382 yyyy-MM-dd HH:mm:ss2026-09-05 11:10:17,385 yyyy-MM-dd HH:mm:ss2026-09-05 11:10:17,386 yyyy-MM-dd HH:mm:ss2026-09-05 11:10:17,388 yyyy-MM-dd HH:mm:ss2026-09-05 11:10:17,388 yyyy-MM-dd HH:mm:ss2026-09-05 11:10:17,388 yyyy-MM-dd HH:mm:ss2026-09-05 11:10:17,393 yyyy-MM-dd HH:mm:ss2026-09-05 11:10:17,395 yyyy-MM-dd HH:mm:ss2026-09-05 11:10:17,396 yyyy-MM-dd HH:mm:ss2026-09-05 11:10:17,397 yyyy-MM-dd HH:mm:ss2026-09-05 11:10:17,400 yyyy-MM-dd HH:mm:ss2026-09-05 11:10:17,401 yyyy-MM-dd HH:mm:ss2026-09-05 11:10:17,403 yyyy-MM-dd HH:mm:ss2026-09-05 11:10:17,405 yyyy-MM-dd HH:mm:ss2026-09-05 11:10:17,405 yyyy-MM-dd HH:mm:ss2026-09-05 11:10:17,420 yyyy-MM-dd HH:mm:ss2026-09-05 11:10:17,421 yyyy-MM-dd HH:mm:ss2026-09-05 11:10:17,422 yyyy-MM-dd HH:mm:ss2026-09-05 11:10:17,430 yyyy-MM-dd HH:mm:ss2026-09-05 11:10:17,431 yyyy-MM-dd HH:mm:ss2026-09-05 11:10:17,432 yyyy-MM-dd HH:mm:ss2026-09-05 11:10:17,434 yyyy-MM-dd HH:mm:ss2026-09-05 11:10:17,436 yyyy-MM-dd HH:mm:ss2026-09-05 11:10:17,437 yyyy-MM-dd HH:mm:ss2026-09-05 11:10:17,439 yyyy-MM-dd HH:mm:ss2026-09-05 11:10:17,440 yyyy-MM-dd HH:mm:ss2026-09-05 11:10:17,440 yyyy-MM-dd HH:mm:ss2026-09-05 11:10:17,441 yyyy-MM-dd HH:mm:ss2026-09-05 11:10:17,442 yyyy-MM-dd HH:mm:ss2026-09-05 11:10:17,443 yyyy-MM-dd HH:mm:ss2026-09-05 11:10:17,444 yyyy-MM-dd HH:mm:ss2026-09-05 11:10:17,463 yyyy-MM-dd HH:mm:ss2026-09-05 11:10:17,471 yyyy-MM-dd HH:mm:ss2026-09-05 11:10:17,476 yyyy-MM-dd HH:mm:ss2026-09-05 11:10:17,483 yyyy-MM-dd HH:mm:ss2026-09-05 11:10:17,487 yyyy-MM-dd HH:mm:ss2026-09-05 11:10:17,488 yyyy-MM-dd HH:mm:ss2026-09-05 11:10:17,489 yyyy-MM-dd HH:mm:ss2026-09-05 11:10:17,490 yyyy-MM-dd HH:mm:ss2026-09-05 11:10:17,494 yyyy-MM-dd HH:mm:ss2026-09-05 11:10:17,495 yyyy-MM-dd HH:mm:ss2026-09-05 11:10:17,495 yyyy-MM-dd HH:mm:ss2026-09-05 11:10:17,500 yyyy-MM-dd HH:mm:ss2026-09-05 11:10:17,501 yyyy-MM-dd HH:mm:ss2026-09-05 11:10:17,502 yyyy-MM-dd HH:mm:ss2026-09-05 11:10:17,503 yyyy-MM-dd HH:mm:ss2026-09-05 11:10:17,504 yyyy-MM-dd HH:mm:ss2026-09-05 11:10:17,506 yyyy-MM-dd HH:mm:ss2026-09-05 11:10:17,517 yyyy-MM-dd HH:mm:ss2026-09-05 11:10:17,520 yyyy-MM-dd HH:mm:ss2026-09-05 11:10:17,521 yyyy-MM-dd HH:mm:ss2026-09-05 11:10:17,522 yyyy-MM-dd HH:mm:ss2026-09-05 11:10:17,559 yyyy-MM-dd HH:mm:ss2026-09-05 11:10:17,561 yyyy-MM-dd HH:mm:ss2026-09-05 11:10:17,562 yyyy-MM-dd HH:mm:ss2026-09-05 11:10:17,563 yyyy-MM-dd HH:mm:ss2026-09-05 11:10:17,566 yyyy-MM-dd HH:mm:ss2026-09-05 11:10:17,568 yyyy-MM-dd HH:mm:ss2026-09-05 11:10:17,572 yyyy-MM-dd HH:mm:ss2026-09-05 11:10:17,572 yyyy-MM-dd HH:mm:ss2026-09-05 11:10:17,573 yyyy-MM-dd HH:mm:ss2026-09-05 11:10:17,577 yyyy-MM-dd HH:mm:ss2026-09-05 11:10:17,578 yyyy-MM-dd HH:mm:ss2026-09-05 11:10:17,579 yyyy-MM-dd HH:mm:ss2026-09-05 11:10:17,581 yyyy-MM-dd HH:mm:ss2026-09-05 11:10:17,587 yyyy-MM-dd HH:mm:ss2026-09-05 11:10:17,589 yyyy-MM-dd HH:mm:ss2026-09-05 11:10:17,590 yyyy-MM-dd HH:mm:ss2026-09-05 11:10:17,591 yyyy-MM-dd HH:mm:ss2026-09-05 11:10:17,591 yyyy-MM-dd HH:mm:ss2026-09-05 11:10:17,592 yyyy-MM-dd HH:mm:ss2026-09-05 11:10:17,595 yyyy-MM-dd HH:mm:ss2026-09-05 11:10:17,597 yyyy-MM-dd HH:mm:ss2026-09-05 11:10:17,598 yyyy-MM-dd HH:mm:ss2026-09-05 11:10:17,599 yyyy-MM-dd HH:mm:ss2026-09-05 11:10:17,599 yyyy-MM-dd HH:mm:ss2026-09-05 11:10:17,618 yyyy-MM-dd HH:mm:ss2026-09-05 11:10:17,620 yyyy-MM-dd HH:mm:ss2026-09-05 11:10:17,624 yyyy-MM-dd HH:mm:ss2026-09-05 11:10:17,629 yyyy-MM-dd HH:mm:ss2026-09-05 11:10:17,630 yyyy-MM-dd HH:mm:ss2026-09-05 11:10:17,630 yyyy-MM-dd HH:mm:ss2026-09-05 11:10:17,630 yyyy-MM-dd HH:mm:ss2026-09-05 11:10:17,630 yyyy-MM-dd HH:mm:ss2026-09-05 11:10:17,630 yyyy-MM-dd HH:mm:ss2026-09-05 11:10:17,630 yyyy-MM-dd HH:mm:ss2026-09-05 11:10:17,653 yyyy-MM-dd HH:mm:ss2026-09-05 11:10:17,701 yyyy-MM-dd HH:mm:ss2026-09-05 11:10:17,704 yyyy-MM-dd HH:mm:ss2026-09-05 11:10:17,704 yyyy-MM-dd HH:mm:ss2026-09-05 11:10:17,704 yyyy-MM-dd HH:mm:ss2026-09-05 11:10:17,704 yyyy-MM-dd HH:mm:ss2026-09-05 11:10:17,718 yyyy-MM-dd HH:mm:ss2026-09-05 11:10:17,719 yyyy-MM-dd HH:mm:ss2026-09-05 11:10:17,722 yyyy-MM-dd HH:mm:ss2026-09-05 11:10:17,724 yyyy-MM-dd HH:mm:ss2026-09-05 11:10:17,875 yyyy-MM-dd HH:mm:ss2026-09-05 11:10:17,875 yyyy-MM-dd HH:mm:ss2026-09-05 11:10:17,875 yyyy-MM-dd HH:mm:ss2026-09-05 11:10:17,875 yyyy-MM-dd HH:mm:ss2026-09-05 11:10:17,876 yyyy-MM-dd HH:mm:ss2026-09-05 11:10:17,915 yyyy-MM-dd HH:mm:ss2026-09-05 11:10:17,920 yyyy-MM-dd HH:mm:ss2026-09-05 11:10:17,920 yyyy-MM-dd HH:mm:ss2026-09-05 11:10:17,920 yyyy-MM-dd HH:mm:ss2026-09-05 11:10:17,960 yyyy-MM-dd HH:mm:ss2026-09-05 11:10:17,969 yyyy-MM-dd HH:mm:ss2026-09-05 11:10:18,142 yyyy-MM-dd HH:mm:ss2026-09-05 11:10:18,143 yyyy-MM-dd HH:mm:ss2026-09-05 11:10:18,144 yyyy-MM-dd HH:mm:ss2026-09-05 11:10:18,144 yyyy-MM-dd HH:mm:ss2026-09-05 11:10:18,150 yyyy-MM-dd HH:mm:ss2026-09-05 11:10:18,152 yyyy-MM-dd HH:mm:ss2026-09-05 11:10:18,152 yyyy-MM-dd HH:mm:ss2026-09-05 11:10:18,153 yyyy-MM-dd HH:mm:ss2026-09-05 11:10:18,236 yyyy-MM-dd HH:mm:ss2026-09-05 11:10:18,271 yyyy-MM-dd HH:mm:ss2026-09-05 11:10:18,276 yyyy-MM-dd HH:mm:ss2026-09-05 11:10:18,281 yyyy-MM-dd HH:mm:ss2026-09-05 11:10:18,282 yyyy-MM-dd HH:mm:ss2026-09-05 11:10:18,283 yyyy-MM-dd HH:mm:ss2026-09-05 11:10:18,283 yyyy-MM-dd HH:mm:ss2026-09-05 11:10:18,283 yyyy-MM-dd HH:mm:ss2026-09-05 11:10:18,286 yyyy-MM-dd HH:mm:ss2026-09-05 11:10:18,434 yyyy-MM-dd HH:mm:ss2026-09-05 11:10:18,442 yyyy-MM-dd HH:mm:ss2026-09-05 11:10:18,442 yyyy-MM-dd HH:mm:ss2026-09-05 11:10:18,447 yyyy-MM-dd HH:mm:ss2026-09-05 11:10:18,448 yyyy-MM-dd HH:mm:ss2026-09-05 11:10:18,469 yyyy-MM-dd HH:mm:ss2026-09-05 11:10:18,480 yyyy-MM-dd HH:mm:ss2026-09-05 11:10:18,481 yyyy-MM-dd HH:mm:ss2026-09-05 11:10:18,481 yyyy-MM-dd HH:mm:ss2026-09-05 11:10:18,565 yyyy-MM-dd HH:mm:ss2026-09-05 11:10:18,580 yyyy-MM-dd HH:mm:ss2026-09-05 11:10:18,581 yyyy-MM-dd HH:mm:ss2026-09-05 11:10:18,583 yyyy-MM-dd HH:mm:ss2026-09-05 11:10:30,201 yyyy-MM-dd HH:mm:ss2026-09-05 11:10:30,201 yyyy-MM-dd HH:mm:ss2026-09-05 11:10:30,202 yyyy-MM-dd HH:mm:ss2026-09-05 11:10:30,205 yyyy-MM-dd HH:mm:ss2026-09-05 11:10:30,205 yyyy-MM-dd HH:mm:ss2026-09-05 11:10:30,205 yyyy-MM-dd HH:mm:ss2026-09-05 11:10:30,213 yyyy-MM-dd HH:mm:ss2026-09-05 11:10:30,215 yyyy-MM-dd HH:mm:ss2026-09-05 11:10:30,218 yyyy-MM-dd HH:mm:ss2026-09-05 11:10:30,256 yyyy-MM-dd HH:mm:ss2026-09-05 11:10:30,257 yyyy-MM-dd HH:mm:ss2026-09-05 11:10:30,257 yyyy-MM-dd HH:mm:ss2026-09-05 11:10:30,258 yyyy-MM-dd HH:mm:ss2026-09-05 11:10:30,265 yyyy-MM-dd HH:mm:ss2026-09-05 11:10:30,265 yyyy-MM-dd HH:mm:ss2026-09-05 11:10:30,265 yyyy-MM-dd HH:mm:ss2026-09-05 11:10:30,265 yyyy-MM-dd HH:mm:ss2026-09-05 11:10:30,266 yyyy-MM-dd HH:mm:ss2026-09-05 11:10:30,279 yyyy-MM-dd HH:mm:ss2026-09-05 11:10:30,279 yyyy-MM-dd HH:mm:ss2026-09-05 11:10:30,293 yyyy-MM-dd HH:mm:ss2026-09-05 11:10:30,294 yyyy-MM-dd HH:mm:ss2026-09-05 11:10:30,297 yyyy-MM-dd HH:mm:ss2026-09-05 11:10:30,311 yyyy-MM-dd HH:mm:ss2026-09-05 11:10:30,312 yyyy-MM-dd HH:mm:ss2026-09-05 11:10:30,313 yyyy-MM-dd HH:mm:ss2026-09-05 11:10:30,314 yyyy-MM-dd HH:mm:ss2026-09-05 11:10:30,315 yyyy-MM-dd HH:mm:ss2026-09-05 11:10:30,317 yyyy-MM-dd HH:mm:ss2026-09-05 11:10:30,318 yyyy-MM-dd HH:mm:ss2026-09-05 11:10:30,319 yyyy-MM-dd HH:mm:ss2026-09-05 11:10:30,320 yyyy-MM-dd HH:mm:ss2026-09-05 11:10:30,321 yyyy-MM-dd HH:mm:ss2026-09-05 11:10:30,322 yyyy-MM-dd HH:mm:ss2026-09-05 11:10:30,323 yyyy-MM-dd HH:mm:ss2026-09-05 11:10:30,324 yyyy-MM-dd HH:mm:ss2026-09-05 11:10:30,527 yyyy-MM-dd HH:mm:ss2026-09-05 11:10:30,655 yyyy-MM-dd HH:mm:ss2026-09-05 11:10:30,655 yyyy-MM-dd HH:mm:ss2026-09-05 11:10:30,656 yyyy-MM-dd HH:mm:ss2026-09-05 11:10:30,656 yyyy-MM-dd HH:mm:ss2026-09-05 11:10:30,663 yyyy-MM-dd HH:mm:ss2026-09-05 11:10:30,665 yyyy-MM-dd HH:mm:ss2026-09-05 11:10:30,666 yyyy-MM-dd HH:mm:ss2026-09-05 11:10:30,696 yyyy-MM-dd HH:mm:ss2026-09-05 11:10:30,703 yyyy-MM-dd HH:mm:ss2026-09-05 11:10:30,709 yyyy-MM-dd HH:mm:ss2026-09-05 11:10:30,711 yyyy-MM-dd HH:mm:ss2026-09-05 11:10:30,714 yyyy-MM-dd HH:mm:ss2026-09-05 11:10:30,717 yyyy-MM-dd HH:mm:ss2026-09-05 11:10:30,728 yyyy-MM-dd HH:mm:ss2026-09-05 11:10:30,730 yyyy-MM-dd HH:mm:ss2026-09-05 11:10:31,988 yyyy-MM-dd HH:mm:ss2026-09-05 11:10:31,994 yyyy-MM-dd HH:mm:ss2026-09-05 11:10:31,995 yyyy-MM-dd HH:mm:ss2026-09-05 11:10:31,995 yyyy-MM-dd HH:mm:ss2026-09-05 11:10:32,018 yyyy-MM-dd HH:mm:ss2026-09-05 11:10:32,041 yyyy-MM-dd HH:mm:ss2026-09-05 11:10:32,041 yyyy-MM-dd HH:mm:ss2026-09-05 11:10:32,041 yyyy-MM-dd HH:mm:ss2026-09-05 11:10:32,046 yyyy-MM-dd HH:mm:ss2026-09-05 11:10:32,328 yyyy-MM-dd HH:mm:ss2026-09-05 11:10:32,332 yyyy-MM-dd HH:mm:ss2026-09-05 11:10:32,333 yyyy-MM-dd HH:mm:ss2026-09-05 11:10:32,357 yyyy-MM-dd HH:mm:ss2026-09-05 11:10:32,357 yyyy-MM-dd HH:mm:ss2026-09-05 11:10:32,358 yyyy-MM-dd HH:mm:ss2026-09-05 11:10:32,358 yyyy-MM-dd HH:mm:ss2026-09-05 11:10:32,359 yyyy-MM-dd HH:mm:ss2026-09-05 11:10:32,360 yyyy-MM-dd HH:mm:ss2026-09-05 11:10:32,367 yyyy-MM-dd HH:mm:ss2026-09-05 11:10:32,368 yyyy-MM-dd HH:mm:ss2026-09-05 11:10:32,368 yyyy-MM-dd HH:mm:ss2026-09-05 11:10:32,368 yyyy-MM-dd HH:mm:ss2026-09-05 11:10:32,369 yyyy-MM-dd HH:mm:ss2026-09-05 11:10:32,371 yyyy-MM-dd HH:mm:ss2026-09-05 11:10:32,371 yyyy-MM-dd HH:mm:ss2026-09-05 11:10:32,373 yyyy-MM-dd HH:mm:ss2026-09-05 11:10:32,378 yyyy-MM-dd HH:mm:ss2026-09-05 11:10:32,381 yyyy-MM-dd HH:mm:ss2026-09-05 11:10:32,384 yyyy-MM-dd HH:mm:ss2026-09-05 11:10:32,386 yyyy-MM-dd HH:mm:ss2026-09-05 11:10:32,387 yyyy-MM-dd HH:mm:ss2026-09-05 11:10:32,389 yyyy-MM-dd HH:mm:ss2026-09-05 11:10:32,390 yyyy-MM-dd HH:mm:ss2026-09-05 11:10:32,390 yyyy-MM-dd HH:mm:ss2026-09-05 11:10:32,399 yyyy-MM-dd HH:mm:ss2026-09-05 11:10:32,400 yyyy-MM-dd HH:mm:ss2026-09-05 11:10:32,401 yyyy-MM-dd HH:mm:ss2026-09-05 11:10:32,420 yyyy-MM-dd HH:mm:ss2026-09-05 11:10:32,423 yyyy-MM-dd HH:mm:ss2026-09-05 11:10:32,426 yyyy-MM-dd HH:mm:ss2026-09-05 11:10:32,427 yyyy-MM-dd HH:mm:ss2026-09-05 11:10:32,428 yyyy-MM-dd HH:mm:ss2026-09-05 11:10:32,429 yyyy-MM-dd HH:mm:ss2026-09-05 11:10:32,429 yyyy-MM-dd HH:mm:ss2026-09-05 11:10:32,430 yyyy-MM-dd HH:mm:ss2026-09-05 11:10:32,431 yyyy-MM-dd HH:mm:ss2026-09-05 11:10:32,434 yyyy-MM-dd HH:mm:ss2026-09-05 11:10:32,434 yyyy-MM-dd HH:mm:ss2026-09-05 11:10:32,435 yyyy-MM-dd HH:mm:ss2026-09-05 11:10:32,436 yyyy-MM-dd HH:mm:ss2026-09-05 11:10:32,437 yyyy-MM-dd HH:mm:ss2026-09-05 11:10:32,437 yyyy-MM-dd HH:mm:ss2026-09-05 11:10:32,439 yyyy-MM-dd HH:mm:ss2026-09-05 11:10:32,439 yyyy-MM-dd HH:mm:ss2026-09-05 11:10:32,440 yyyy-MM-dd HH:mm:ss2026-09-05 11:10:32,441 yyyy-MM-dd HH:mm:ss2026-09-05 11:10:32,454 yyyy-MM-dd HH:mm:ss2026-09-05 11:10:32,461 yyyy-MM-dd HH:mm:ss2026-09-05 11:10:32,461 yyyy-MM-dd HH:mm:ss2026-09-05 11:10:32,463 yyyy-MM-dd HH:mm:ss2026-09-05 11:10:32,477 yyyy-MM-dd HH:mm:ss2026-09-05 11:10:32,481 yyyy-MM-dd HH:mm:ss2026-09-05 11:10:32,481 yyyy-MM-dd HH:mm:ss2026-09-05 11:10:32,484 yyyy-MM-dd HH:mm:ss2026-09-05 11:10:32,485 yyyy-MM-dd HH:mm:ss2026-09-05 11:10:32,485 yyyy-MM-dd HH:mm:ss2026-09-05 11:10:32,489 yyyy-MM-dd HH:mm:ss2026-09-05 11:10:32,490 yyyy-MM-dd HH:mm:ss2026-09-05 11:10:32,491 yyyy-MM-dd HH:mm:ss2026-09-05 11:10:32,494 yyyy-MM-dd HH:mm:ss2026-09-05 11:10:32,494 yyyy-MM-dd HH:mm:ss2026-09-05 11:10:32,495 yyyy-MM-dd HH:mm:ss2026-09-05 11:10:32,495 yyyy-MM-dd HH:mm:ss2026-09-05 11:10:32,500 yyyy-MM-dd HH:mm:ss2026-09-05 11:10:32,512 yyyy-MM-dd HH:mm:ss2026-09-05 11:10:32,512 yyyy-MM-dd HH:mm:ss2026-09-05 11:10:32,512 yyyy-MM-dd HH:mm:ss2026-09-05 11:10:32,512 yyyy-MM-dd HH:mm:ss2026-09-05 11:10:32,514 yyyy-MM-dd HH:mm:ss2026-09-05 11:10:32,515 yyyy-MM-dd HH:mm:ss2026-09-05 11:10:32,520 yyyy-MM-dd HH:mm:ss2026-09-05 11:10:32,520 yyyy-MM-dd HH:mm:ss2026-09-05 11:10:32,521 yyyy-MM-dd HH:mm:ss2026-09-05 11:10:32,524 yyyy-MM-dd HH:mm:ss2026-09-05 11:10:32,524 yyyy-MM-dd HH:mm:ss2026-09-05 11:10:32,525 yyyy-MM-dd HH:mm:ss2026-09-05 11:10:32,526 yyyy-MM-dd HH:mm:ss2026-09-05 11:10:32,528 yyyy-MM-dd HH:mm:ss2026-09-05 11:10:32,534 yyyy-MM-dd HH:mm:ss2026-09-05 11:10:32,539 yyyy-MM-dd HH:mm:ss2026-09-05 11:10:32,539 yyyy-MM-dd HH:mm:ss2026-09-05 11:10:32,541 yyyy-MM-dd HH:mm:ss2026-09-05 11:10:32,541 yyyy-MM-dd HH:mm:ss2026-09-05 11:10:32,542 yyyy-MM-dd HH:mm:ss2026-09-05 11:10:32,547 yyyy-MM-dd HH:mm:ss2026-09-05 11:10:32,550 yyyy-MM-dd HH:mm:ss2026-09-05 11:10:32,566 yyyy-MM-dd HH:mm:ss2026-09-05 11:10:32,567 yyyy-MM-dd HH:mm:ss2026-09-05 11:10:32,568 yyyy-MM-dd HH:mm:ss2026-09-05 11:10:32,596 yyyy-MM-dd HH:mm:ss2026-09-05 11:10:32,599 yyyy-MM-dd HH:mm:ss2026-09-05 11:10:32,599 yyyy-MM-dd HH:mm:ss2026-09-05 11:10:32,600 yyyy-MM-dd HH:mm:ss2026-09-05 11:10:32,768 yyyy-MM-dd HH:mm:ss2026-09-05 11:10:32,768 yyyy-MM-dd HH:mm:ss2026-09-05 11:10:32,769 yyyy-MM-dd HH:mm:ss2026-09-05 11:10:32,770 yyyy-MM-dd HH:mm:ss2026-09-05 11:10:32,771 yyyy-MM-dd HH:mm:ss2026-09-05 11:10:32,771 yyyy-MM-dd HH:mm:ss2026-09-05 11:10:32,775 yyyy-MM-dd HH:mm:ss2026-09-05 11:10:32,776 yyyy-MM-dd HH:mm:ss2026-09-05 11:10:32,778 yyyy-MM-dd HH:mm:ss2026-09-05 11:10:32,781 yyyy-MM-dd HH:mm:ss2026-09-05 11:10:32,781 yyyy-MM-dd HH:mm:ss2026-09-05 11:10:32,783 yyyy-MM-dd HH:mm:ss2026-09-05 11:10:32,785 yyyy-MM-dd HH:mm:ss2026-09-05 11:10:32,786 yyyy-MM-dd HH:mm:ss2026-09-05 11:10:32,789 yyyy-MM-dd HH:mm:ss2026-09-05 11:10:32,789 yyyy-MM-dd HH:mm:ss2026-09-05 11:10:32,790 yyyy-MM-dd HH:mm:ss2026-09-05 11:10:32,791 yyyy-MM-dd HH:mm:ss2026-09-05 11:10:32,792 yyyy-MM-dd HH:mm:ss2026-09-05 11:10:32,794 yyyy-MM-dd HH:mm:ss2026-09-05 11:10:32,795 yyyy-MM-dd HH:mm:ss2026-09-05 11:10:32,798 yyyy-MM-dd HH:mm:ss2026-09-05 11:10:32,798 yyyy-MM-dd HH:mm:ss2026-09-05 11:10:32,802 yyyy-MM-dd HH:mm:ss2026-09-05 11:10:32,803 yyyy-MM-dd HH:mm:ss2026-09-05 11:10:32,804 yyyy-MM-dd HH:mm:ss2026-09-05 11:10:32,805 yyyy-MM-dd HH:mm:ss2026-09-05 11:10:32,806 yyyy-MM-dd HH:mm:ss2026-09-05 11:10:32,807 yyyy-MM-dd HH:mm:ss2026-09-05 11:10:32,812 yyyy-MM-dd HH:mm:ss2026-09-05 11:10:32,812 yyyy-MM-dd HH:mm:ss2026-09-05 11:10:32,814 yyyy-MM-dd HH:mm:ss2026-09-05 11:10:32,814 yyyy-MM-dd HH:mm:ss2026-09-05 11:10:32,815 yyyy-MM-dd HH:mm:ss2026-09-05 11:10:32,820 yyyy-MM-dd HH:mm:ss2026-09-05 11:10:32,821 yyyy-MM-dd HH:mm:ss2026-09-05 11:10:32,822 yyyy-MM-dd HH:mm:ss2026-09-05 11:10:32,824 yyyy-MM-dd HH:mm:ss2026-09-05 11:10:32,824 yyyy-MM-dd HH:mm:ss2026-09-05 11:10:32,826 yyyy-MM-dd HH:mm:ss2026-09-05 11:10:32,826 yyyy-MM-dd HH:mm:ss2026-09-05 11:10:32,829 yyyy-MM-dd HH:mm:ss2026-09-05 11:10:32,830 yyyy-MM-dd HH:mm:ss2026-09-05 11:10:32,831 yyyy-MM-dd HH:mm:ss2026-09-05 11:10:32,836 yyyy-MM-dd HH:mm:ss2026-09-05 11:10:32,836 yyyy-MM-dd HH:mm:ss2026-09-05 11:10:32,837 yyyy-MM-dd HH:mm:ss2026-09-05 11:10:32,838 yyyy-MM-dd HH:mm:ss2026-09-05 11:10:32,838 yyyy-MM-dd HH:mm:ss2026-09-05 11:10:32,838 yyyy-MM-dd HH:mm:ss2026-09-05 11:10:32,838 yyyy-MM-dd HH:mm:ss2026-09-05 11:10:32,852 yyyy-MM-dd HH:mm:ss2026-09-05 11:10:32,854 yyyy-MM-dd HH:mm:ss2026-09-05 11:10:32,854 yyyy-MM-dd HH:mm:ss2026-09-05 11:10:32,859 yyyy-MM-dd HH:mm:ss2026-09-05 11:10:32,860 yyyy-MM-dd HH:mm:ss2026-09-05 11:10:32,861 yyyy-MM-dd HH:mm:ss2026-09-05 11:10:32,864 yyyy-MM-dd HH:mm:ss2026-09-05 11:10:32,872 yyyy-MM-dd HH:mm:ss2026-09-05 11:10:32,872 yyyy-MM-dd HH:mm:ss2026-09-05 11:10:32,874 yyyy-MM-dd HH:mm:ss2026-09-05 11:10:32,874 yyyy-MM-dd HH:mm:ss2026-09-05 11:10:32,875 yyyy-MM-dd HH:mm:ss2026-09-05 11:10:32,875 yyyy-MM-dd HH:mm:ss2026-09-05 11:10:32,879 yyyy-MM-dd HH:mm:ss2026-09-05 11:10:32,879 yyyy-MM-dd HH:mm:ss2026-09-05 11:10:32,880 yyyy-MM-dd HH:mm:ss2026-09-05 11:10:32,881 yyyy-MM-dd HH:mm:ss2026-09-05 11:10:32,882 yyyy-MM-dd HH:mm:ss2026-09-05 11:10:32,885 yyyy-MM-dd HH:mm:ss2026-09-05 11:10:32,887 yyyy-MM-dd HH:mm:ss2026-09-05 11:10:32,888 yyyy-MM-dd HH:mm:ss2026-09-05 11:10:32,898 yyyy-MM-dd HH:mm:ss2026-09-05 11:10:32,898 yyyy-MM-dd HH:mm:ss2026-09-05 11:10:32,899 yyyy-MM-dd HH:mm:ss2026-09-05 11:10:32,900 yyyy-MM-dd HH:mm:ss2026-09-05 11:10:32,901 yyyy-MM-dd HH:mm:ss2026-09-05 11:10:32,907 yyyy-MM-dd HH:mm:ss2026-09-05 11:10:32,908 yyyy-MM-dd HH:mm:ss2026-09-05 11:10:32,910 yyyy-MM-dd HH:mm:ss2026-09-05 11:10:32,911 yyyy-MM-dd HH:mm:ss2026-09-05 11:10:32,912 yyyy-MM-dd HH:mm:ss2026-09-05 11:10:32,912 yyyy-MM-dd HH:mm:ss2026-09-05 11:10:32,912 yyyy-MM-dd HH:mm:ss2026-09-05 11:10:32,921 yyyy-MM-dd HH:mm:ss2026-09-05 11:10:32,921 yyyy-MM-dd HH:mm:ss2026-09-05 11:10:32,922 yyyy-MM-dd HH:mm:ss2026-09-05 11:10:32,922 yyyy-MM-dd HH:mm:ss2026-09-05 11:10:32,924 yyyy-MM-dd HH:mm:ss2026-09-05 11:10:32,927 yyyy-MM-dd HH:mm:ss2026-09-05 11:10:32,927 yyyy-MM-dd HH:mm:ss2026-09-05 11:10:32,929 yyyy-MM-dd HH:mm:ss2026-09-05 11:10:32,931 yyyy-MM-dd HH:mm:ss2026-09-05 11:10:32,931 yyyy-MM-dd HH:mm:ss2026-09-05 11:10:32,932 yyyy-MM-dd HH:mm:ss2026-09-05 11:10:32,937 yyyy-MM-dd HH:mm:ss2026-09-05 11:10:32,939 yyyy-MM-dd HH:mm:ss2026-09-05 11:10:32,939 yyyy-MM-dd HH:mm:ss2026-09-05 11:10:32,939 yyyy-MM-dd HH:mm:ss2026-09-05 11:10:32,941 yyyy-MM-dd HH:mm:ss2026-09-05 11:10:32,941 yyyy-MM-dd HH:mm:ss2026-09-05 11:10:32,947 yyyy-MM-dd HH:mm:ss2026-09-05 11:10:32,947 yyyy-MM-dd HH:mm:ss2026-09-05 11:10:32,951 yyyy-MM-dd HH:mm:ss2026-09-05 11:10:32,951 yyyy-MM-dd HH:mm:ss2026-09-05 11:10:32,954 yyyy-MM-dd HH:mm:ss2026-09-05 11:10:32,956 yyyy-MM-dd HH:mm:ss2026-09-05 11:10:32,956 yyyy-MM-dd HH:mm:ss2026-09-05 11:10:32,974 yyyy-MM-dd HH:mm:ss2026-09-05 11:10:32,974 yyyy-MM-dd HH:mm:ss2026-09-05 11:10:32,977 yyyy-MM-dd HH:mm:ss2026-09-05 11:10:32,977 yyyy-MM-dd HH:mm:ss2026-09-05 11:10:32,989 yyyy-MM-dd HH:mm:ss2026-09-05 11:10:32,989 yyyy-MM-dd HH:mm:ss2026-09-05 11:10:32,997 yyyy-MM-dd HH:mm:ss2026-09-05 11:10:33,005 yyyy-MM-dd HH:mm:ss2026-09-05 11:10:33,005 yyyy-MM-dd HH:mm:ss2026-09-05 11:10:33,005 yyyy-MM-dd HH:mm:ss2026-09-05 11:10:33,061 yyyy-MM-dd HH:mm:ss2026-09-05 11:10:33,081 yyyy-MM-dd HH:mm:ss2026-09-05 11:10:33,083 yyyy-MM-dd HH:mm:ss2026-09-05 11:10:33,084 yyyy-MM-dd HH:mm:ss2026-09-05 11:10:33,084 yyyy-MM-dd HH:mm:ss2026-09-05 11:10:33,085 yyyy-MM-dd HH:mm:ss2026-09-05 11:10:33,085 yyyy-MM-dd HH:mm:ss2026-09-05 11:10:33,085 yyyy-MM-dd HH:mm:ss2026-09-05 11:10:33,085 yyyy-MM-dd HH:mm:ss2026-09-05 11:10:33,085 yyyy-MM-dd HH:mm:ss2026-09-05 11:10:33,085 yyyy-MM-dd HH:mm:ss2026-09-05 11:10:33,085 yyyy-MM-dd HH:mm:ss2026-09-05 11:10:33,085 yyyy-MM-dd HH:mm:ss2026-09-05 11:10:33,085 yyyy-MM-dd HH:mm:ss2026-09-05 11:10:33,085 yyyy-MM-dd HH:mm:ss2026-09-05 11:10:33,086 yyyy-MM-dd HH:mm:ss2026-09-05 11:10:33,086 yyyy-MM-dd HH:mm:ss2026-09-05 11:10:33,086 yyyy-MM-dd HH:mm:ss2026-09-05 11:10:33,086 yyyy-MM-dd HH:mm:ss2026-09-05 11:10:33,087 yyyy-MM-dd HH:mm:ss2026-09-05 11:10:33,087 yyyy-MM-dd HH:mm:ss2026-09-05 11:10:33,087 yyyy-MM-dd HH:mm:ss2026-09-05 11:10:33,087 yyyy-MM-dd HH:mm:ss2026-09-05 11:10:33,087 yyyy-MM-dd HH:mm:ss2026-09-05 11:10:33,087 yyyy-MM-dd HH:mm:ss2026-09-05 11:10:33,087 yyyy-MM-dd HH:mm:ss2026-09-05 11:10:33,087 yyyy-MM-dd HH:mm:ss2026-09-05 11:10:33,087 yyyy-MM-dd HH:mm:ss2026-09-05 11:10:33,087 yyyy-MM-dd HH:mm:ss2026-09-05 11:10:33,088 yyyy-MM-dd HH:mm:ss2026-09-05 11:10:33,088 yyyy-MM-dd HH:mm:ss2026-09-05 11:10:33,088 yyyy-MM-dd HH:mm:ss2026-09-05 11:10:33,088 yyyy-MM-dd HH:mm:ss2026-09-05 11:10:33,088 yyyy-MM-dd HH:mm:ss2026-09-05 11:10:33,088 yyyy-MM-dd HH:mm:ss2026-09-05 11:10:33,088 yyyy-MM-dd HH:mm:ss2026-09-05 11:10:33,088 yyyy-MM-dd HH:mm:ss2026-09-05 11:10:33,089 yyyy-MM-dd HH:mm:ss2026-09-05 11:10:33,089 yyyy-MM-dd HH:mm:ss2026-09-05 11:10:33,089 yyyy-MM-dd HH:mm:ss2026-09-05 11:10:33,089 yyyy-MM-dd HH:mm:ss2026-09-05 11:10:33,089 yyyy-MM-dd HH:mm:ss2026-09-05 11:10:33,089 yyyy-MM-dd HH:mm:ss2026-09-05 11:10:33,090 yyyy-MM-dd HH:mm:ss2026-09-05 11:10:33,101 yyyy-MM-dd HH:mm:ss2026-09-05 11:10:33,102 yyyy-MM-dd HH:mm:ss2026-09-05 11:10:33,102 yyyy-MM-dd HH:mm:ss2026-09-05 11:10:33,102 yyyy-MM-dd HH:mm:ss2026-09-05 11:10:33,103 yyyy-MM-dd HH:mm:ss2026-09-05 11:10:33,105 yyyy-MM-dd HH:mm:ss2026-09-05 11:10:33,106 yyyy-MM-dd HH:mm:ss2026-09-05 11:10:33,107 yyyy-MM-dd HH:mm:ss2026-09-05 11:10:33,108 yyyy-MM-dd HH:mm:ss2026-09-05 11:10:33,149 yyyy-MM-dd HH:mm:ss2026-09-05 11:10:33,150 yyyy-MM-dd HH:mm:ss2026-09-05 11:10:33,150 yyyy-MM-dd HH:mm:ss2026-09-05 11:10:33,158 yyyy-MM-dd HH:mm:ss2026-09-05 11:10:33,158 yyyy-MM-dd HH:mm:ss2026-09-05 11:10:33,159 yyyy-MM-dd HH:mm:ss2026-09-05 11:10:33,202 yyyy-MM-dd HH:mm:ss2026-09-05 11:10:33,206 yyyy-MM-dd HH:mm:ss2026-09-05 11:10:33,206 yyyy-MM-dd HH:mm:ss2026-09-05 11:10:33,206 yyyy-MM-dd HH:mm:ss2026-09-05 11:10:33,207 yyyy-MM-dd HH:mm:ss2026-09-05 11:10:33,207 yyyy-MM-dd HH:mm:ss2026-09-05 11:10:33,207 yyyy-MM-dd HH:mm:ss2026-09-05 11:10:33,209 yyyy-MM-dd HH:mm:ss2026-09-05 11:10:33,212 yyyy-MM-dd HH:mm:ss2026-09-05 11:10:33,213 yyyy-MM-dd HH:mm:ss2026-09-05 11:10:33,214 yyyy-MM-dd HH:mm:ss2026-09-05 11:10:33,214 yyyy-MM-dd HH:mm:ss2026-09-05 11:10:33,214 yyyy-MM-dd HH:mm:ss2026-09-05 11:10:33,214 yyyy-MM-dd HH:mm:ss2026-09-05 11:10:33,215 yyyy-MM-dd HH:mm:ss2026-09-05 11:10:33,215 yyyy-MM-dd HH:mm:ss2026-09-05 11:10:33,225 yyyy-MM-dd HH:mm:ss2026-09-05 11:10:33,225 yyyy-MM-dd HH:mm:ss2026-09-05 11:10:33,252 yyyy-MM-dd HH:mm:ss2026-09-05 11:10:33,261 yyyy-MM-dd HH:mm:ss2026-09-05 11:10:33,261 yyyy-MM-dd HH:mm:ss2026-09-05 11:10:33,270 yyyy-MM-dd HH:mm:ss2026-09-05 11:10:33,271 yyyy-MM-dd HH:mm:ss2026-09-05 11:10:33,304 yyyy-MM-dd HH:mm:ss2026-09-05 11:10:33,308 yyyy-MM-dd HH:mm:ss2026-09-05 11:10:33,308 yyyy-MM-dd HH:mm:ss2026-09-05 11:10:33,316 yyyy-MM-dd HH:mm:ss2026-09-05 11:10:33,316 yyyy-MM-dd HH:mm:ss2026-09-05 11:10:33,336 yyyy-MM-dd HH:mm:ss2026-09-05 11:10:33,339 yyyy-MM-dd HH:mm:ss2026-09-05 11:10:33,341 yyyy-MM-dd HH:mm:ss2026-09-05 11:10:33,356 yyyy-MM-dd HH:mm:ss2026-09-05 11:10:33,356 yyyy-MM-dd HH:mm:ss2026-09-05 11:10:33,366 yyyy-MM-dd HH:mm:ss2026-09-05 11:10:33,366 yyyy-MM-dd HH:mm:ss2026-09-05 11:10:33,380 yyyy-MM-dd HH:mm:ss2026-09-05 11:10:33,402 yyyy-MM-dd HH:mm:ss2026-09-05 11:10:33,402 yyyy-MM-dd HH:mm:ss2026-09-05 11:10:33,408 yyyy-MM-dd HH:mm:ss2026-09-05 11:10:33,415 yyyy-MM-dd HH:mm:ss2026-09-05 11:10:33,415 yyyy-MM-dd HH:mm:ss2026-09-05 11:10:33,435 yyyy-MM-dd HH:mm:ss2026-09-05 11:10:33,449 yyyy-MM-dd HH:mm:ss2026-09-05 11:10:33,449 yyyy-MM-dd HH:mm:ss2026-09-05 11:10:33,459 yyyy-MM-dd HH:mm:ss2026-09-05 11:10:33,460 yyyy-MM-dd HH:mm:ss2026-09-05 11:10:33,461 yyyy-MM-dd HH:mm:ss2026-09-05 11:10:33,495 yyyy-MM-dd HH:mm:ss2026-09-05 11:10:33,495 yyyy-MM-dd HH:mm:ss2026-09-05 11:10:33,505 yyyy-MM-dd HH:mm:ss2026-09-05 11:10:33,505 yyyy-MM-dd HH:mm:ss2026-09-05 11:10:33,505 yyyy-MM-dd HH:mm:ss2026-09-05 11:10:33,541 yyyy-MM-dd HH:mm:ss2026-09-05 11:10:33,541 yyyy-MM-dd HH:mm:ss2026-09-05 11:10:33,541 yyyy-MM-dd HH:mm:ss2026-09-05 11:10:33,553 yyyy-MM-dd HH:mm:ss2026-09-05 11:10:33,553 yyyy-MM-dd HH:mm:ss2026-09-05 11:10:33,588 yyyy-MM-dd HH:mm:ss2026-09-05 11:10:33,588 yyyy-MM-dd HH:mm:ss2026-09-05 11:10:33,595 yyyy-MM-dd HH:mm:ss2026-09-05 11:10:33,597 yyyy-MM-dd HH:mm:ss2026-09-05 11:10:33,598 yyyy-MM-dd HH:mm:ss2026-09-05 11:10:33,636 yyyy-MM-dd HH:mm:ss2026-09-05 11:10:33,695 yyyy-MM-dd HH:mm:ss2026-09-05 11:10:33,696 yyyy-MM-dd HH:mm:ss2026-09-05 11:10:33,722 yyyy-MM-dd HH:mm:ss2026-09-05 11:10:33,723 yyyy-MM-dd HH:mm:ss2026-09-05 11:10:33,725 yyyy-MM-dd HH:mm:ss2026-09-05 11:10:33,731 yyyy-MM-dd HH:mm:ss2026-09-05 11:10:33,731 yyyy-MM-dd HH:mm:ss2026-09-05 11:10:33,733 yyyy-MM-dd HH:mm:ss2026-09-05 11:10:33,741 yyyy-MM-dd HH:mm:ss2026-09-05 11:10:33,742 yyyy-MM-dd HH:mm:ss2026-09-05 11:10:33,743 yyyy-MM-dd HH:mm:ss2026-09-05 11:10:33,745 yyyy-MM-dd HH:mm:ss2026-09-05 11:10:33,747 yyyy-MM-dd HH:mm:ss2026-09-05 11:10:33,748 yyyy-MM-dd HH:mm:ss2026-09-05 11:10:33,751 yyyy-MM-dd HH:mm:ss2026-09-05 11:10:33,754 yyyy-MM-dd HH:mm:ss2026-09-05 11:10:33,754 yyyy-MM-dd HH:mm:ss2026-09-05 11:10:33,762 yyyy-MM-dd HH:mm:ss2026-09-05 11:10:33,762 yyyy-MM-dd HH:mm:ss2026-09-05 11:10:33,763 yyyy-MM-dd HH:mm:ss2026-09-05 11:10:33,766 yyyy-MM-dd HH:mm:ss2026-09-05 11:10:33,766 yyyy-MM-dd HH:mm:ss2026-09-05 11:10:33,767 yyyy-MM-dd HH:mm:ss2026-09-05 11:10:33,768 yyyy-MM-dd HH:mm:ss2026-09-05 11:10:33,768 yyyy-MM-dd HH:mm:ss2026-09-05 11:10:33,769 yyyy-MM-dd HH:mm:ss2026-09-05 11:10:33,770 yyyy-MM-dd HH:mm:ss2026-09-05 11:10:33,777 yyyy-MM-dd HH:mm:ss2026-09-05 11:10:33,784 yyyy-MM-dd HH:mm:ss2026-09-05 11:10:33,786 yyyy-MM-dd HH:mm:ss2026-09-05 11:10:33,787 yyyy-MM-dd HH:mm:ss2026-09-05 11:10:33,787 yyyy-MM-dd HH:mm:ss2026-09-05 11:10:33,788 yyyy-MM-dd HH:mm:ss2026-09-05 11:10:33,789 yyyy-MM-dd HH:mm:ss2026-09-05 11:10:33,790 yyyy-MM-dd HH:mm:ss2026-09-05 11:10:33,799 yyyy-MM-dd HH:mm:ss2026-09-05 11:10:33,804 yyyy-MM-dd HH:mm:ss2026-09-05 11:10:33,806 yyyy-MM-dd HH:mm:ss2026-09-05 11:10:33,807 yyyy-MM-dd HH:mm:ss2026-09-05 11:10:33,808 yyyy-MM-dd HH:mm:ss2026-09-05 11:10:33,809 yyyy-MM-dd HH:mm:ss2026-09-05 11:10:33,809 yyyy-MM-dd HH:mm:ss2026-09-05 11:10:33,811 yyyy-MM-dd HH:mm:ss2026-09-05 11:10:33,812 yyyy-MM-dd HH:mm:ss2026-09-05 11:10:33,813 yyyy-MM-dd HH:mm:ss2026-09-05 11:10:33,814 yyyy-MM-dd HH:mm:ss2026-09-05 11:10:33,814 yyyy-MM-dd HH:mm:ss2026-09-05 11:10:33,814 yyyy-MM-dd HH:mm:ss2026-09-05 11:10:33,815 yyyy-MM-dd HH:mm:ss2026-09-05 11:10:33,816 yyyy-MM-dd HH:mm:ss2026-09-05 11:10:33,817 yyyy-MM-dd HH:mm:ss2026-09-05 11:10:33,818 yyyy-MM-dd HH:mm:ss2026-09-05 11:10:33,818 yyyy-MM-dd HH:mm:ss2026-09-05 11:10:33,820 yyyy-MM-dd HH:mm:ss2026-09-05 11:10:33,820 yyyy-MM-dd HH:mm:ss2026-09-05 11:10:33,821 yyyy-MM-dd HH:mm:ss2026-09-05 11:10:33,821 yyyy-MM-dd HH:mm:ss2026-09-05 11:10:33,822 yyyy-MM-dd HH:mm:ss2026-09-05 11:10:33,822 yyyy-MM-dd HH:mm:ss2026-09-05 11:10:33,822 yyyy-MM-dd HH:mm:ss2026-09-05 11:10:33,824 yyyy-MM-dd HH:mm:ss2026-09-05 11:10:33,825 yyyy-MM-dd HH:mm:ss2026-09-05 11:10:33,825 yyyy-MM-dd HH:mm:ss2026-09-05 11:10:33,825 yyyy-MM-dd HH:mm:ss2026-09-05 11:10:33,825 yyyy-MM-dd HH:mm:ss2026-09-05 11:10:33,825 yyyy-MM-dd HH:mm:ss2026-09-05 11:10:33,828 yyyy-MM-dd HH:mm:ss2026-09-05 11:10:33,829 yyyy-MM-dd HH:mm:ss2026-09-05 11:10:33,829 yyyy-MM-dd HH:mm:ss2026-09-05 11:10:33,830 yyyy-MM-dd HH:mm:ss2026-09-05 11:10:33,831 yyyy-MM-dd HH:mm:ss2026-09-05 11:10:33,832 yyyy-MM-dd HH:mm:ss2026-09-05 11:10:33,832 yyyy-MM-dd HH:mm:ss2026-09-05 11:10:33,833 yyyy-MM-dd HH:mm:ss2026-09-05 11:10:33,833 yyyy-MM-dd HH:mm:ss2026-09-05 11:10:33,834 yyyy-MM-dd HH:mm:ss2026-09-05 11:10:33,835 yyyy-MM-dd HH:mm:ss2026-09-05 11:10:33,837 yyyy-MM-dd HH:mm:ss2026-09-05 11:10:33,837 yyyy-MM-dd HH:mm:ss2026-09-05 11:10:33,837 yyyy-MM-dd HH:mm:ss2026-09-05 11:10:33,841 yyyy-MM-dd HH:mm:ss2026-09-05 11:10:33,842 yyyy-MM-dd HH:mm:ss2026-09-05 11:10:33,842 yyyy-MM-dd HH:mm:ss2026-09-05 11:10:33,842 yyyy-MM-dd HH:mm:ss2026-09-05 11:10:33,843 yyyy-MM-dd HH:mm:ss2026-09-05 11:10:33,843 yyyy-MM-dd HH:mm:ss2026-09-05 11:10:33,844 yyyy-MM-dd HH:mm:ss2026-09-05 11:10:33,847 yyyy-MM-dd HH:mm:ss2026-09-05 11:10:33,847 yyyy-MM-dd HH:mm:ss2026-09-05 11:10:33,849 yyyy-MM-dd HH:mm:ss2026-09-05 11:10:33,855 yyyy-MM-dd HH:mm:ss2026-09-05 11:10:33,856 yyyy-MM-dd HH:mm:ss2026-09-05 11:10:33,858 yyyy-MM-dd HH:mm:ss2026-09-05 11:10:33,859 yyyy-MM-dd HH:mm:ss2026-09-05 11:10:33,868 yyyy-MM-dd HH:mm:ss2026-09-05 11:10:33,868 yyyy-MM-dd HH:mm:ss2026-09-05 11:10:33,901 yyyy-MM-dd HH:mm:ss2026-09-05 11:10:33,901 yyyy-MM-dd HH:mm:ss2026-09-05 11:10:33,910 yyyy-MM-dd HH:mm:ss2026-09-05 11:10:33,952 yyyy-MM-dd HH:mm:ss2026-09-05 11:10:33,952 yyyy-MM-dd HH:mm:ss2026-09-05 11:10:33,952 yyyy-MM-dd HH:mm:ss2026-09-05 11:10:33,952 yyyy-MM-dd HH:mm:ss2026-09-05 11:10:33,955 yyyy-MM-dd HH:mm:ss2026-09-05 11:10:33,955 yyyy-MM-dd HH:mm:ss2026-09-05 11:10:33,958 yyyy-MM-dd HH:mm:ss2026-09-05 11:10:33,958 yyyy-MM-dd HH:mm:ss2026-09-05 11:10:33,958 yyyy-MM-dd HH:mm:ss2026-09-05 11:10:33,958 yyyy-MM-dd HH:mm:ss2026-09-05 11:10:33,963 yyyy-MM-dd HH:mm:ss2026-09-05 11:10:33,963 yyyy-MM-dd HH:mm:ss2026-09-05 11:10:33,964 yyyy-MM-dd HH:mm:ss2026-09-05 11:10:33,964 yyyy-MM-dd HH:mm:ss2026-09-05 11:10:33,965 yyyy-MM-dd HH:mm:ss2026-09-05 11:10:33,965 yyyy-MM-dd HH:mm:ss2026-09-05 11:10:33,965 yyyy-MM-dd HH:mm:ss2026-09-05 11:10:33,966 yyyy-MM-dd HH:mm:ss2026-09-05 11:10:33,967 yyyy-MM-dd HH:mm:ss2026-09-05 11:10:33,967 yyyy-MM-dd HH:mm:ss2026-09-05 11:10:33,967 yyyy-MM-dd HH:mm:ss2026-09-05 11:10:33,967 yyyy-MM-dd HH:mm:ss2026-09-05 11:10:33,968 yyyy-MM-dd HH:mm:ss2026-09-05 11:10:33,968 yyyy-MM-dd HH:mm:ss2026-09-05 11:10:33,968 yyyy-MM-dd HH:mm:ss2026-09-05 11:10:33,969 yyyy-MM-dd HH:mm:ss2026-09-05 11:10:33,971 yyyy-MM-dd HH:mm:ss2026-09-05 11:10:33,971 yyyy-MM-dd HH:mm:ss2026-09-05 11:10:33,979 yyyy-MM-dd HH:mm:ss2026-09-05 11:10:33,980 yyyy-MM-dd HH:mm:ss2026-09-05 11:10:33,980 yyyy-MM-dd HH:mm:ss2026-09-05 11:10:33,980 yyyy-MM-dd HH:mm:ss2026-09-05 11:10:33,984 yyyy-MM-dd HH:mm:ss2026-09-05 11:10:33,985 yyyy-MM-dd HH:mm:ss2026-09-05 11:10:33,985 yyyy-MM-dd HH:mm:ss2026-09-05 11:10:33,985 yyyy-MM-dd HH:mm:ss2026-09-05 11:10:33,988 yyyy-MM-dd HH:mm:ss2026-09-05 11:10:33,988 yyyy-MM-dd HH:mm:ss2026-09-05 11:10:33,989 yyyy-MM-dd HH:mm:ss2026-09-05 11:10:33,989 yyyy-MM-dd HH:mm:ss2026-09-05 11:10:33,990 yyyy-MM-dd HH:mm:ss2026-09-05 11:10:33,991 yyyy-MM-dd HH:mm:ss2026-09-05 11:10:33,992 yyyy-MM-dd HH:mm:ss2026-09-05 11:10:33,993 yyyy-MM-dd HH:mm:ss2026-09-05 11:10:33,994 yyyy-MM-dd HH:mm:ss2026-09-05 11:10:33,996 yyyy-MM-dd HH:mm:ss2026-09-05 11:10:33,997 yyyy-MM-dd HH:mm:ss2026-09-05 11:10:33,997 yyyy-MM-dd HH:mm:ss2026-09-05 11:10:33,998 yyyy-MM-dd HH:mm:ss2026-09-05 11:10:33,998 yyyy-MM-dd HH:mm:ss2026-09-05 11:10:34,000 yyyy-MM-dd HH:mm:ss2026-09-05 11:10:34,000 yyyy-MM-dd HH:mm:ss2026-09-05 11:10:34,001 yyyy-MM-dd HH:mm:ss2026-09-05 11:10:34,001 yyyy-MM-dd HH:mm:ss2026-09-05 11:10:34,002 yyyy-MM-dd HH:mm:ss2026-09-05 11:10:34,005 yyyy-MM-dd HH:mm:ss2026-09-05 11:10:34,006 yyyy-MM-dd HH:mm:ss2026-09-05 11:10:34,007 yyyy-MM-dd HH:mm:ss2026-09-05 11:10:34,007 yyyy-MM-dd HH:mm:ss2026-09-05 11:10:34,008 yyyy-MM-dd HH:mm:ss2026-09-05 11:10:34,008 yyyy-MM-dd HH:mm:ss2026-09-05 11:10:34,009 yyyy-MM-dd HH:mm:ss2026-09-05 11:10:34,010 yyyy-MM-dd HH:mm:ss2026-09-05 11:10:34,012 yyyy-MM-dd HH:mm:ss2026-09-05 11:10:34,013 yyyy-MM-dd HH:mm:ss2026-09-05 11:10:34,013 yyyy-MM-dd HH:mm:ss2026-09-05 11:10:34,014 yyyy-MM-dd HH:mm:ss2026-09-05 11:10:34,014 yyyy-MM-dd HH:mm:ss2026-09-05 11:10:34,023 yyyy-MM-dd HH:mm:ss2026-09-05 11:10:34,023 yyyy-MM-dd HH:mm:ss2026-09-05 11:10:34,024 yyyy-MM-dd HH:mm:ss2026-09-05 11:10:34,029 yyyy-MM-dd HH:mm:ss2026-09-05 11:10:34,030 yyyy-MM-dd HH:mm:ss2026-09-05 11:10:34,031 yyyy-MM-dd HH:mm:ss2026-09-05 11:10:34,032 yyyy-MM-dd HH:mm:ss2026-09-05 11:10:34,032 yyyy-MM-dd HH:mm:ss2026-09-05 11:10:34,032 yyyy-MM-dd HH:mm:ss2026-09-05 11:10:34,039 yyyy-MM-dd HH:mm:ss2026-09-05 11:10:34,042 yyyy-MM-dd HH:mm:ss2026-09-05 11:10:34,042 yyyy-MM-dd HH:mm:ss2026-09-05 11:10:34,042 yyyy-MM-dd HH:mm:ss2026-09-05 11:10:34,049 yyyy-MM-dd HH:mm:ss2026-09-05 11:10:34,052 yyyy-MM-dd HH:mm:ss2026-09-05 11:10:34,053 yyyy-MM-dd HH:mm:ss2026-09-05 11:10:34,053 yyyy-MM-dd HH:mm:ss2026-09-05 11:10:34,053 yyyy-MM-dd HH:mm:ss2026-09-05 11:10:34,055 yyyy-MM-dd HH:mm:ss2026-09-05 11:10:34,059 yyyy-MM-dd HH:mm:ss2026-09-05 11:10:34,063 yyyy-MM-dd HH:mm:ss2026-09-05 11:10:34,084 yyyy-MM-dd HH:mm:ss2026-09-05 11:10:34,087 yyyy-MM-dd HH:mm:ss2026-09-05 11:10:34,088 yyyy-MM-dd HH:mm:ss2026-09-05 11:10:34,090 yyyy-MM-dd HH:mm:ss2026-09-05 11:10:34,091 yyyy-MM-dd HH:mm:ss2026-09-05 11:10:34,091 yyyy-MM-dd HH:mm:ss2026-09-05 11:10:34,091 yyyy-MM-dd HH:mm:ss2026-09-05 11:10:34,091 yyyy-MM-dd HH:mm:ss2026-09-05 11:10:34,092 yyyy-MM-dd HH:mm:ss2026-09-05 11:10:34,092 yyyy-MM-dd HH:mm:ss2026-09-05 11:10:34,092 yyyy-MM-dd HH:mm:ss2026-09-05 11:10:34,092 yyyy-MM-dd HH:mm:ss2026-09-05 11:10:34,092 yyyy-MM-dd HH:mm:ss2026-09-05 11:10:34,094 yyyy-MM-dd HH:mm:ss2026-09-05 11:10:34,094 yyyy-MM-dd HH:mm:ss2026-09-05 11:10:34,095 yyyy-MM-dd HH:mm:ss2026-09-05 11:10:34,095 yyyy-MM-dd HH:mm:ss2026-09-05 11:10:34,095 yyyy-MM-dd HH:mm:ss2026-09-05 11:10:34,096 yyyy-MM-dd HH:mm:ss2026-09-05 11:10:34,097 yyyy-MM-dd HH:mm:ss2026-09-05 11:10:34,097 yyyy-MM-dd HH:mm:ss2026-09-05 11:10:34,097 yyyy-MM-dd HH:mm:ss2026-09-05 11:10:34,111 yyyy-MM-dd HH:mm:ss2026-09-05 11:10:34,112 yyyy-MM-dd HH:mm:ss2026-09-05 11:10:34,112 yyyy-MM-dd HH:mm:ss2026-09-05 11:10:34,113 yyyy-MM-dd HH:mm:ss2026-09-05 11:10:34,113 yyyy-MM-dd HH:mm:ss2026-09-05 11:10:34,113 yyyy-MM-dd HH:mm:ss2026-09-05 11:10:34,113 yyyy-MM-dd HH:mm:ss2026-09-05 11:10:34,114 yyyy-MM-dd HH:mm:ss2026-09-05 11:10:34,115 yyyy-MM-dd HH:mm:ss2026-09-05 11:10:34,115 yyyy-MM-dd HH:mm:ss2026-09-05 11:10:34,118 yyyy-MM-dd HH:mm:ss2026-09-05 11:10:34,121 yyyy-MM-dd HH:mm:ss2026-09-05 11:10:34,121 yyyy-MM-dd HH:mm:ss2026-09-05 11:10:34,122 yyyy-MM-dd HH:mm:ss2026-09-05 11:10:34,123 yyyy-MM-dd HH:mm:ss2026-09-05 11:10:34,124 yyyy-MM-dd HH:mm:ss2026-09-05 11:10:34,125 yyyy-MM-dd HH:mm:ss2026-09-05 11:10:34,125 yyyy-MM-dd HH:mm:ss2026-09-05 11:10:34,126 yyyy-MM-dd HH:mm:ss2026-09-05 11:10:34,127 yyyy-MM-dd HH:mm:ss2026-09-05 11:10:34,128 yyyy-MM-dd HH:mm:ss2026-09-05 11:10:34,128 yyyy-MM-dd HH:mm:ss2026-09-05 11:10:34,128 yyyy-MM-dd HH:mm:ss2026-09-05 11:10:34,128 yyyy-MM-dd HH:mm:ss2026-09-05 11:10:34,129 yyyy-MM-dd HH:mm:ss2026-09-05 11:10:34,129 yyyy-MM-dd HH:mm:ss2026-09-05 11:10:34,129 yyyy-MM-dd HH:mm:ss2026-09-05 11:10:34,131 yyyy-MM-dd HH:mm:ss2026-09-05 11:10:34,132 yyyy-MM-dd HH:mm:ss2026-09-05 11:10:34,132 yyyy-MM-dd HH:mm:ss2026-09-05 11:10:34,134 yyyy-MM-dd HH:mm:ss2026-09-05 11:10:34,135 yyyy-MM-dd HH:mm:ss2026-09-05 11:10:34,135 yyyy-MM-dd HH:mm:ss2026-09-05 11:10:34,136 yyyy-MM-dd HH:mm:ss2026-09-05 11:10:34,136 yyyy-MM-dd HH:mm:ss2026-09-05 11:10:34,136 yyyy-MM-dd HH:mm:ss2026-09-05 11:10:34,137 yyyy-MM-dd HH:mm:ss2026-09-05 11:10:34,145 yyyy-MM-dd HH:mm:ss2026-09-05 11:10:34,146 yyyy-MM-dd HH:mm:ss2026-09-05 11:10:34,146 yyyy-MM-dd HH:mm:ss2026-09-05 11:10:34,147 yyyy-MM-dd HH:mm:ss2026-09-05 11:10:34,148 yyyy-MM-dd HH:mm:ss2026-09-05 11:10:34,148 yyyy-MM-dd HH:mm:ss2026-09-05 11:10:34,148 yyyy-MM-dd HH:mm:ss2026-09-05 11:10:34,148 yyyy-MM-dd HH:mm:ss2026-09-05 11:10:34,149 yyyy-MM-dd HH:mm:ss2026-09-05 11:10:34,149 yyyy-MM-dd HH:mm:ss2026-09-05 11:10:34,151 yyyy-MM-dd HH:mm:ss2026-09-05 11:10:34,152 yyyy-MM-dd HH:mm:ss2026-09-05 11:10:34,152 yyyy-MM-dd HH:mm:ss2026-09-05 11:10:34,154 yyyy-MM-dd HH:mm:ss2026-09-05 11:10:34,154 yyyy-MM-dd HH:mm:ss2026-09-05 11:10:34,154 yyyy-MM-dd HH:mm:ss2026-09-05 11:10:34,155 yyyy-MM-dd HH:mm:ss2026-09-05 11:10:34,155 yyyy-MM-dd HH:mm:ss2026-09-05 11:10:34,156 yyyy-MM-dd HH:mm:ss2026-09-05 11:10:34,159 yyyy-MM-dd HH:mm:ss2026-09-05 11:10:34,159 yyyy-MM-dd HH:mm:ss2026-09-05 11:10:34,159 yyyy-MM-dd HH:mm:ss2026-09-05 11:10:34,163 yyyy-MM-dd HH:mm:ss2026-09-05 11:10:34,164 yyyy-MM-dd HH:mm:ss2026-09-05 11:10:34,164 yyyy-MM-dd HH:mm:ss2026-09-05 11:10:34,164 yyyy-MM-dd HH:mm:ss2026-09-05 11:10:34,165 yyyy-MM-dd HH:mm:ss2026-09-05 11:10:34,166 yyyy-MM-dd HH:mm:ss2026-09-05 11:10:34,166 yyyy-MM-dd HH:mm:ss2026-09-05 11:10:34,167 yyyy-MM-dd HH:mm:ss2026-09-05 11:10:34,167 yyyy-MM-dd HH:mm:ss2026-09-05 11:10:34,168 yyyy-MM-dd HH:mm:ss2026-09-05 11:10:34,169 yyyy-MM-dd HH:mm:ss2026-09-05 11:10:34,169 yyyy-MM-dd HH:mm:ss2026-09-05 11:10:34,169 yyyy-MM-dd HH:mm:ss2026-09-05 11:10:34,169 yyyy-MM-dd HH:mm:ss2026-09-05 11:10:34,169 yyyy-MM-dd HH:mm:ss2026-09-05 11:10:34,169 yyyy-MM-dd HH:mm:ss2026-09-05 11:10:34,169 yyyy-MM-dd HH:mm:ss2026-09-05 11:10:34,169 yyyy-MM-dd HH:mm:ss2026-09-05 11:10:34,169 yyyy-MM-dd HH:mm:ss2026-09-05 11:10:34,169 yyyy-MM-dd HH:mm:ss2026-09-05 11:10:34,183 yyyy-MM-dd HH:mm:ss2026-09-05 11:10:34,183 yyyy-MM-dd HH:mm:ss2026-09-05 11:10:34,184 yyyy-MM-dd HH:mm:ss2026-09-05 11:10:34,184 yyyy-MM-dd HH:mm:ss2026-09-05 11:10:34,184 yyyy-MM-dd HH:mm:ss2026-09-05 11:10:34,187 yyyy-MM-dd HH:mm:ss2026-09-05 11:10:34,187 yyyy-MM-dd HH:mm:ss2026-09-05 11:10:34,188 yyyy-MM-dd HH:mm:ss2026-09-05 11:10:34,190 yyyy-MM-dd HH:mm:ss2026-09-05 11:10:34,190 yyyy-MM-dd HH:mm:ss2026-09-05 11:10:34,191 yyyy-MM-dd HH:mm:ss2026-09-05 11:10:34,191 yyyy-MM-dd HH:mm:ss2026-09-05 11:10:34,191 yyyy-MM-dd HH:mm:ss2026-09-05 11:10:34,193 yyyy-MM-dd HH:mm:ss2026-09-05 11:10:34,193 yyyy-MM-dd HH:mm:ss2026-09-05 11:10:34,194 yyyy-MM-dd HH:mm:ss2026-09-05 11:10:34,194 yyyy-MM-dd HH:mm:ss2026-09-05 11:10:34,197 yyyy-MM-dd HH:mm:ss2026-09-05 11:10:34,201 yyyy-MM-dd HH:mm:ss2026-09-05 11:10:34,201 yyyy-MM-dd HH:mm:ss2026-09-05 11:10:34,201 yyyy-MM-dd HH:mm:ss2026-09-05 11:10:34,204 yyyy-MM-dd HH:mm:ss2026-09-05 11:10:34,206 yyyy-MM-dd HH:mm:ss2026-09-05 11:10:34,212 yyyy-MM-dd HH:mm:ss2026-09-05 11:10:34,212 yyyy-MM-dd HH:mm:ss2026-09-05 11:10:34,213 yyyy-MM-dd HH:mm:ss2026-09-05 11:10:34,216 yyyy-MM-dd HH:mm:ss2026-09-05 11:10:34,216 yyyy-MM-dd HH:mm:ss2026-09-05 11:10:34,216 yyyy-MM-dd HH:mm:ss2026-09-05 11:10:34,218 yyyy-MM-dd HH:mm:ss2026-09-05 11:10:34,220 yyyy-MM-dd HH:mm:ss2026-09-05 11:10:34,220 yyyy-MM-dd HH:mm:ss2026-09-05 11:10:34,222 yyyy-MM-dd HH:mm:ss2026-09-05 11:10:34,223 yyyy-MM-dd HH:mm:ss2026-09-05 11:10:34,225 yyyy-MM-dd HH:mm:ss2026-09-05 11:10:34,225 yyyy-MM-dd HH:mm:ss2026-09-05 11:10:34,226 yyyy-MM-dd HH:mm:ss2026-09-05 11:10:34,228 yyyy-MM-dd HH:mm:ss2026-09-05 11:10:34,228 yyyy-MM-dd HH:mm:ss2026-09-05 11:10:34,229 yyyy-MM-dd HH:mm:ss2026-09-05 11:10:34,229 yyyy-MM-dd HH:mm:ss2026-09-05 11:10:34,229 yyyy-MM-dd HH:mm:ss2026-09-05 11:10:34,229 yyyy-MM-dd HH:mm:ss2026-09-05 11:10:34,229 yyyy-MM-dd HH:mm:ss2026-09-05 11:10:34,234 yyyy-MM-dd HH:mm:ss2026-09-05 11:10:34,235 yyyy-MM-dd HH:mm:ss2026-09-05 11:10:34,235 yyyy-MM-dd HH:mm:ss2026-09-05 11:10:34,235 yyyy-MM-dd HH:mm:ss2026-09-05 11:10:34,241 yyyy-MM-dd HH:mm:ss2026-09-05 11:10:34,241 yyyy-MM-dd HH:mm:ss2026-09-05 11:10:34,241 yyyy-MM-dd HH:mm:ss2026-09-05 11:10:34,241 yyyy-MM-dd HH:mm:ss2026-09-05 11:10:34,241 yyyy-MM-dd HH:mm:ss2026-09-05 11:10:34,241 yyyy-MM-dd HH:mm:ss2026-09-05 11:10:34,247 yyyy-MM-dd HH:mm:ss2026-09-05 11:10:34,249 yyyy-MM-dd HH:mm:ss2026-09-05 11:10:34,250 yyyy-MM-dd HH:mm:ss2026-09-05 11:10:34,252 yyyy-MM-dd HH:mm:ss2026-09-05 11:10:34,254 yyyy-MM-dd HH:mm:ss2026-09-05 11:10:34,257 yyyy-MM-dd HH:mm:ss2026-09-05 11:10:34,257 yyyy-MM-dd HH:mm:ss2026-09-05 11:10:34,257 yyyy-MM-dd HH:mm:ss2026-09-05 11:10:34,257 yyyy-MM-dd HH:mm:ss2026-09-05 11:10:34,269 yyyy-MM-dd HH:mm:ss2026-09-05 11:10:34,269 yyyy-MM-dd HH:mm:ss2026-09-05 11:10:34,269 yyyy-MM-dd HH:mm:ss2026-09-05 11:10:34,269 yyyy-MM-dd HH:mm:ss2026-09-05 11:10:34,269 yyyy-MM-dd HH:mm:ss2026-09-05 11:10:34,271 yyyy-MM-dd HH:mm:ss2026-09-05 11:10:34,271 yyyy-MM-dd HH:mm:ss2026-09-05 11:10:34,271 yyyy-MM-dd HH:mm:ss2026-09-05 11:10:34,272 yyyy-MM-dd HH:mm:ss2026-09-05 11:10:34,272 yyyy-MM-dd HH:mm:ss2026-09-05 11:10:34,272 yyyy-MM-dd HH:mm:ss2026-09-05 11:10:34,272 yyyy-MM-dd HH:mm:ss2026-09-05 11:10:34,273 yyyy-MM-dd HH:mm:ss2026-09-05 11:10:34,273 yyyy-MM-dd HH:mm:ss2026-09-05 11:10:34,273 yyyy-MM-dd HH:mm:ss2026-09-05 11:10:34,273 yyyy-MM-dd HH:mm:ss2026-09-05 11:10:34,274 yyyy-MM-dd HH:mm:ss2026-09-05 11:10:34,274 yyyy-MM-dd HH:mm:ss2026-09-05 11:10:34,274 yyyy-MM-dd HH:mm:ss2026-09-05 11:10:34,275 yyyy-MM-dd HH:mm:ss2026-09-05 11:10:34,276 yyyy-MM-dd HH:mm:ss2026-09-05 11:10:34,277 yyyy-MM-dd HH:mm:ss2026-09-05 11:10:34,277 yyyy-MM-dd HH:mm:ss2026-09-05 11:10:34,277 yyyy-MM-dd HH:mm:ss2026-09-05 11:10:34,278 yyyy-MM-dd HH:mm:ss2026-09-05 11:10:34,278 yyyy-MM-dd HH:mm:ss2026-09-05 11:10:34,279 yyyy-MM-dd HH:mm:ss2026-09-05 11:10:34,279 yyyy-MM-dd HH:mm:ss2026-09-05 11:10:34,279 yyyy-MM-dd HH:mm:ss2026-09-05 11:10:34,280 yyyy-MM-dd HH:mm:ss2026-09-05 11:10:34,280 yyyy-MM-dd HH:mm:ss2026-09-05 11:10:34,280 yyyy-MM-dd HH:mm:ss2026-09-05 11:10:34,281 yyyy-MM-dd HH:mm:ss2026-09-05 11:10:34,282 yyyy-MM-dd HH:mm:ss2026-09-05 11:10:34,283 yyyy-MM-dd HH:mm:ss2026-09-05 11:10:34,283 yyyy-MM-dd HH:mm:ss2026-09-05 11:10:34,284 yyyy-MM-dd HH:mm:ss2026-09-05 11:10:34,284 yyyy-MM-dd HH:mm:ss2026-09-05 11:10:34,285 yyyy-MM-dd HH:mm:ss2026-09-05 11:10:34,286 yyyy-MM-dd HH:mm:ss2026-09-05 11:10:34,286 yyyy-MM-dd HH:mm:ss2026-09-05 11:10:34,286 yyyy-MM-dd HH:mm:ss2026-09-05 11:10:34,287 yyyy-MM-dd HH:mm:ss2026-09-05 11:10:34,288 yyyy-MM-dd HH:mm:ss2026-09-05 11:10:34,289 yyyy-MM-dd HH:mm:ss2026-09-05 11:10:34,289 yyyy-MM-dd HH:mm:ss2026-09-05 11:10:34,290 yyyy-MM-dd HH:mm:ss2026-09-05 11:10:34,290 yyyy-MM-dd HH:mm:ss2026-09-05 11:10:34,290 yyyy-MM-dd HH:mm:ss2026-09-05 11:10:34,295 yyyy-MM-dd HH:mm:ss2026-09-05 11:10:34,296 yyyy-MM-dd HH:mm:ss2026-09-05 11:10:34,296 yyyy-MM-dd HH:mm:ss2026-09-05 11:10:34,297 yyyy-MM-dd HH:mm:ss2026-09-05 11:10:34,297 yyyy-MM-dd HH:mm:ss2026-09-05 11:10:34,298 yyyy-MM-dd HH:mm:ss2026-09-05 11:10:34,298 yyyy-MM-dd HH:mm:ss2026-09-05 11:10:34,299 yyyy-MM-dd HH:mm:ss2026-09-05 11:10:34,300 yyyy-MM-dd HH:mm:ss2026-09-05 11:10:34,300 yyyy-MM-dd HH:mm:ss2026-09-05 11:10:34,301 yyyy-MM-dd HH:mm:ss2026-09-05 11:10:34,302 yyyy-MM-dd HH:mm:ss2026-09-05 11:10:34,302 yyyy-MM-dd HH:mm:ss2026-09-05 11:10:34,303 yyyy-MM-dd HH:mm:ss2026-09-05 11:10:34,303 yyyy-MM-dd HH:mm:ss2026-09-05 11:10:34,303 yyyy-MM-dd HH:mm:ss2026-09-05 11:10:34,304 yyyy-MM-dd HH:mm:ss2026-09-05 11:10:34,304 yyyy-MM-dd HH:mm:ss2026-09-05 11:10:34,304 yyyy-MM-dd HH:mm:ss2026-09-05 11:10:34,305 yyyy-MM-dd HH:mm:ss2026-09-05 11:10:34,305 yyyy-MM-dd HH:mm:ss2026-09-05 11:10:34,306 yyyy-MM-dd HH:mm:ss2026-09-05 11:10:34,307 yyyy-MM-dd HH:mm:ss2026-09-05 11:10:34,307 yyyy-MM-dd HH:mm:ss2026-09-05 11:10:34,307 yyyy-MM-dd HH:mm:ss2026-09-05 11:10:34,307 yyyy-MM-dd HH:mm:ss2026-09-05 11:10:34,308 yyyy-MM-dd HH:mm:ss2026-09-05 11:10:34,309 yyyy-MM-dd HH:mm:ss2026-09-05 11:10:34,310 yyyy-MM-dd HH:mm:ss2026-09-05 11:10:34,310 yyyy-MM-dd HH:mm:ss2026-09-05 11:10:34,310 yyyy-MM-dd HH:mm:ss2026-09-05 11:10:34,310 yyyy-MM-dd HH:mm:ss2026-09-05 11:10:34,311 yyyy-MM-dd HH:mm:ss2026-09-05 11:10:34,311 yyyy-MM-dd HH:mm:ss2026-09-05 11:10:34,313 yyyy-MM-dd HH:mm:ss2026-09-05 11:10:34,314 yyyy-MM-dd HH:mm:ss2026-09-05 11:10:34,315 yyyy-MM-dd HH:mm:ss2026-09-05 11:10:34,316 yyyy-MM-dd HH:mm:ss2026-09-05 11:10:34,317 yyyy-MM-dd HH:mm:ss2026-09-05 11:10:34,317 yyyy-MM-dd HH:mm:ss2026-09-05 11:10:34,317 yyyy-MM-dd HH:mm:ss2026-09-05 11:10:34,317 yyyy-MM-dd HH:mm:ss2026-09-05 11:10:34,317 yyyy-MM-dd HH:mm:ss2026-09-05 11:10:34,317 yyyy-MM-dd HH:mm:ss2026-09-05 11:10:34,317 yyyy-MM-dd HH:mm:ss2026-09-05 11:10:34,318 yyyy-MM-dd HH:mm:ss2026-09-05 11:10:34,318 yyyy-MM-dd HH:mm:ss2026-09-05 11:10:34,318 yyyy-MM-dd HH:mm:ss2026-09-05 11:10:34,324 yyyy-MM-dd HH:mm:ss2026-09-05 11:10:34,325 yyyy-MM-dd HH:mm:ss2026-09-05 11:10:34,325 yyyy-MM-dd HH:mm:ss2026-09-05 11:10:34,327 yyyy-MM-dd HH:mm:ss2026-09-05 11:10:34,327 yyyy-MM-dd HH:mm:ss2026-09-05 11:10:34,328 yyyy-MM-dd HH:mm:ss2026-09-05 11:10:34,328 yyyy-MM-dd HH:mm:ss2026-09-05 11:10:34,329 yyyy-MM-dd HH:mm:ss2026-09-05 11:10:34,329 yyyy-MM-dd HH:mm:ss2026-09-05 11:10:34,329 yyyy-MM-dd HH:mm:ss2026-09-05 11:10:34,330 yyyy-MM-dd HH:mm:ss2026-09-05 11:10:34,330 yyyy-MM-dd HH:mm:ss2026-09-05 11:10:34,331 yyyy-MM-dd HH:mm:ss2026-09-05 11:10:34,332 yyyy-MM-dd HH:mm:ss2026-09-05 11:10:34,334 yyyy-MM-dd HH:mm:ss2026-09-05 11:10:34,334 yyyy-MM-dd HH:mm:ss2026-09-05 11:10:34,334 yyyy-MM-dd HH:mm:ss2026-09-05 11:10:34,336 yyyy-MM-dd HH:mm:ss2026-09-05 11:10:34,336 yyyy-MM-dd HH:mm:ss2026-09-05 11:10:34,338 yyyy-MM-dd HH:mm:ss2026-09-05 11:10:34,339 yyyy-MM-dd HH:mm:ss2026-09-05 11:10:34,340 yyyy-MM-dd HH:mm:ss2026-09-05 11:10:34,340 yyyy-MM-dd HH:mm:ss2026-09-05 11:10:34,342 yyyy-MM-dd HH:mm:ss2026-09-05 11:10:34,342 yyyy-MM-dd HH:mm:ss2026-09-05 11:10:34,342 yyyy-MM-dd HH:mm:ss2026-09-05 11:10:34,343 yyyy-MM-dd HH:mm:ss2026-09-05 11:10:34,343 yyyy-MM-dd HH:mm:ss2026-09-05 11:10:34,344 yyyy-MM-dd HH:mm:ss2026-09-05 11:10:34,344 yyyy-MM-dd HH:mm:ss2026-09-05 11:10:34,345 yyyy-MM-dd HH:mm:ss2026-09-05 11:10:34,347 yyyy-MM-dd HH:mm:ss2026-09-05 11:10:34,347 yyyy-MM-dd HH:mm:ss2026-09-05 11:10:34,348 yyyy-MM-dd HH:mm:ss2026-09-05 11:10:34,348 yyyy-MM-dd HH:mm:ss2026-09-05 11:10:34,348 yyyy-MM-dd HH:mm:ss2026-09-05 11:10:34,350 yyyy-MM-dd HH:mm:ss2026-09-05 11:10:34,350 yyyy-MM-dd HH:mm:ss2026-09-05 11:10:34,351 yyyy-MM-dd HH:mm:ss2026-09-05 11:10:34,352 yyyy-MM-dd HH:mm:ss2026-09-05 11:10:34,353 yyyy-MM-dd HH:mm:ss2026-09-05 11:10:34,354 yyyy-MM-dd HH:mm:ss2026-09-05 11:10:34,354 yyyy-MM-dd HH:mm:ss2026-09-05 11:10:34,355 yyyy-MM-dd HH:mm:ss2026-09-05 11:10:34,356 yyyy-MM-dd HH:mm:ss2026-09-05 11:10:34,356 yyyy-MM-dd HH:mm:ss2026-09-05 11:10:34,356 yyyy-MM-dd HH:mm:ss2026-09-05 11:10:34,356 yyyy-MM-dd HH:mm:ss2026-09-05 11:10:34,357 yyyy-MM-dd HH:mm:ss2026-09-05 11:10:34,357 yyyy-MM-dd HH:mm:ss2026-09-05 11:10:34,357 yyyy-MM-dd HH:mm:ss2026-09-05 11:10:34,358 yyyy-MM-dd HH:mm:ss2026-09-05 11:10:34,359 yyyy-MM-dd HH:mm:ss2026-09-05 11:10:34,359 yyyy-MM-dd HH:mm:ss2026-09-05 11:10:34,360 yyyy-MM-dd HH:mm:ss2026-09-05 11:10:34,361 yyyy-MM-dd HH:mm:ss2026-09-05 11:10:34,362 yyyy-MM-dd HH:mm:ss2026-09-05 11:10:34,363 yyyy-MM-dd HH:mm:ss2026-09-05 11:10:34,363 yyyy-MM-dd HH:mm:ss2026-09-05 11:10:34,364 yyyy-MM-dd HH:mm:ss2026-09-05 11:10:34,364 yyyy-MM-dd HH:mm:ss2026-09-05 11:10:34,365 yyyy-MM-dd HH:mm:ss2026-09-05 11:10:34,365 yyyy-MM-dd HH:mm:ss2026-09-05 11:10:34,365 yyyy-MM-dd HH:mm:ss2026-09-05 11:10:34,366 yyyy-MM-dd HH:mm:ss2026-09-05 11:10:34,366 yyyy-MM-dd HH:mm:ss2026-09-05 11:10:34,366 yyyy-MM-dd HH:mm:ss2026-09-05 11:10:34,367 yyyy-MM-dd HH:mm:ss2026-09-05 11:10:34,368 yyyy-MM-dd HH:mm:ss2026-09-05 11:10:34,368 yyyy-MM-dd HH:mm:ss2026-09-05 11:10:34,368 yyyy-MM-dd HH:mm:ss2026-09-05 11:10:34,368 yyyy-MM-dd HH:mm:ss2026-09-05 11:10:34,369 yyyy-MM-dd HH:mm:ss2026-09-05 11:10:34,369 yyyy-MM-dd HH:mm:ss2026-09-05 11:10:34,370 yyyy-MM-dd HH:mm:ss2026-09-05 11:10:34,371 yyyy-MM-dd HH:mm:ss2026-09-05 11:10:34,372 yyyy-MM-dd HH:mm:ss2026-09-05 11:10:34,372 yyyy-MM-dd HH:mm:ss2026-09-05 11:10:34,373 yyyy-MM-dd HH:mm:ss2026-09-05 11:10:34,374 yyyy-MM-dd HH:mm:ss2026-09-05 11:10:34,374 yyyy-MM-dd HH:mm:ss2026-09-05 11:10:34,374 yyyy-MM-dd HH:mm:ss2026-09-05 11:10:34,374 yyyy-MM-dd HH:mm:ss2026-09-05 11:10:34,375 yyyy-MM-dd HH:mm:ss2026-09-05 11:10:34,376 yyyy-MM-dd HH:mm:ss2026-09-05 11:10:34,377 yyyy-MM-dd HH:mm:ss2026-09-05 11:10:34,377 yyyy-MM-dd HH:mm:ss2026-09-05 11:10:34,379 yyyy-MM-dd HH:mm:ss2026-09-05 11:10:34,379 yyyy-MM-dd HH:mm:ss2026-09-05 11:10:34,379 yyyy-MM-dd HH:mm:ss2026-09-05 11:10:34,380 yyyy-MM-dd HH:mm:ss2026-09-05 11:10:34,380 yyyy-MM-dd HH:mm:ss2026-09-05 11:10:34,380 yyyy-MM-dd HH:mm:ss2026-09-05 11:10:34,380 yyyy-MM-dd HH:mm:ss2026-09-05 11:10:34,380 yyyy-MM-dd HH:mm:ss2026-09-05 11:10:34,381 yyyy-MM-dd HH:mm:ss2026-09-05 11:10:34,382 yyyy-MM-dd HH:mm:ss2026-09-05 11:10:34,382 yyyy-MM-dd HH:mm:ss2026-09-05 11:10:34,382 yyyy-MM-dd HH:mm:ss2026-09-05 11:10:34,382 yyyy-MM-dd HH:mm:ss2026-09-05 11:10:34,382 yyyy-MM-dd HH:mm:ss2026-09-05 11:10:34,382 yyyy-MM-dd HH:mm:ss2026-09-05 11:10:34,383 yyyy-MM-dd HH:mm:ss2026-09-05 11:10:34,383 yyyy-MM-dd HH:mm:ss2026-09-05 11:10:34,383 yyyy-MM-dd HH:mm:ss2026-09-05 11:10:34,384 yyyy-MM-dd HH:mm:ss2026-09-05 11:10:34,384 yyyy-MM-dd HH:mm:ss2026-09-05 11:10:34,384 yyyy-MM-dd HH:mm:ss2026-09-05 11:10:34,385 yyyy-MM-dd HH:mm:ss2026-09-05 11:10:34,385 yyyy-MM-dd HH:mm:ss2026-09-05 11:10:34,386 yyyy-MM-dd HH:mm:ss2026-09-05 11:10:34,386 yyyy-MM-dd HH:mm:ss2026-09-05 11:10:34,386 yyyy-MM-dd HH:mm:ss2026-09-05 11:10:34,387 yyyy-MM-dd HH:mm:ss2026-09-05 11:10:34,387 yyyy-MM-dd HH:mm:ss2026-09-05 11:10:34,387 yyyy-MM-dd HH:mm:ss2026-09-05 11:10:34,388 yyyy-MM-dd HH:mm:ss2026-09-05 11:10:34,388 yyyy-MM-dd HH:mm:ss2026-09-05 11:10:34,388 yyyy-MM-dd HH:mm:ss2026-09-05 11:10:34,388 yyyy-MM-dd HH:mm:ss2026-09-05 11:10:34,388 yyyy-MM-dd HH:mm:ss2026-09-05 11:10:34,389 yyyy-MM-dd HH:mm:ss2026-09-05 11:10:34,389 yyyy-MM-dd HH:mm:ss2026-09-05 11:10:34,389 yyyy-MM-dd HH:mm:ss2026-09-05 11:10:34,389 yyyy-MM-dd HH:mm:ss2026-09-05 11:10:34,389 yyyy-MM-dd HH:mm:ss2026-09-05 11:10:34,390 yyyy-MM-dd HH:mm:ss2026-09-05 11:10:34,391 yyyy-MM-dd HH:mm:ss2026-09-05 11:10:34,392 yyyy-MM-dd HH:mm:ss2026-09-05 11:10:34,394 yyyy-MM-dd HH:mm:ss2026-09-05 11:10:34,395 yyyy-MM-dd HH:mm:ss2026-09-05 11:10:34,396 yyyy-MM-dd HH:mm:ss2026-09-05 11:10:34,397 yyyy-MM-dd HH:mm:ss2026-09-05 11:10:34,398 yyyy-MM-dd HH:mm:ss2026-09-05 11:10:34,398 yyyy-MM-dd HH:mm:ss2026-09-05 11:10:34,399 yyyy-MM-dd HH:mm:ss2026-09-05 11:10:34,399 yyyy-MM-dd HH:mm:ss2026-09-05 11:10:34,400 yyyy-MM-dd HH:mm:ss2026-09-05 11:10:34,400 yyyy-MM-dd HH:mm:ss2026-09-05 11:10:34,401 yyyy-MM-dd HH:mm:ss2026-09-05 11:10:34,401 yyyy-MM-dd HH:mm:ss2026-09-05 11:10:34,402 yyyy-MM-dd HH:mm:ss2026-09-05 11:10:34,403 yyyy-MM-dd HH:mm:ss2026-09-05 11:10:34,405 yyyy-MM-dd HH:mm:ss2026-09-05 11:10:34,406 yyyy-MM-dd HH:mm:ss2026-09-05 11:10:34,406 yyyy-MM-dd HH:mm:ss2026-09-05 11:10:34,407 yyyy-MM-dd HH:mm:ss2026-09-05 11:10:34,409 yyyy-MM-dd HH:mm:ss2026-09-05 11:10:34,409 yyyy-MM-dd HH:mm:ss2026-09-05 11:10:34,410 yyyy-MM-dd HH:mm:ss2026-09-05 11:10:34,410 yyyy-MM-dd HH:mm:ss2026-09-05 11:10:34,411 yyyy-MM-dd HH:mm:ss2026-09-05 11:10:34,411 yyyy-MM-dd HH:mm:ss2026-09-05 11:10:34,411 yyyy-MM-dd HH:mm:ss2026-09-05 11:10:34,411 yyyy-MM-dd HH:mm:ss2026-09-05 11:10:34,411 yyyy-MM-dd HH:mm:ss2026-09-05 11:10:34,411 yyyy-MM-dd HH:mm:ss2026-09-05 11:10:34,412 yyyy-MM-dd HH:mm:ss2026-09-05 11:10:34,412 yyyy-MM-dd HH:mm:ss2026-09-05 11:10:34,412 yyyy-MM-dd HH:mm:ss2026-09-05 11:10:34,412 yyyy-MM-dd HH:mm:ss2026-09-05 11:10:34,412 yyyy-MM-dd HH:mm:ss2026-09-05 11:10:34,412 yyyy-MM-dd HH:mm:ss2026-09-05 11:10:34,412 yyyy-MM-dd HH:mm:ss2026-09-05 11:10:34,413 yyyy-MM-dd HH:mm:ss2026-09-05 11:10:34,413 yyyy-MM-dd HH:mm:ss2026-09-05 11:10:34,413 yyyy-MM-dd HH:mm:ss2026-09-05 11:10:34,413 yyyy-MM-dd HH:mm:ss2026-09-05 11:10:34,414 yyyy-MM-dd HH:mm:ss2026-09-05 11:10:34,414 yyyy-MM-dd HH:mm:ss2026-09-05 11:10:34,414 yyyy-MM-dd HH:mm:ss2026-09-05 11:10:34,416 yyyy-MM-dd HH:mm:ss2026-09-05 11:10:34,416 yyyy-MM-dd HH:mm:ss2026-09-05 11:10:34,417 yyyy-MM-dd HH:mm:ss2026-09-05 11:10:34,417 yyyy-MM-dd HH:mm:ss2026-09-05 11:10:34,417 yyyy-MM-dd HH:mm:ss2026-09-05 11:10:34,417 yyyy-MM-dd HH:mm:ss2026-09-05 11:10:34,417 yyyy-MM-dd HH:mm:ss2026-09-05 11:10:34,417 yyyy-MM-dd HH:mm:ss2026-09-05 11:10:34,417 yyyy-MM-dd HH:mm:ss2026-09-05 11:10:34,417 yyyy-MM-dd HH:mm:ss2026-09-05 11:10:34,426 yyyy-MM-dd HH:mm:ss2026-09-05 11:10:34,427 yyyy-MM-dd HH:mm:ss2026-09-05 11:10:34,427 yyyy-MM-dd HH:mm:ss2026-09-05 11:10:34,427 yyyy-MM-dd HH:mm:ss2026-09-05 11:10:34,437 yyyy-MM-dd HH:mm:ss2026-09-05 11:10:34,439 yyyy-MM-dd HH:mm:ss2026-09-05 11:10:34,451 yyyy-MM-dd HH:mm:ss2026-09-05 11:10:34,451 yyyy-MM-dd HH:mm:ss2026-09-05 11:10:34,451 yyyy-MM-dd HH:mm:ss2026-09-05 11:10:34,451 yyyy-MM-dd HH:mm:ss2026-09-05 11:10:34,451 yyyy-MM-dd HH:mm:ss2026-09-05 11:10:34,457 yyyy-MM-dd HH:mm:ss2026-09-05 11:10:34,458 yyyy-MM-dd HH:mm:ss2026-09-05 11:10:34,458 yyyy-MM-dd HH:mm:ss2026-09-05 11:10:34,458 yyyy-MM-dd HH:mm:ss2026-09-05 11:10:34,474 yyyy-MM-dd HH:mm:ss2026-09-05 11:10:34,476 yyyy-MM-dd HH:mm:ss2026-09-05 11:10:34,478 yyyy-MM-dd HH:mm:ss2026-09-05 11:10:34,480 yyyy-MM-dd HH:mm:ss2026-09-05 11:10:34,491 yyyy-MM-dd HH:mm:ss2026-09-05 11:10:34,491 yyyy-MM-dd HH:mm:ss2026-09-05 11:10:39,564 yyyy-MM-dd HH:mm:ss2026-09-05 11:10:39,565 yyyy-MM-dd HH:mm:ss2026-09-05 11:10:39,567 yyyy-MM-dd HH:mm:ss2026-09-05 11:10:39,567 yyyy-MM-dd HH:mm:ss2026-09-05 11:10:39,600 yyyy-MM-dd HH:mm:ss2026-09-05 11:10:39,600 yyyy-MM-dd HH:mm:ss2026-09-05 11:10:39,600 yyyy-MM-dd HH:mm:ss2026-09-05 11:10:39,602 yyyy-MM-dd HH:mm:ss2026-09-05 11:10:39,603 yyyy-MM-dd HH:mm:ss2026-09-05 11:10:39,603 yyyy-MM-dd HH:mm:ss2026-09-05 11:10:39,603 yyyy-MM-dd HH:mm:ss2026-09-05 11:10:39,603 yyyy-MM-dd HH:mm:ss2026-09-05 11:10:39,612 yyyy-MM-dd HH:mm:ss2026-09-05 11:10:39,612 yyyy-MM-dd HH:mm:ss2026-09-05 11:10:39,614 yyyy-MM-dd HH:mm:ss2026-09-05 11:10:39,615 yyyy-MM-dd HH:mm:ss2026-09-05 11:10:39,616 yyyy-MM-dd HH:mm:ss2026-09-05 11:10:39,617 yyyy-MM-dd HH:mm:ss2026-09-05 11:10:39,618 yyyy-MM-dd HH:mm:ss2026-09-05 11:10:39,620 yyyy-MM-dd HH:mm:ss2026-09-05 11:10:39,621 yyyy-MM-dd HH:mm:ss2026-09-05 11:10:39,622 yyyy-MM-dd HH:mm:ss2026-09-05 11:10:39,623 yyyy-MM-dd HH:mm:ss2026-09-05 11:10:39,624 yyyy-MM-dd HH:mm:ss2026-09-05 11:10:39,626 yyyy-MM-dd HH:mm:ss2026-09-05 11:10:39,627 yyyy-MM-dd HH:mm:ss2026-09-05 11:10:39,628 yyyy-MM-dd HH:mm:ss2026-09-05 11:10:39,629 yyyy-MM-dd HH:mm:ss2026-09-05 11:10:39,629 yyyy-MM-dd HH:mm:ss2026-09-05 11:10:39,630 yyyy-MM-dd HH:mm:ss2026-09-05 11:10:45,092 yyyy-MM-dd HH:mm:ss2026-09-05 11:10:45,099 yyyy-MM-dd HH:mm:ss2026-09-05 11:10:45,102 yyyy-MM-dd HH:mm:ss2026-09-05 11:10:45,104 yyyy-MM-dd HH:mm:ss2026-09-05 11:10:45,268 yyyy-MM-dd HH:mm:ss2026-09-05 11:10:45,269 yyyy-MM-dd HH:mm:ss2026-09-05 11:10:45,269 yyyy-MM-dd HH:mm:ss2026-09-05 11:10:45,269 yyyy-MM-dd HH:mm:ss2026-09-05 11:10:45,269 yyyy-MM-dd HH:mm:ss2026-09-05 11:10:45,271 yyyy-MM-dd HH:mm:ss2026-09-05 11:10:45,330 yyyy-MM-dd HH:mm:ss2026-09-05 11:10:45,375 yyyy-MM-dd HH:mm:ss2026-09-05 11:10:45,783 yyyy-MM-dd HH:mm:ss2026-09-05 11:10:45,790 yyyy-MM-dd HH:mm:ss2026-09-05 11:10:45,854 yyyy-MM-dd HH:mm:ss2026-09-05 11:10:45,856 yyyy-MM-dd HH:mm:ss2026-09-05 11:10:45,881 yyyy-MM-dd HH:mm:ss2026-09-05 11:10:45,901 yyyy-MM-dd HH:mm:ss2026-09-05 11:10:45,953 yyyy-MM-dd HH:mm:ss2026-09-05 11:10:45,955 yyyy-MM-dd HH:mm:ss2026-09-05 11:10:46,609 yyyy-MM-dd HH:mm:ss2026-09-05 11:10:46,610 yyyy-MM-dd HH:mm:ss2026-09-05 11:10:46,631 yyyy-MM-dd HH:mm:ss2026-09-05 11:10:46,632 yyyy-MM-dd HH:mm:ss2026-09-05 11:10:46,634 yyyy-MM-dd HH:mm:ss2026-09-05 11:10:46,635 yyyy-MM-dd HH:mm:ss2026-09-05 11:10:46,674 yyyy-MM-dd HH:mm:ss2026-09-05 11:10:46,678 yyyy-MM-dd HH:mm:ss2026-09-05 11:10:46,780 yyyy-MM-dd HH:mm:ss2026-09-05 11:10:47,186 yyyy-MM-dd HH:mm:ss2026-09-05 11:10:47,204 yyyy-MM-dd HH:mm:ss2026-09-05 11:10:47,204 yyyy-MM-dd HH:mm:ss2026-09-05 11:10:47,205 yyyy-MM-dd HH:mm:ss2026-09-05 11:10:47,206 yyyy-MM-dd HH:mm:ss2026-09-05 11:10:47,206 yyyy-MM-dd HH:mm:ss2026-09-05 11:10:48,770 yyyy-MM-dd HH:mm:ss2026-09-05 11:10:48,792 yyyy-MM-dd HH:mm:ss2026-09-05 11:10:48,812 yyyy-MM-dd HH:mm:ss2026-09-05 11:10:48,814 yyyy-MM-dd HH:mm:ss2026-09-05 11:10:48,846 yyyy-MM-dd HH:mm:ss2026-09-05 11:10:48,904 yyyy-MM-dd HH:mm:ss2026-09-05 11:10:48,905 yyyy-MM-dd HH:mm:ss2026-09-05 11:10:48,905 yyyy-MM-dd HH:mm:ss2026-09-05 11:10:48,933 yyyy-MM-dd HH:mm:ss2026-09-05 11:10:49,723 yyyy-MM-dd HH:mm:ss2026-09-05 11:10:49,736 yyyy-MM-dd HH:mm:ss2026-09-05 11:10:49,738 yyyy-MM-dd HH:mm:ss2026-09-05 11:10:49,884 yyyy-MM-dd HH:mm:ss2026-09-05 11:10:49,887 yyyy-MM-dd HH:mm:ss2026-09-05 11:10:49,888 yyyy-MM-dd HH:mm:ss2026-09-05 11:10:49,891 yyyy-MM-dd HH:mm:ss2026-09-05 11:10:49,896 yyyy-MM-dd HH:mm:ss2026-09-05 11:10:49,897 yyyy-MM-dd HH:mm:ss2026-09-05 11:10:49,916 yyyy-MM-dd HH:mm:ss2026-09-05 11:10:49,924 yyyy-MM-dd HH:mm:ss2026-09-05 11:10:49,933 yyyy-MM-dd HH:mm:ss2026-09-05 11:10:49,934 yyyy-MM-dd HH:mm:ss2026-09-05 11:10:49,934 yyyy-MM-dd HH:mm:ss2026-09-05 11:10:49,941 yyyy-MM-dd HH:mm:ss2026-09-05 11:10:49,949 yyyy-MM-dd HH:mm:ss2026-09-05 11:10:49,953 yyyy-MM-dd HH:mm:ss2026-09-05 11:10:49,982 yyyy-MM-dd HH:mm:ss2026-09-05 11:10:50,008 yyyy-MM-dd HH:mm:ss2026-09-05 11:10:50,038 yyyy-MM-dd HH:mm:ss2026-09-05 11:10:50,079 yyyy-MM-dd HH:mm:ss2026-09-05 11:10:50,080 yyyy-MM-dd HH:mm:ss2026-09-05 11:10:50,086 yyyy-MM-dd HH:mm:ss2026-09-05 11:10:50,089 yyyy-MM-dd HH:mm:ss2026-09-05 11:10:50,090 yyyy-MM-dd HH:mm:ss2026-09-05 11:10:50,135 yyyy-MM-dd HH:mm:ss2026-09-05 11:10:50,142 yyyy-MM-dd HH:mm:ss2026-09-05 11:10:50,143 yyyy-MM-dd HH:mm:ss2026-09-05 11:10:50,382 yyyy-MM-dd HH:mm:ss2026-09-05 11:10:50,384 yyyy-MM-dd HH:mm:ss2026-09-05 11:10:50,386 yyyy-MM-dd HH:mm:ss2026-09-05 11:10:50,388 yyyy-MM-dd HH:mm:ss2026-09-05 11:10:50,396 yyyy-MM-dd HH:mm:ss2026-09-05 11:10:50,397 yyyy-MM-dd HH:mm:ss2026-09-05 11:10:50,414 yyyy-MM-dd HH:mm:ss2026-09-05 11:10:50,415 yyyy-MM-dd HH:mm:ss2026-09-05 11:10:50,421 yyyy-MM-dd HH:mm:ss2026-09-05 11:10:50,431 yyyy-MM-dd HH:mm:ss2026-09-05 11:10:50,436 yyyy-MM-dd HH:mm:ss2026-09-05 11:10:50,483 yyyy-MM-dd HH:mm:ss2026-09-05 11:10:50,486 yyyy-MM-dd HH:mm:ss2026-09-05 11:10:50,492 yyyy-MM-dd HH:mm:ss2026-09-05 11:10:50,493 yyyy-MM-dd HH:mm:ss2026-09-05 11:10:50,499 yyyy-MM-dd HH:mm:ss2026-09-05 11:10:50,500 yyyy-MM-dd HH:mm:ss2026-09-05 11:10:50,503 yyyy-MM-dd HH:mm:ss2026-09-05 11:10:50,512 yyyy-MM-dd HH:mm:ss2026-09-05 11:10:50,553 yyyy-MM-dd HH:mm:ss2026-09-05 11:10:50,609 yyyy-MM-dd HH:mm:ss2026-09-05 11:10:50,609 yyyy-MM-dd HH:mm:ss2026-09-05 11:10:50,612 yyyy-MM-dd HH:mm:ss2026-09-05 11:10:50,644 yyyy-MM-dd HH:mm:ss2026-09-05 11:10:50,652 yyyy-MM-dd HH:mm:ss2026-09-05 11:10:50,652 yyyy-MM-dd HH:mm:ss2026-09-05 11:10:50,655 yyyy-MM-dd HH:mm:ss2026-09-05 11:10:50,661 yyyy-MM-dd HH:mm:ss2026-09-05 11:10:50,662 yyyy-MM-dd HH:mm:ss2026-09-05 11:10:50,671 yyyy-MM-dd HH:mm:ss2026-09-05 11:10:50,672 yyyy-MM-dd HH:mm:ss2026-09-05 11:10:50,674 yyyy-MM-dd HH:mm:ss2026-09-05 11:10:50,691 yyyy-MM-dd HH:mm:ss2026-09-05 11:10:50,692 yyyy-MM-dd HH:mm:ss2026-09-05 11:10:50,695 yyyy-MM-dd HH:mm:ss2026-09-05 11:10:50,696 yyyy-MM-dd HH:mm:ss2026-09-05 11:10:50,703 yyyy-MM-dd HH:mm:ss2026-09-05 11:10:50,741 yyyy-MM-dd HH:mm:ss2026-09-05 11:10:50,742 yyyy-MM-dd HH:mm:ss2026-09-05 11:10:50,742 yyyy-MM-dd HH:mm:ss2026-09-05 11:10:50,743 yyyy-MM-dd HH:mm:ss2026-09-05 11:10:50,748 yyyy-MM-dd HH:mm:ss2026-09-05 11:10:50,750 yyyy-MM-dd HH:mm:ss2026-09-05 11:10:50,824 yyyy-MM-dd HH:mm:ss2026-09-05 11:10:50,825 yyyy-MM-dd HH:mm:ss2026-09-05 11:10:50,826 yyyy-MM-dd HH:mm:ss2026-09-05 11:10:50,829 yyyy-MM-dd HH:mm:ss2026-09-05 11:10:50,830 yyyy-MM-dd HH:mm:ss2026-09-05 11:10:50,832 yyyy-MM-dd HH:mm:ss2026-09-05 11:10:50,833 yyyy-MM-dd HH:mm:ss2026-09-05 11:10:50,835 yyyy-MM-dd HH:mm:ss2026-09-05 11:10:50,842 yyyy-MM-dd HH:mm:ss2026-09-05 11:10:50,871 yyyy-MM-dd HH:mm:ss2026-09-05 11:10:50,871 yyyy-MM-dd HH:mm:ss2026-09-05 11:10:50,881 yyyy-MM-dd HH:mm:ss2026-09-05 11:10:50,882 yyyy-MM-dd HH:mm:ss2026-09-05 11:10:50,884 yyyy-MM-dd HH:mm:ss2026-09-05 11:10:50,893 yyyy-MM-dd HH:mm:ss2026-09-05 11:10:50,906 yyyy-MM-dd HH:mm:ss2026-09-05 11:10:51,222 yyyy-MM-dd HH:mm:ss2026-09-05 11:10:51,223 yyyy-MM-dd HH:mm:ss2026-09-05 11:10:51,225 yyyy-MM-dd HH:mm:ss2026-09-05 11:10:51,348 yyyy-MM-dd HH:mm:ss2026-09-05 11:10:51,377 yyyy-MM-dd HH:mm:ss2026-09-05 11:10:51,382 yyyy-MM-dd HH:mm:ss2026-09-05 11:10:51,383 yyyy-MM-dd HH:mm:ss2026-09-05 11:10:51,513 yyyy-MM-dd HH:mm:ss2026-09-05 11:10:51,515 yyyy-MM-dd HH:mm:ss2026-09-05 11:10:51,522 yyyy-MM-dd HH:mm:ss2026-09-05 11:10:51,523 yyyy-MM-dd HH:mm:ss2026-09-05 11:10:51,525 yyyy-MM-dd HH:mm:ss2026-09-05 11:10:51,525 yyyy-MM-dd HH:mm:ss2026-09-05 11:10:51,530 yyyy-MM-dd HH:mm:ss2026-09-05 11:10:51,531 yyyy-MM-dd HH:mm:ss2026-09-05 11:10:51,536 yyyy-MM-dd HH:mm:ss2026-09-05 11:10:51,545 yyyy-MM-dd HH:mm:ss2026-09-05 11:10:51,546 yyyy-MM-dd HH:mm:ss2026-09-05 11:10:51,551 yyyy-MM-dd HH:mm:ss2026-09-05 11:10:51,552 yyyy-MM-dd HH:mm:ss2026-09-05 11:10:51,555 yyyy-MM-dd HH:mm:ss2026-09-05 11:10:51,560 yyyy-MM-dd HH:mm:ss2026-09-05 11:10:51,560 yyyy-MM-dd HH:mm:ss2026-09-05 11:10:51,562 yyyy-MM-dd HH:mm:ss2026-09-05 11:10:51,562 yyyy-MM-dd HH:mm:ss2026-09-05 11:10:51,564 yyyy-MM-dd HH:mm:ss2026-09-05 11:10:51,565 yyyy-MM-dd HH:mm:ss2026-09-05 11:10:51,568 yyyy-MM-dd HH:mm:ss2026-09-05 11:10:51,574 yyyy-MM-dd HH:mm:ss2026-09-05 11:10:51,574 yyyy-MM-dd HH:mm:ss2026-09-05 11:10:51,585 yyyy-MM-dd HH:mm:ss2026-09-05 11:10:51,614 yyyy-MM-dd HH:mm:ss2026-09-05 11:10:51,615 yyyy-MM-dd HH:mm:ss2026-09-05 11:10:51,618 yyyy-MM-dd HH:mm:ss2026-09-05 11:10:51,620 yyyy-MM-dd HH:mm:ss2026-09-05 11:10:51,622 yyyy-MM-dd HH:mm:ss2026-09-05 11:10:51,622 yyyy-MM-dd HH:mm:ss2026-09-05 11:10:51,640 yyyy-MM-dd HH:mm:ss2026-09-05 11:10:51,640 yyyy-MM-dd HH:mm:ss2026-09-05 11:10:51,657 yyyy-MM-dd HH:mm:ss2026-09-05 11:10:51,658 yyyy-MM-dd HH:mm:ss2026-09-05 11:10:51,660 yyyy-MM-dd HH:mm:ss2026-09-05 11:10:51,668 yyyy-MM-dd HH:mm:ss2026-09-05 11:10:51,668 yyyy-MM-dd HH:mm:ss2026-09-05 11:10:51,669 yyyy-MM-dd HH:mm:ss2026-09-05 11:10:51,674 yyyy-MM-dd HH:mm:ss2026-09-05 11:10:51,674 yyyy-MM-dd HH:mm:ss2026-09-05 11:10:51,676 yyyy-MM-dd HH:mm:ss2026-09-05 11:10:51,676 yyyy-MM-dd HH:mm:ss2026-09-05 11:10:51,682 yyyy-MM-dd HH:mm:ss2026-09-05 11:10:51,682 yyyy-MM-dd HH:mm:ss2026-09-05 11:10:51,684 yyyy-MM-dd HH:mm:ss2026-09-05 11:10:51,696 yyyy-MM-dd HH:mm:ss2026-09-05 11:10:51,697 yyyy-MM-dd HH:mm:ss2026-09-05 11:10:51,698 yyyy-MM-dd HH:mm:ss2026-09-05 11:10:51,700 yyyy-MM-dd HH:mm:ss2026-09-05 11:10:51,700 yyyy-MM-dd HH:mm:ss2026-09-05 11:10:51,700 yyyy-MM-dd HH:mm:ss2026-09-05 11:10:51,700 yyyy-MM-dd HH:mm:ss2026-09-05 11:10:51,724 yyyy-MM-dd HH:mm:ss2026-09-05 11:10:51,727 yyyy-MM-dd HH:mm:ss2026-09-05 11:10:51,727 yyyy-MM-dd HH:mm:ss2026-09-05 11:10:51,732 yyyy-MM-dd HH:mm:ss2026-09-05 11:10:51,733 yyyy-MM-dd HH:mm:ss2026-09-05 11:10:51,735 yyyy-MM-dd HH:mm:ss2026-09-05 11:10:51,736 yyyy-MM-dd HH:mm:ss2026-09-05 11:10:51,749 yyyy-MM-dd HH:mm:ss2026-09-05 11:10:51,749 yyyy-MM-dd HH:mm:ss2026-09-05 11:10:51,788 yyyy-MM-dd HH:mm:ss2026-09-05 11:10:51,796 yyyy-MM-dd HH:mm:ss2026-09-05 11:10:51,796 yyyy-MM-dd HH:mm:ss2026-09-05 11:10:51,796 yyyy-MM-dd HH:mm:ss2026-09-05 11:10:51,811 yyyy-MM-dd HH:mm:ss2026-09-05 11:10:51,811 yyyy-MM-dd HH:mm:ss2026-09-05 11:10:51,812 yyyy-MM-dd HH:mm:ss2026-09-05 11:10:51,812 yyyy-MM-dd HH:mm:ss2026-09-05 11:10:51,814 yyyy-MM-dd HH:mm:ss2026-09-05 11:10:51,818 yyyy-MM-dd HH:mm:ss2026-09-05 11:10:51,823 yyyy-MM-dd HH:mm:ss2026-09-05 11:10:51,833 yyyy-MM-dd HH:mm:ss2026-09-05 11:10:51,839 yyyy-MM-dd HH:mm:ss2026-09-05 11:10:51,840 yyyy-MM-dd HH:mm:ss2026-09-05 11:10:51,840 yyyy-MM-dd HH:mm:ss2026-09-05 11:10:51,841 yyyy-MM-dd HH:mm:ss2026-09-05 11:10:51,843 yyyy-MM-dd HH:mm:ss2026-09-05 11:10:51,856 yyyy-MM-dd HH:mm:ss2026-09-05 11:10:51,856 yyyy-MM-dd HH:mm:ss2026-09-05 11:10:51,856 yyyy-MM-dd HH:mm:ss2026-09-05 11:10:51,858 yyyy-MM-dd HH:mm:ss2026-09-05 11:10:51,858 yyyy-MM-dd HH:mm:ss2026-09-05 11:10:51,858 yyyy-MM-dd HH:mm:ss2026-09-05 11:10:51,868 yyyy-MM-dd HH:mm:ss2026-09-05 11:10:51,896 yyyy-MM-dd HH:mm:ss2026-09-05 11:10:51,897 yyyy-MM-dd HH:mm:ss2026-09-05 11:10:51,897 yyyy-MM-dd HH:mm:ss2026-09-05 11:10:51,898 yyyy-MM-dd HH:mm:ss2026-09-05 11:10:51,900 yyyy-MM-dd HH:mm:ss2026-09-05 11:10:51,903 yyyy-MM-dd HH:mm:ss2026-09-05 11:10:51,903 yyyy-MM-dd HH:mm:ss2026-09-05 11:10:51,913 yyyy-MM-dd HH:mm:ss2026-09-05 11:10:51,916 yyyy-MM-dd HH:mm:ss2026-09-05 11:10:51,916 yyyy-MM-dd HH:mm:ss2026-09-05 11:10:51,919 yyyy-MM-dd HH:mm:ss2026-09-05 11:10:51,926 yyyy-MM-dd HH:mm:ss2026-09-05 11:10:51,927 yyyy-MM-dd HH:mm:ss2026-09-05 11:10:51,928 yyyy-MM-dd HH:mm:ss2026-09-05 11:10:51,928 yyyy-MM-dd HH:mm:ss2026-09-05 11:10:51,935 yyyy-MM-dd HH:mm:ss2026-09-05 11:10:51,935 yyyy-MM-dd HH:mm:ss2026-09-05 11:10:51,942 yyyy-MM-dd HH:mm:ss2026-09-05 11:10:51,944 yyyy-MM-dd HH:mm:ss2026-09-05 11:10:52,014 yyyy-MM-dd HH:mm:ss2026-09-05 11:10:52,014 yyyy-MM-dd HH:mm:ss2026-09-05 11:10:52,023 yyyy-MM-dd HH:mm:ss2026-09-05 11:10:52,026 yyyy-MM-dd HH:mm:ss2026-09-05 11:10:52,027 yyyy-MM-dd HH:mm:ss2026-09-05 11:10:52,064 yyyy-MM-dd HH:mm:ss2026-09-05 11:10:52,066 yyyy-MM-dd HH:mm:ss2026-09-05 11:10:52,147 yyyy-MM-dd HH:mm:ss2026-09-05 11:10:52,165 yyyy-MM-dd HH:mm:ss2026-09-05 11:10:52,257 yyyy-MM-dd HH:mm:ss2026-09-05 11:10:52,262 yyyy-MM-dd HH:mm:ss2026-09-05 11:10:52,270 yyyy-MM-dd HH:mm:ss2026-09-05 11:10:52,330 yyyy-MM-dd HH:mm:ss2026-09-05 11:10:52,332 yyyy-MM-dd HH:mm:ss2026-09-05 11:10:52,376 yyyy-MM-dd HH:mm:ss2026-09-05 11:10:52,380 yyyy-MM-dd HH:mm:ss2026-09-05 11:10:52,381 yyyy-MM-dd HH:mm:ss2026-09-05 11:10:53,007 yyyy-MM-dd HH:mm:ss2026-09-05 11:10:53,740 yyyy-MM-dd HH:mm:ss2026-09-05 11:10:53,872 yyyy-MM-dd HH:mm:ss2026-09-05 11:10:53,876 yyyy-MM-dd HH:mm:ss2026-09-05 11:10:53,878 yyyy-MM-dd HH:mm:ss2026-09-05 11:10:53,879 yyyy-MM-dd HH:mm:ss2026-09-05 11:10:53,880 yyyy-MM-dd HH:mm:ss2026-09-05 11:10:53,880 yyyy-MM-dd HH:mm:ss2026-09-05 11:10:53,882 yyyy-MM-dd HH:mm:ss2026-09-05 11:10:53,882 yyyy-MM-dd HH:mm:ss2026-09-05 11:10:53,883 yyyy-MM-dd HH:mm:ss2026-09-05 11:10:53,884 yyyy-MM-dd HH:mm:ss2026-09-05 11:10:53,884 yyyy-MM-dd HH:mm:ss2026-09-05 11:10:53,885 yyyy-MM-dd HH:mm:ss2026-09-05 11:10:53,885 yyyy-MM-dd HH:mm:ss2026-09-05 11:10:53,886 yyyy-MM-dd HH:mm:ss2026-09-05 11:10:53,887 yyyy-MM-dd HH:mm:ss2026-09-05 11:10:53,888 yyyy-MM-dd HH:mm:ss2026-09-05 11:10:53,888 yyyy-MM-dd HH:mm:ss2026-09-05 11:10:53,889 yyyy-MM-dd HH:mm:ss2026-09-05 11:10:53,889 yyyy-MM-dd HH:mm:ss2026-09-05 11:10:53,890 yyyy-MM-dd HH:mm:ss2026-09-05 11:10:53,890 yyyy-MM-dd HH:mm:ss2026-09-05 11:10:53,890 yyyy-MM-dd HH:mm:ss2026-09-05 11:10:53,890 yyyy-MM-dd HH:mm:ss2026-09-05 11:10:53,891 yyyy-MM-dd HH:mm:ss2026-09-05 11:10:53,892 yyyy-MM-dd HH:mm:ss2026-09-05 11:10:53,893 yyyy-MM-dd HH:mm:ss2026-09-05 11:10:53,893 yyyy-MM-dd HH:mm:ss2026-09-05 11:10:53,895 yyyy-MM-dd HH:mm:ss2026-09-05 11:10:53,896 yyyy-MM-dd HH:mm:ss2026-09-05 11:10:53,897 yyyy-MM-dd HH:mm:ss2026-09-05 11:10:53,897 yyyy-MM-dd HH:mm:ss2026-09-05 11:10:53,898 yyyy-MM-dd HH:mm:ss2026-09-05 11:10:53,899 yyyy-MM-dd HH:mm:ss2026-09-05 11:10:53,899 yyyy-MM-dd HH:mm:ss2026-09-05 11:10:53,900 yyyy-MM-dd HH:mm:ss2026-09-05 11:10:53,900 yyyy-MM-dd HH:mm:ss2026-09-05 11:10:53,900 yyyy-MM-dd HH:mm:ss2026-09-05 11:10:53,902 yyyy-MM-dd HH:mm:ss2026-09-05 11:10:53,902 yyyy-MM-dd HH:mm:ss2026-09-05 11:10:53,902 yyyy-MM-dd HH:mm:ss2026-09-05 11:10:53,903 yyyy-MM-dd HH:mm:ss2026-09-05 11:10:53,961 yyyy-MM-dd HH:mm:ss2026-09-05 11:10:54,402 yyyy-MM-dd HH:mm:ss2026-09-05 11:10:54,405 yyyy-MM-dd HH:mm:ss2026-09-05 11:10:54,410 yyyy-MM-dd HH:mm:ss2026-09-05 11:10:54,422 yyyy-MM-dd HH:mm:ss2026-09-05 11:10:54,423 yyyy-MM-dd HH:mm:ss2026-09-05 11:10:54,520 yyyy-MM-dd HH:mm:ss2026-09-05 11:10:54,523 yyyy-MM-dd HH:mm:ss2026-09-05 11:10:54,533 yyyy-MM-dd HH:mm:ss2026-09-05 11:10:54,534 yyyy-MM-dd HH:mm:ss2026-09-05 11:10:54,567 yyyy-MM-dd HH:mm:ss2026-09-05 11:10:54,568 yyyy-MM-dd HH:mm:ss2026-09-05 11:10:54,578 yyyy-MM-dd HH:mm:ss2026-09-05 11:10:54,578 yyyy-MM-dd HH:mm:ss2026-09-05 11:10:54,590 yyyy-MM-dd HH:mm:ss2026-09-05 11:10:54,597 yyyy-MM-dd HH:mm:ss2026-09-05 11:10:54,614 yyyy-MM-dd HH:mm:ss2026-09-05 11:10:54,615 yyyy-MM-dd HH:mm:ss2026-09-05 11:10:54,621 yyyy-MM-dd HH:mm:ss2026-09-05 11:10:54,626 yyyy-MM-dd HH:mm:ss2026-09-05 11:10:54,626 yyyy-MM-dd HH:mm:ss2026-09-05 11:10:54,643 yyyy-MM-dd HH:mm:ss2026-09-05 11:10:54,662 yyyy-MM-dd HH:mm:ss2026-09-05 11:10:54,663 yyyy-MM-dd HH:mm:ss2026-09-05 11:10:54,673 yyyy-MM-dd HH:mm:ss2026-09-05 11:10:54,674 yyyy-MM-dd HH:mm:ss2026-09-05 11:10:54,708 yyyy-MM-dd HH:mm:ss2026-09-05 11:10:54,710 yyyy-MM-dd HH:mm:ss2026-09-05 11:10:54,723 yyyy-MM-dd HH:mm:ss2026-09-05 11:10:54,723 yyyy-MM-dd HH:mm:ss2026-09-05 11:10:54,755 yyyy-MM-dd HH:mm:ss2026-09-05 11:10:54,756 yyyy-MM-dd HH:mm:ss2026-09-05 11:10:54,768 yyyy-MM-dd HH:mm:ss2026-09-05 11:10:54,768 yyyy-MM-dd HH:mm:ss2026-09-05 11:10:54,802 yyyy-MM-dd HH:mm:ss2026-09-05 11:10:54,802 yyyy-MM-dd HH:mm:ss2026-09-05 11:10:54,812 yyyy-MM-dd HH:mm:ss2026-09-05 11:10:54,812 yyyy-MM-dd HH:mm:ss2026-09-05 11:10:54,848 yyyy-MM-dd HH:mm:ss2026-09-05 11:10:54,849 yyyy-MM-dd HH:mm:ss2026-09-05 11:10:54,858 yyyy-MM-dd HH:mm:ss2026-09-05 11:10:54,859 yyyy-MM-dd HH:mm:ss2026-09-05 11:10:54,895 yyyy-MM-dd HH:mm:ss2026-09-05 11:10:54,895 yyyy-MM-dd HH:mm:ss2026-09-05 11:10:54,906 yyyy-MM-dd HH:mm:ss2026-09-05 11:10:54,906 yyyy-MM-dd HH:mm:ss2026-09-05 11:10:54,942 yyyy-MM-dd HH:mm:ss2026-09-05 11:10:54,942 yyyy-MM-dd HH:mm:ss2026-09-05 11:10:55,277 yyyy-MM-dd HH:mm:ss2026-09-05 11:10:55,291 yyyy-MM-dd HH:mm:ss2026-09-05 11:10:55,295 yyyy-MM-dd HH:mm:ss2026-09-05 11:10:55,475 yyyy-MM-dd HH:mm:ss2026-09-05 11:10:55,477 yyyy-MM-dd HH:mm:ss2026-09-05 11:10:55,479 yyyy-MM-dd HH:mm:ss2026-09-05 11:10:55,701 yyyy-MM-dd HH:mm:ss2026-09-05 11:10:55,731 yyyy-MM-dd HH:mm:ss2026-09-05 11:10:55,732 yyyy-MM-dd HH:mm:ss2026-09-05 11:10:55,732 yyyy-MM-dd HH:mm:ss2026-09-05 11:10:55,732 yyyy-MM-dd HH:mm:ss2026-09-05 11:10:55,732 yyyy-MM-dd HH:mm:ss2026-09-05 11:10:55,733 yyyy-MM-dd HH:mm:ss2026-09-05 11:10:55,734 yyyy-MM-dd HH:mm:ss2026-09-05 11:10:55,737 yyyy-MM-dd HH:mm:ss2026-09-05 11:10:55,738 yyyy-MM-dd HH:mm:ss2026-09-05 11:10:55,739 yyyy-MM-dd HH:mm:ss2026-09-05 11:10:55,739 yyyy-MM-dd HH:mm:ss2026-09-05 11:10:55,739 yyyy-MM-dd HH:mm:ss2026-09-05 11:10:55,739 yyyy-MM-dd HH:mm:ss2026-09-05 11:10:56,152 yyyy-MM-dd HH:mm:ss2026-09-05 11:10:57,018 yyyy-MM-dd HH:mm:ss2026-09-05 11:10:57,653 yyyy-MM-dd HH:mm:ss2026-09-05 11:10:57,672 yyyy-MM-dd HH:mm:ss2026-09-05 11:10:57,728 yyyy-MM-dd HH:mm:ss2026-09-05 11:10:57,760 yyyy-MM-dd HH:mm:ss2026-09-05 11:10:57,790 yyyy-MM-dd HH:mm:ss2026-09-05 11:10:57,835 yyyy-MM-dd HH:mm:ss2026-09-05 11:10:57,884 yyyy-MM-dd HH:mm:ss2026-09-05 11:10:57,925 yyyy-MM-dd HH:mm:ss2026-09-05 11:10:57,975 yyyy-MM-dd HH:mm:ss2026-09-05 11:10:58,024 yyyy-MM-dd HH:mm:ss2026-09-05 11:10:58,127 yyyy-MM-dd HH:mm:ss2026-09-05 11:10:58,128 yyyy-MM-dd HH:mm:ss2026-09-05 11:10:58,184 yyyy-MM-dd HH:mm:ss2026-09-05 11:10:58,185 yyyy-MM-dd HH:mm:ss2026-09-05 11:10:58,193 yyyy-MM-dd HH:mm:ss2026-09-05 11:10:58,208 yyyy-MM-dd HH:mm:ss2026-09-05 11:10:58,209 yyyy-MM-dd HH:mm:ss2026-09-05 11:10:58,217 yyyy-MM-dd HH:mm:ss2026-09-05 11:10:58,745 yyyy-MM-dd HH:mm:ss2026-09-05 11:10:58,747 yyyy-MM-dd HH:mm:ss2026-09-05 11:10:58,748 yyyy-MM-dd HH:mm:ss2026-09-05 11:10:58,762 yyyy-MM-dd HH:mm:ss2026-09-05 11:10:58,771 yyyy-MM-dd HH:mm:ss2026-09-05 11:10:58,772 yyyy-MM-dd HH:mm:ss2026-09-05 11:10:58,790 yyyy-MM-dd HH:mm:ss2026-09-05 11:10:58,800 yyyy-MM-dd HH:mm:ss2026-09-05 11:10:58,810 yyyy-MM-dd HH:mm:ss2026-09-05 11:10:58,837 yyyy-MM-dd HH:mm:ss2026-09-05 11:10:58,838 yyyy-MM-dd HH:mm:ss2026-09-05 11:10:58,889 yyyy-MM-dd HH:mm:ss2026-09-05 11:10:58,960 yyyy-MM-dd HH:mm:ss2026-09-05 11:10:58,998 yyyy-MM-dd HH:mm:ss2026-09-05 11:10:58,998 yyyy-MM-dd HH:mm:ss2026-09-05 11:10:59,000 yyyy-MM-dd HH:mm:ss2026-09-05 11:10:59,004 yyyy-MM-dd HH:mm:ss2026-09-05 11:10:59,007 yyyy-MM-dd HH:mm:ss2026-09-05 11:10:59,010 yyyy-MM-dd HH:mm:ss2026-09-05 11:10:59,053 yyyy-MM-dd HH:mm:ss2026-09-05 11:10:59,159 yyyy-MM-dd HH:mm:ss2026-09-05 11:10:59,412 yyyy-MM-dd HH:mm:ss2026-09-05 11:10:59,453 yyyy-MM-dd HH:mm:ss2026-09-05 11:10:59,535 yyyy-MM-dd HH:mm:ss2026-09-05 11:10:59,535 yyyy-MM-dd HH:mm:ss2026-09-05 11:10:59,539 yyyy-MM-dd HH:mm:ss2026-09-05 11:10:59,545 yyyy-MM-dd HH:mm:ss2026-09-05 11:10:59,548 yyyy-MM-dd HH:mm:ss2026-09-05 11:10:59,610 yyyy-MM-dd HH:mm:ss2026-09-05 11:10:59,618 yyyy-MM-dd HH:mm:ss2026-09-05 11:10:59,623 yyyy-MM-dd HH:mm:ss2026-09-05 11:10:59,624 yyyy-MM-dd HH:mm:ss2026-09-05 11:10:59,626 yyyy-MM-dd HH:mm:ss2026-09-05 11:10:59,630 yyyy-MM-dd HH:mm:ss2026-09-05 11:10:59,633 yyyy-MM-dd HH:mm:ss2026-09-05 11:10:59,639 yyyy-MM-dd HH:mm:ss2026-09-05 11:10:59,640 yyyy-MM-dd HH:mm:ss2026-09-05 11:10:59,642 yyyy-MM-dd HH:mm:ss2026-09-05 11:10:59,644 yyyy-MM-dd HH:mm:ss2026-09-05 11:10:59,645 yyyy-MM-dd HH:mm:ss2026-09-05 11:10:59,648 yyyy-MM-dd HH:mm:ss2026-09-05 11:10:59,650 yyyy-MM-dd HH:mm:ss2026-09-05 11:10:59,651 yyyy-MM-dd HH:mm:ss2026-09-05 11:10:59,662 yyyy-MM-dd HH:mm:ss2026-09-05 11:10:59,670 yyyy-MM-dd HH:mm:ss2026-09-05 11:10:59,672 yyyy-MM-dd HH:mm:ss2026-09-05 11:10:59,677 yyyy-MM-dd HH:mm:ss2026-09-05 11:10:59,677 yyyy-MM-dd HH:mm:ss2026-09-05 11:10:59,678 yyyy-MM-dd HH:mm:ss2026-09-05 11:10:59,678 yyyy-MM-dd HH:mm:ss2026-09-05 11:10:59,680 yyyy-MM-dd HH:mm:ss2026-09-05 11:10:59,680 yyyy-MM-dd HH:mm:ss2026-09-05 11:10:59,681 yyyy-MM-dd HH:mm:ss2026-09-05 11:10:59,686 yyyy-MM-dd HH:mm:ss2026-09-05 11:10:59,687 yyyy-MM-dd HH:mm:ss2026-09-05 11:10:59,688 yyyy-MM-dd HH:mm:ss2026-09-05 11:10:59,688 yyyy-MM-dd HH:mm:ss2026-09-05 11:10:59,688 yyyy-MM-dd HH:mm:ss2026-09-05 11:10:59,688 yyyy-MM-dd HH:mm:ss2026-09-05 11:10:59,693 yyyy-MM-dd HH:mm:ss2026-09-05 11:10:59,699 yyyy-MM-dd HH:mm:ss2026-09-05 11:10:59,700 yyyy-MM-dd HH:mm:ss2026-09-05 11:10:59,706 yyyy-MM-dd HH:mm:ss2026-09-05 11:10:59,708 yyyy-MM-dd HH:mm:ss2026-09-05 11:10:59,708 yyyy-MM-dd HH:mm:ss2026-09-05 11:10:59,711 yyyy-MM-dd HH:mm:ss2026-09-05 11:10:59,714 yyyy-MM-dd HH:mm:ss2026-09-05 11:10:59,719 yyyy-MM-dd HH:mm:ss2026-09-05 11:10:59,720 yyyy-MM-dd HH:mm:ss2026-09-05 11:10:59,728 yyyy-MM-dd HH:mm:ss2026-09-05 11:10:59,734 yyyy-MM-dd HH:mm:ss2026-09-05 11:10:59,734 yyyy-MM-dd HH:mm:ss2026-09-05 11:10:59,734 yyyy-MM-dd HH:mm:ss2026-09-05 11:10:59,748 yyyy-MM-dd HH:mm:ss2026-09-05 11:10:59,752 yyyy-MM-dd HH:mm:ss2026-09-05 11:10:59,752 yyyy-MM-dd HH:mm:ss2026-09-05 11:10:59,752 yyyy-MM-dd HH:mm:ss2026-09-05 11:10:59,758 yyyy-MM-dd HH:mm:ss2026-09-05 11:10:59,759 yyyy-MM-dd HH:mm:ss2026-09-05 11:10:59,763 yyyy-MM-dd HH:mm:ss2026-09-05 11:10:59,768 yyyy-MM-dd HH:mm:ss2026-09-05 11:10:59,768 yyyy-MM-dd HH:mm:ss2026-09-05 11:10:59,771 yyyy-MM-dd HH:mm:ss2026-09-05 11:10:59,896 yyyy-MM-dd HH:mm:ss2026-09-05 11:10:59,900 yyyy-MM-dd HH:mm:ss2026-09-05 11:10:59,918 yyyy-MM-dd HH:mm:ss2026-09-05 11:10:59,921 yyyy-MM-dd HH:mm:ss2026-09-05 11:10:59,975 yyyy-MM-dd HH:mm:ss2026-09-05 11:10:59,975 yyyy-MM-dd HH:mm:ss2026-09-05 11:11:00,186 yyyy-MM-dd HH:mm:ss2026-09-05 11:11:00,187 yyyy-MM-dd HH:mm:ss2026-09-05 11:11:00,235 yyyy-MM-dd HH:mm:ss2026-09-05 11:11:00,342 yyyy-MM-dd HH:mm:ss2026-09-05 11:11:00,343 yyyy-MM-dd HH:mm:ss2026-09-05 11:11:00,343 yyyy-MM-dd HH:mm:ss2026-09-05 11:11:00,343 yyyy-MM-dd HH:mm:ss2026-09-05 11:11:00,350 yyyy-MM-dd HH:mm:ss2026-09-05 11:11:00,350 yyyy-MM-dd HH:mm:ss2026-09-05 11:11:00,361 yyyy-MM-dd HH:mm:ss2026-09-05 11:11:00,361 yyyy-MM-dd HH:mm:ss2026-09-05 11:11:00,361 yyyy-MM-dd HH:mm:ss2026-09-05 11:11:00,361 yyyy-MM-dd HH:mm:ss2026-09-05 11:11:00,377 yyyy-MM-dd HH:mm:ss2026-09-05 11:11:00,379 yyyy-MM-dd HH:mm:ss2026-09-05 11:11:00,385 yyyy-MM-dd HH:mm:ss2026-09-05 11:11:00,385 yyyy-MM-dd HH:mm:ss2026-09-05 11:11:00,388 yyyy-MM-dd HH:mm:ss2026-09-05 11:11:00,391 yyyy-MM-dd HH:mm:ss2026-09-05 11:11:00,392 yyyy-MM-dd HH:mm:ss2026-09-05 11:11:00,401 yyyy-MM-dd HH:mm:ss2026-09-05 11:11:00,403 yyyy-MM-dd HH:mm:ss2026-09-05 11:11:00,404 yyyy-MM-dd HH:mm:ss2026-09-05 11:11:00,404 yyyy-MM-dd HH:mm:ss2026-09-05 11:11:00,408 yyyy-MM-dd HH:mm:ss2026-09-05 11:11:00,411 yyyy-MM-dd HH:mm:ss2026-09-05 11:11:00,413 yyyy-MM-dd HH:mm:ss2026-09-05 11:11:00,413 yyyy-MM-dd HH:mm:ss2026-09-05 11:11:00,417 yyyy-MM-dd HH:mm:ss2026-09-05 11:11:00,423 yyyy-MM-dd HH:mm:ss2026-09-05 11:11:00,424 yyyy-MM-dd HH:mm:ss2026-09-05 11:11:00,450 yyyy-MM-dd HH:mm:ss2026-09-05 11:11:00,455 yyyy-MM-dd HH:mm:ss2026-09-05 11:11:00,455 yyyy-MM-dd HH:mm:ss2026-09-05 11:11:00,455 yyyy-MM-dd HH:mm:ss2026-09-05 11:11:00,511 yyyy-MM-dd HH:mm:ss2026-09-05 11:11:00,513 yyyy-MM-dd HH:mm:ss2026-09-05 11:11:00,513 yyyy-MM-dd HH:mm:ss2026-09-05 11:11:00,514 yyyy-MM-dd HH:mm:ss2026-09-05 11:11:00,578 yyyy-MM-dd HH:mm:ss2026-09-05 11:11:00,595 yyyy-MM-dd HH:mm:ss2026-09-05 11:11:00,608 yyyy-MM-dd HH:mm:ss2026-09-05 11:11:00,638 yyyy-MM-dd HH:mm:ss2026-09-05 11:11:00,647 yyyy-MM-dd HH:mm:ss2026-09-05 11:11:00,654 yyyy-MM-dd HH:mm:ss2026-09-05 11:11:00,671 yyyy-MM-dd HH:mm:ss2026-09-05 11:11:00,672 yyyy-MM-dd HH:mm:ss2026-09-05 11:11:00,675 yyyy-MM-dd HH:mm:ss2026-09-05 11:11:00,679 yyyy-MM-dd HH:mm:ss2026-09-05 11:11:00,683 yyyy-MM-dd HH:mm:ss2026-09-05 11:11:00,684 yyyy-MM-dd HH:mm:ss2026-09-05 11:11:00,689 yyyy-MM-dd HH:mm:ss2026-09-05 11:11:00,690 yyyy-MM-dd HH:mm:ss2026-09-05 11:11:00,712 yyyy-MM-dd HH:mm:ss2026-09-05 11:11:00,713 yyyy-MM-dd HH:mm:ss2026-09-05 11:11:00,720 yyyy-MM-dd HH:mm:ss2026-09-05 11:11:00,720 yyyy-MM-dd HH:mm:ss2026-09-05 11:11:00,723 yyyy-MM-dd HH:mm:ss2026-09-05 11:11:00,784 yyyy-MM-dd HH:mm:ss2026-09-05 11:11:00,789 yyyy-MM-dd HH:mm:ss2026-09-05 11:11:00,800 yyyy-MM-dd HH:mm:ss2026-09-05 11:11:00,800 yyyy-MM-dd HH:mm:ss2026-09-05 11:11:00,803 yyyy-MM-dd HH:mm:ss2026-09-05 11:11:00,804 yyyy-MM-dd HH:mm:ss2026-09-05 11:11:00,805 yyyy-MM-dd HH:mm:ss2026-09-05 11:11:00,811 yyyy-MM-dd HH:mm:ss2026-09-05 11:11:00,866 yyyy-MM-dd HH:mm:ss2026-09-05 11:11:00,884 yyyy-MM-dd HH:mm:ss2026-09-05 11:11:00,885 yyyy-MM-dd HH:mm:ss2026-09-05 11:11:00,893 yyyy-MM-dd HH:mm:ss2026-09-05 11:11:00,894 yyyy-MM-dd HH:mm:ss2026-09-05 11:11:00,955 yyyy-MM-dd HH:mm:ss2026-09-05 11:11:00,955 yyyy-MM-dd HH:mm:ss2026-09-05 11:11:00,965 yyyy-MM-dd HH:mm:ss2026-09-05 11:11:00,980 yyyy-MM-dd HH:mm:ss2026-09-05 11:11:00,982 yyyy-MM-dd HH:mm:ss2026-09-05 11:11:00,984 yyyy-MM-dd HH:mm:ss2026-09-05 11:11:01,008 yyyy-MM-dd HH:mm:ss2026-09-05 11:11:01,008 yyyy-MM-dd HH:mm:ss2026-09-05 11:11:01,008 yyyy-MM-dd HH:mm:ss2026-09-05 11:11:01,029 yyyy-MM-dd HH:mm:ss2026-09-05 11:11:01,040 yyyy-MM-dd HH:mm:ss2026-09-05 11:11:01,041 yyyy-MM-dd HH:mm:ss2026-09-05 11:11:01,041 yyyy-MM-dd HH:mm:ss2026-09-05 11:11:01,062 yyyy-MM-dd HH:mm:ss2026-09-05 11:11:01,075 yyyy-MM-dd HH:mm:ss2026-09-05 11:11:01,075 yyyy-MM-dd HH:mm:ss2026-09-05 11:11:01,075 yyyy-MM-dd HH:mm:ss2026-09-05 11:11:01,075 yyyy-MM-dd HH:mm:ss2026-09-05 11:11:01,151 yyyy-MM-dd HH:mm:ss2026-09-05 11:11:01,181 yyyy-MM-dd HH:mm:ss2026-09-05 11:11:01,197 yyyy-MM-dd HH:mm:ss2026-09-05 11:11:01,248 yyyy-MM-dd HH:mm:ss2026-09-05 11:11:01,252 yyyy-MM-dd HH:mm:ss2026-09-05 11:11:01,254 yyyy-MM-dd HH:mm:ss2026-09-05 11:11:01,262 yyyy-MM-dd HH:mm:ss2026-09-05 11:11:01,269 yyyy-MM-dd HH:mm:ss2026-09-05 11:11:01,270 yyyy-MM-dd HH:mm:ss2026-09-05 11:11:01,271 yyyy-MM-dd HH:mm:ss2026-09-05 11:11:01,272 yyyy-MM-dd HH:mm:ss2026-09-05 11:11:01,273 yyyy-MM-dd HH:mm:ss2026-09-05 11:11:01,273 yyyy-MM-dd HH:mm:ss2026-09-05 11:11:01,274 yyyy-MM-dd HH:mm:ss2026-09-05 11:11:01,277 yyyy-MM-dd HH:mm:ss2026-09-05 11:11:01,278 yyyy-MM-dd HH:mm:ss2026-09-05 11:11:01,282 yyyy-MM-dd HH:mm:ss2026-09-05 11:11:01,284 yyyy-MM-dd HH:mm:ss2026-09-05 11:11:01,286 yyyy-MM-dd HH:mm:ss2026-09-05 11:11:01,286 yyyy-MM-dd HH:mm:ss2026-09-05 11:11:01,286 yyyy-MM-dd HH:mm:ss2026-09-05 11:11:01,296 yyyy-MM-dd HH:mm:ss2026-09-05 11:11:01,297 yyyy-MM-dd HH:mm:ss2026-09-05 11:11:01,297 yyyy-MM-dd HH:mm:ss2026-09-05 11:11:01,297 yyyy-MM-dd HH:mm:ss2026-09-05 11:11:01,341 yyyy-MM-dd HH:mm:ss2026-09-05 11:11:01,343 yyyy-MM-dd HH:mm:ss2026-09-05 11:11:01,344 yyyy-MM-dd HH:mm:ss2026-09-05 11:11:01,347 yyyy-MM-dd HH:mm:ss2026-09-05 11:11:01,347 yyyy-MM-dd HH:mm:ss2026-09-05 11:11:01,347 yyyy-MM-dd HH:mm:ss2026-09-05 11:11:01,355 yyyy-MM-dd HH:mm:ss2026-09-05 11:11:01,360 yyyy-MM-dd HH:mm:ss2026-09-05 11:11:01,363 yyyy-MM-dd HH:mm:ss2026-09-05 11:11:01,366 yyyy-MM-dd HH:mm:ss2026-09-05 11:11:01,383 yyyy-MM-dd HH:mm:ss2026-09-05 11:11:01,386 yyyy-MM-dd HH:mm:ss2026-09-05 11:11:01,394 yyyy-MM-dd HH:mm:ss2026-09-05 11:11:01,445 yyyy-MM-dd HH:mm:ss2026-09-05 11:11:01,445 yyyy-MM-dd HH:mm:ss2026-09-05 11:11:01,450 yyyy-MM-dd HH:mm:ss2026-09-05 11:11:01,464 yyyy-MM-dd HH:mm:ss2026-09-05 11:11:01,465 yyyy-MM-dd HH:mm:ss2026-09-05 11:11:01,468 yyyy-MM-dd HH:mm:ss2026-09-05 11:11:01,487 yyyy-MM-dd HH:mm:ss2026-09-05 11:11:01,490 yyyy-MM-dd HH:mm:ss2026-09-05 11:11:01,491 yyyy-MM-dd HH:mm:ss2026-09-05 11:11:01,491 yyyy-MM-dd HH:mm:ss2026-09-05 11:11:01,493 yyyy-MM-dd HH:mm:ss2026-09-05 11:11:01,493 yyyy-MM-dd HH:mm:ss2026-09-05 11:11:01,495 yyyy-MM-dd HH:mm:ss2026-09-05 11:11:01,496 yyyy-MM-dd HH:mm:ss2026-09-05 11:11:01,507 yyyy-MM-dd HH:mm:ss2026-09-05 11:11:01,510 yyyy-MM-dd HH:mm:ss2026-09-05 11:11:01,511 yyyy-MM-dd HH:mm:ss2026-09-05 11:11:01,513 yyyy-MM-dd HH:mm:ss2026-09-05 11:11:01,513 yyyy-MM-dd HH:mm:ss2026-09-05 11:11:01,514 yyyy-MM-dd HH:mm:ss2026-09-05 11:11:01,515 yyyy-MM-dd HH:mm:ss2026-09-05 11:11:01,516 yyyy-MM-dd HH:mm:ss2026-09-05 11:11:01,517 yyyy-MM-dd HH:mm:ss2026-09-05 11:11:01,518 yyyy-MM-dd HH:mm:ss2026-09-05 11:11:01,536 yyyy-MM-dd HH:mm:ss2026-09-05 11:11:01,537 yyyy-MM-dd HH:mm:ss2026-09-05 11:11:01,538 yyyy-MM-dd HH:mm:ss2026-09-05 11:11:01,540 yyyy-MM-dd HH:mm:ss2026-09-05 11:11:01,541 yyyy-MM-dd HH:mm:ss2026-09-05 11:11:01,543 yyyy-MM-dd HH:mm:ss2026-09-05 11:11:01,544 yyyy-MM-dd HH:mm:ss2026-09-05 11:11:01,545 yyyy-MM-dd HH:mm:ss2026-09-05 11:11:01,547 yyyy-MM-dd HH:mm:ss2026-09-05 11:11:01,547 yyyy-MM-dd HH:mm:ss2026-09-05 11:11:01,550 yyyy-MM-dd HH:mm:ss2026-09-05 11:11:01,551 yyyy-MM-dd HH:mm:ss2026-09-05 11:11:01,552 yyyy-MM-dd HH:mm:ss2026-09-05 11:11:01,554 yyyy-MM-dd HH:mm:ss2026-09-05 11:11:01,554 yyyy-MM-dd HH:mm:ss2026-09-05 11:11:01,555 yyyy-MM-dd HH:mm:ss2026-09-05 11:11:01,555 yyyy-MM-dd HH:mm:ss2026-09-05 11:11:01,555 yyyy-MM-dd HH:mm:ss2026-09-05 11:11:01,557 yyyy-MM-dd HH:mm:ss2026-09-05 11:11:01,565 yyyy-MM-dd HH:mm:ss2026-09-05 11:11:01,566 yyyy-MM-dd HH:mm:ss2026-09-05 11:11:01,566 yyyy-MM-dd HH:mm:ss2026-09-05 11:11:01,571 yyyy-MM-dd HH:mm:ss2026-09-05 11:11:01,573 yyyy-MM-dd HH:mm:ss2026-09-05 11:11:01,573 yyyy-MM-dd HH:mm:ss2026-09-05 11:11:01,574 yyyy-MM-dd HH:mm:ss2026-09-05 11:11:01,577 yyyy-MM-dd HH:mm:ss2026-09-05 11:11:01,579 yyyy-MM-dd HH:mm:ss2026-09-05 11:11:01,579 yyyy-MM-dd HH:mm:ss2026-09-05 11:11:01,580 yyyy-MM-dd HH:mm:ss2026-09-05 11:11:01,581 yyyy-MM-dd HH:mm:ss2026-09-05 11:11:01,583 yyyy-MM-dd HH:mm:ss2026-09-05 11:11:01,585 yyyy-MM-dd HH:mm:ss2026-09-05 11:11:01,585 yyyy-MM-dd HH:mm:ss2026-09-05 11:11:01,585 yyyy-MM-dd HH:mm:ss2026-09-05 11:11:01,585 yyyy-MM-dd HH:mm:ss2026-09-05 11:11:01,585 yyyy-MM-dd HH:mm:ss2026-09-05 11:11:01,585 yyyy-MM-dd HH:mm:ss2026-09-05 11:11:01,585 yyyy-MM-dd HH:mm:ss2026-09-05 11:11:01,585 yyyy-MM-dd HH:mm:ss2026-09-05 11:11:01,585 yyyy-MM-dd HH:mm:ss2026-09-05 11:11:01,585 yyyy-MM-dd HH:mm:ss2026-09-05 11:11:01,604 yyyy-MM-dd HH:mm:ss2026-09-05 11:11:01,605 yyyy-MM-dd HH:mm:ss2026-09-05 11:11:01,606 yyyy-MM-dd HH:mm:ss2026-09-05 11:11:01,606 yyyy-MM-dd HH:mm:ss2026-09-05 11:11:01,606 yyyy-MM-dd HH:mm:ss2026-09-05 11:11:01,613 yyyy-MM-dd HH:mm:ss2026-09-05 11:11:01,614 yyyy-MM-dd HH:mm:ss2026-09-05 11:11:01,614 yyyy-MM-dd HH:mm:ss2026-09-05 11:11:01,618 yyyy-MM-dd HH:mm:ss2026-09-05 11:11:01,618 yyyy-MM-dd HH:mm:ss2026-09-05 11:11:01,618 yyyy-MM-dd HH:mm:ss2026-09-05 11:11:01,618 yyyy-MM-dd HH:mm:ss2026-09-05 11:11:01,621 yyyy-MM-dd HH:mm:ss2026-09-05 11:11:01,626 yyyy-MM-dd HH:mm:ss2026-09-05 11:11:01,626 yyyy-MM-dd HH:mm:ss2026-09-05 11:11:01,629 yyyy-MM-dd HH:mm:ss2026-09-05 11:11:01,629 yyyy-MM-dd HH:mm:ss2026-09-05 11:11:01,633 yyyy-MM-dd HH:mm:ss2026-09-05 11:11:01,636 yyyy-MM-dd HH:mm:ss2026-09-05 11:11:01,636 yyyy-MM-dd HH:mm:ss2026-09-05 11:11:01,636 yyyy-MM-dd HH:mm:ss2026-09-05 11:11:01,642 yyyy-MM-dd HH:mm:ss2026-09-05 11:11:01,646 yyyy-MM-dd HH:mm:ss2026-09-05 11:11:01,657 yyyy-MM-dd HH:mm:ss2026-09-05 11:11:01,659 yyyy-MM-dd HH:mm:ss2026-09-05 11:11:01,662 yyyy-MM-dd HH:mm:ss2026-09-05 11:11:01,665 yyyy-MM-dd HH:mm:ss2026-09-05 11:11:01,665 yyyy-MM-dd HH:mm:ss2026-09-05 11:11:01,665 yyyy-MM-dd HH:mm:ss2026-09-05 11:11:01,668 yyyy-MM-dd HH:mm:ss2026-09-05 11:11:01,671 yyyy-MM-dd HH:mm:ss2026-09-05 11:11:01,671 yyyy-MM-dd HH:mm:ss2026-09-05 11:11:01,674 yyyy-MM-dd HH:mm:ss2026-09-05 11:11:01,674 yyyy-MM-dd HH:mm:ss2026-09-05 11:11:01,679 yyyy-MM-dd HH:mm:ss2026-09-05 11:11:01,679 yyyy-MM-dd HH:mm:ss2026-09-05 11:11:01,682 yyyy-MM-dd HH:mm:ss2026-09-05 11:11:01,685 yyyy-MM-dd HH:mm:ss2026-09-05 11:11:01,686 yyyy-MM-dd HH:mm:ss2026-09-05 11:11:01,687 yyyy-MM-dd HH:mm:ss2026-09-05 11:11:01,687 yyyy-MM-dd HH:mm:ss2026-09-05 11:11:01,687 yyyy-MM-dd HH:mm:ss2026-09-05 11:11:01,687 yyyy-MM-dd HH:mm:ss2026-09-05 11:11:01,687 yyyy-MM-dd HH:mm:ss2026-09-05 11:11:01,695 yyyy-MM-dd HH:mm:ss2026-09-05 11:11:01,696 yyyy-MM-dd HH:mm:ss2026-09-05 11:11:01,696 yyyy-MM-dd HH:mm:ss2026-09-05 11:11:01,696 yyyy-MM-dd HH:mm:ss2026-09-05 11:11:01,701 yyyy-MM-dd HH:mm:ss2026-09-05 11:11:01,701 yyyy-MM-dd HH:mm:ss2026-09-05 11:11:01,701 yyyy-MM-dd HH:mm:ss2026-09-05 11:11:01,701 yyyy-MM-dd HH:mm:ss2026-09-05 11:11:01,701 yyyy-MM-dd HH:mm:ss2026-09-05 11:11:01,701 yyyy-MM-dd HH:mm:ss2026-09-05 11:11:01,706 yyyy-MM-dd HH:mm:ss2026-09-05 11:11:01,709 yyyy-MM-dd HH:mm:ss2026-09-05 11:11:01,711 yyyy-MM-dd HH:mm:ss2026-09-05 11:11:01,715 yyyy-MM-dd HH:mm:ss2026-09-05 11:11:01,718 yyyy-MM-dd HH:mm:ss2026-09-05 11:11:01,721 yyyy-MM-dd HH:mm:ss2026-09-05 11:11:01,721 yyyy-MM-dd HH:mm:ss2026-09-05 11:11:01,721 yyyy-MM-dd HH:mm:ss2026-09-05 11:11:01,721 yyyy-MM-dd HH:mm:ss2026-09-05 11:11:01,739 yyyy-MM-dd HH:mm:ss2026-09-05 11:11:01,739 yyyy-MM-dd HH:mm:ss2026-09-05 11:11:01,739 yyyy-MM-dd HH:mm:ss2026-09-05 11:11:01,739 yyyy-MM-dd HH:mm:ss2026-09-05 11:11:01,739 yyyy-MM-dd HH:mm:ss2026-09-05 11:11:01,741 yyyy-MM-dd HH:mm:ss2026-09-05 11:11:01,742 yyyy-MM-dd HH:mm:ss2026-09-05 11:11:01,743 yyyy-MM-dd HH:mm:ss2026-09-05 11:11:01,744 yyyy-MM-dd HH:mm:ss2026-09-05 11:11:01,744 yyyy-MM-dd HH:mm:ss2026-09-05 11:11:01,746 yyyy-MM-dd HH:mm:ss2026-09-05 11:11:01,746 yyyy-MM-dd HH:mm:ss2026-09-05 11:11:01,747 yyyy-MM-dd HH:mm:ss2026-09-05 11:11:01,751 yyyy-MM-dd HH:mm:ss2026-09-05 11:11:01,751 yyyy-MM-dd HH:mm:ss2026-09-05 11:11:01,751 yyyy-MM-dd HH:mm:ss2026-09-05 11:11:01,753 yyyy-MM-dd HH:mm:ss2026-09-05 11:11:01,754 yyyy-MM-dd HH:mm:ss2026-09-05 11:11:01,756 yyyy-MM-dd HH:mm:ss2026-09-05 11:11:01,757 yyyy-MM-dd HH:mm:ss2026-09-05 11:11:01,767 yyyy-MM-dd HH:mm:ss2026-09-05 11:11:01,768 yyyy-MM-dd HH:mm:ss2026-09-05 11:11:01,768 yyyy-MM-dd HH:mm:ss2026-09-05 11:11:01,770 yyyy-MM-dd HH:mm:ss2026-09-05 11:11:01,776 yyyy-MM-dd HH:mm:ss2026-09-05 11:11:01,777 yyyy-MM-dd HH:mm:ss2026-09-05 11:11:01,779 yyyy-MM-dd HH:mm:ss2026-09-05 11:11:01,780 yyyy-MM-dd HH:mm:ss2026-09-05 11:11:01,781 yyyy-MM-dd HH:mm:ss2026-09-05 11:11:01,781 yyyy-MM-dd HH:mm:ss2026-09-05 11:11:01,785 yyyy-MM-dd HH:mm:ss2026-09-05 11:11:01,785 yyyy-MM-dd HH:mm:ss2026-09-05 11:11:01,787 yyyy-MM-dd HH:mm:ss2026-09-05 11:11:01,789 yyyy-MM-dd HH:mm:ss2026-09-05 11:11:01,789 yyyy-MM-dd HH:mm:ss2026-09-05 11:11:01,794 yyyy-MM-dd HH:mm:ss2026-09-05 11:11:01,795 yyyy-MM-dd HH:mm:ss2026-09-05 11:11:01,801 yyyy-MM-dd HH:mm:ss2026-09-05 11:11:01,801 yyyy-MM-dd HH:mm:ss2026-09-05 11:11:01,809 yyyy-MM-dd HH:mm:ss2026-09-05 11:11:01,809 yyyy-MM-dd HH:mm:ss2026-09-05 11:11:01,811 yyyy-MM-dd HH:mm:ss2026-09-05 11:11:01,816 yyyy-MM-dd HH:mm:ss2026-09-05 11:11:01,818 yyyy-MM-dd HH:mm:ss2026-09-05 11:11:01,818 yyyy-MM-dd HH:mm:ss2026-09-05 11:11:01,821 yyyy-MM-dd HH:mm:ss2026-09-05 11:11:01,823 yyyy-MM-dd HH:mm:ss2026-09-05 11:11:01,823 yyyy-MM-dd HH:mm:ss2026-09-05 11:11:01,823 yyyy-MM-dd HH:mm:ss2026-09-05 11:11:01,836 yyyy-MM-dd HH:mm:ss2026-09-05 11:11:01,836 yyyy-MM-dd HH:mm:ss2026-09-05 11:11:01,838 yyyy-MM-dd HH:mm:ss2026-09-05 11:11:01,840 yyyy-MM-dd HH:mm:ss2026-09-05 11:11:01,840 yyyy-MM-dd HH:mm:ss2026-09-05 11:11:01,846 yyyy-MM-dd HH:mm:ss2026-09-05 11:11:01,846 yyyy-MM-dd HH:mm:ss2026-09-05 11:11:01,847 yyyy-MM-dd HH:mm:ss2026-09-05 11:11:01,849 yyyy-MM-dd HH:mm:ss2026-09-05 11:11:01,850 yyyy-MM-dd HH:mm:ss2026-09-05 11:11:01,853 yyyy-MM-dd HH:mm:ss2026-09-05 11:11:01,854 yyyy-MM-dd HH:mm:ss2026-09-05 11:11:01,855 yyyy-MM-dd HH:mm:ss2026-09-05 11:11:01,856 yyyy-MM-dd HH:mm:ss2026-09-05 11:11:01,857 yyyy-MM-dd HH:mm:ss2026-09-05 11:11:01,857 yyyy-MM-dd HH:mm:ss2026-09-05 11:11:01,860 yyyy-MM-dd HH:mm:ss2026-09-05 11:11:01,865 yyyy-MM-dd HH:mm:ss2026-09-05 11:11:01,865 yyyy-MM-dd HH:mm:ss2026-09-05 11:11:01,866 yyyy-MM-dd HH:mm:ss2026-09-05 11:11:01,867 yyyy-MM-dd HH:mm:ss2026-09-05 11:11:01,868 yyyy-MM-dd HH:mm:ss2026-09-05 11:11:01,869 yyyy-MM-dd HH:mm:ss2026-09-05 11:11:01,870 yyyy-MM-dd HH:mm:ss2026-09-05 11:11:01,871 yyyy-MM-dd HH:mm:ss2026-09-05 11:11:01,871 yyyy-MM-dd HH:mm:ss2026-09-05 11:11:01,872 yyyy-MM-dd HH:mm:ss2026-09-05 11:11:01,874 yyyy-MM-dd HH:mm:ss2026-09-05 11:11:01,875 yyyy-MM-dd HH:mm:ss2026-09-05 11:11:01,875 yyyy-MM-dd HH:mm:ss2026-09-05 11:11:01,878 yyyy-MM-dd HH:mm:ss2026-09-05 11:11:01,878 yyyy-MM-dd HH:mm:ss2026-09-05 11:11:01,879 yyyy-MM-dd HH:mm:ss2026-09-05 11:11:01,880 yyyy-MM-dd HH:mm:ss2026-09-05 11:11:01,883 yyyy-MM-dd HH:mm:ss2026-09-05 11:11:01,884 yyyy-MM-dd HH:mm:ss2026-09-05 11:11:01,884 yyyy-MM-dd HH:mm:ss2026-09-05 11:11:01,895 yyyy-MM-dd HH:mm:ss2026-09-05 11:11:01,897 yyyy-MM-dd HH:mm:ss2026-09-05 11:11:01,897 yyyy-MM-dd HH:mm:ss2026-09-05 11:11:01,897 yyyy-MM-dd HH:mm:ss2026-09-05 11:11:01,897 yyyy-MM-dd HH:mm:ss2026-09-05 11:11:01,897 yyyy-MM-dd HH:mm:ss2026-09-05 11:11:01,897 yyyy-MM-dd HH:mm:ss2026-09-05 11:11:01,897 yyyy-MM-dd HH:mm:ss2026-09-05 11:11:01,903 yyyy-MM-dd HH:mm:ss2026-09-05 11:11:01,903 yyyy-MM-dd HH:mm:ss2026-09-05 11:11:01,903 yyyy-MM-dd HH:mm:ss2026-09-05 11:11:01,936 yyyy-MM-dd HH:mm:ss2026-09-05 11:11:01,937 yyyy-MM-dd HH:mm:ss2026-09-05 11:11:01,937 yyyy-MM-dd HH:mm:ss2026-09-05 11:11:01,939 yyyy-MM-dd HH:mm:ss2026-09-05 11:11:01,939 yyyy-MM-dd HH:mm:ss2026-09-05 11:11:01,940 yyyy-MM-dd HH:mm:ss2026-09-05 11:11:01,941 yyyy-MM-dd HH:mm:ss2026-09-05 11:11:01,942 yyyy-MM-dd HH:mm:ss2026-09-05 11:11:01,944 yyyy-MM-dd HH:mm:ss2026-09-05 11:11:01,948 yyyy-MM-dd HH:mm:ss2026-09-05 11:11:01,951 yyyy-MM-dd HH:mm:ss2026-09-05 11:11:01,951 yyyy-MM-dd HH:mm:ss2026-09-05 11:11:01,952 yyyy-MM-dd HH:mm:ss2026-09-05 11:11:01,953 yyyy-MM-dd HH:mm:ss2026-09-05 11:11:01,956 yyyy-MM-dd HH:mm:ss2026-09-05 11:11:01,956 yyyy-MM-dd HH:mm:ss2026-09-05 11:11:01,957 yyyy-MM-dd HH:mm:ss2026-09-05 11:11:01,965 yyyy-MM-dd HH:mm:ss2026-09-05 11:11:01,965 yyyy-MM-dd HH:mm:ss2026-09-05 11:11:01,971 yyyy-MM-dd HH:mm:ss2026-09-05 11:11:01,971 yyyy-MM-dd HH:mm:ss2026-09-05 11:11:01,973 yyyy-MM-dd HH:mm:ss2026-09-05 11:11:01,973 yyyy-MM-dd HH:mm:ss2026-09-05 11:11:01,979 yyyy-MM-dd HH:mm:ss2026-09-05 11:11:01,979 yyyy-MM-dd HH:mm:ss2026-09-05 11:11:01,980 yyyy-MM-dd HH:mm:ss2026-09-05 11:11:01,981 yyyy-MM-dd HH:mm:ss2026-09-05 11:11:01,981 yyyy-MM-dd HH:mm:ss2026-09-05 11:11:01,982 yyyy-MM-dd HH:mm:ss2026-09-05 11:11:01,983 yyyy-MM-dd HH:mm:ss2026-09-05 11:11:01,983 yyyy-MM-dd HH:mm:ss2026-09-05 11:11:01,995 yyyy-MM-dd HH:mm:ss2026-09-05 11:11:01,996 yyyy-MM-dd HH:mm:ss2026-09-05 11:11:01,997 yyyy-MM-dd HH:mm:ss2026-09-05 11:11:01,997 yyyy-MM-dd HH:mm:ss2026-09-05 11:11:01,997 yyyy-MM-dd HH:mm:ss2026-09-05 11:11:02,000 yyyy-MM-dd HH:mm:ss2026-09-05 11:11:02,000 yyyy-MM-dd HH:mm:ss2026-09-05 11:11:02,002 yyyy-MM-dd HH:mm:ss2026-09-05 11:11:02,006 yyyy-MM-dd HH:mm:ss2026-09-05 11:11:02,008 yyyy-MM-dd HH:mm:ss2026-09-05 11:11:02,010 yyyy-MM-dd HH:mm:ss2026-09-05 11:11:02,011 yyyy-MM-dd HH:mm:ss2026-09-05 11:11:02,013 yyyy-MM-dd HH:mm:ss2026-09-05 11:11:02,014 yyyy-MM-dd HH:mm:ss2026-09-05 11:11:02,014 yyyy-MM-dd HH:mm:ss2026-09-05 11:11:02,015 yyyy-MM-dd HH:mm:ss2026-09-05 11:11:02,016 yyyy-MM-dd HH:mm:ss2026-09-05 11:11:02,016 yyyy-MM-dd HH:mm:ss2026-09-05 11:11:02,017 yyyy-MM-dd HH:mm:ss2026-09-05 11:11:02,017 yyyy-MM-dd HH:mm:ss2026-09-05 11:11:02,018 yyyy-MM-dd HH:mm:ss2026-09-05 11:11:02,021 yyyy-MM-dd HH:mm:ss2026-09-05 11:11:02,023 yyyy-MM-dd HH:mm:ss2026-09-05 11:11:02,024 yyyy-MM-dd HH:mm:ss2026-09-05 11:11:02,025 yyyy-MM-dd HH:mm:ss2026-09-05 11:11:02,029 yyyy-MM-dd HH:mm:ss2026-09-05 11:11:02,031 yyyy-MM-dd HH:mm:ss2026-09-05 11:11:02,031 yyyy-MM-dd HH:mm:ss2026-09-05 11:11:02,035 yyyy-MM-dd HH:mm:ss2026-09-05 11:11:02,035 yyyy-MM-dd HH:mm:ss2026-09-05 11:11:02,036 yyyy-MM-dd HH:mm:ss2026-09-05 11:11:02,036 yyyy-MM-dd HH:mm:ss2026-09-05 11:11:02,037 yyyy-MM-dd HH:mm:ss2026-09-05 11:11:02,038 yyyy-MM-dd HH:mm:ss2026-09-05 11:11:02,039 yyyy-MM-dd HH:mm:ss2026-09-05 11:11:02,041 yyyy-MM-dd HH:mm:ss2026-09-05 11:11:02,042 yyyy-MM-dd HH:mm:ss2026-09-05 11:11:02,048 yyyy-MM-dd HH:mm:ss2026-09-05 11:11:02,049 yyyy-MM-dd HH:mm:ss2026-09-05 11:11:02,050 yyyy-MM-dd HH:mm:ss2026-09-05 11:11:02,051 yyyy-MM-dd HH:mm:ss2026-09-05 11:11:02,051 yyyy-MM-dd HH:mm:ss2026-09-05 11:11:02,053 yyyy-MM-dd HH:mm:ss2026-09-05 11:11:02,054 yyyy-MM-dd HH:mm:ss2026-09-05 11:11:02,056 yyyy-MM-dd HH:mm:ss2026-09-05 11:11:02,058 yyyy-MM-dd HH:mm:ss2026-09-05 11:11:02,059 yyyy-MM-dd HH:mm:ss2026-09-05 11:11:02,070 yyyy-MM-dd HH:mm:ss2026-09-05 11:11:02,071 yyyy-MM-dd HH:mm:ss2026-09-05 11:11:02,071 yyyy-MM-dd HH:mm:ss2026-09-05 11:11:02,072 yyyy-MM-dd HH:mm:ss2026-09-05 11:11:02,073 yyyy-MM-dd HH:mm:ss2026-09-05 11:11:02,076 yyyy-MM-dd HH:mm:ss2026-09-05 11:11:02,085 yyyy-MM-dd HH:mm:ss2026-09-05 11:11:02,085 yyyy-MM-dd HH:mm:ss2026-09-05 11:11:02,086 yyyy-MM-dd HH:mm:ss2026-09-05 11:11:02,090 yyyy-MM-dd HH:mm:ss2026-09-05 11:11:02,091 yyyy-MM-dd HH:mm:ss2026-09-05 11:11:02,091 yyyy-MM-dd HH:mm:ss2026-09-05 11:11:02,093 yyyy-MM-dd HH:mm:ss2026-09-05 11:11:02,095 yyyy-MM-dd HH:mm:ss2026-09-05 11:11:02,096 yyyy-MM-dd HH:mm:ss2026-09-05 11:11:02,098 yyyy-MM-dd HH:mm:ss2026-09-05 11:11:02,098 yyyy-MM-dd HH:mm:ss2026-09-05 11:11:02,117 yyyy-MM-dd HH:mm:ss2026-09-05 11:11:02,118 yyyy-MM-dd HH:mm:ss2026-09-05 11:11:02,118 yyyy-MM-dd HH:mm:ss2026-09-05 11:11:02,119 yyyy-MM-dd HH:mm:ss2026-09-05 11:11:02,120 yyyy-MM-dd HH:mm:ss2026-09-05 11:11:02,120 yyyy-MM-dd HH:mm:ss2026-09-05 11:11:02,123 yyyy-MM-dd HH:mm:ss2026-09-05 11:11:02,124 yyyy-MM-dd HH:mm:ss2026-09-05 11:11:02,124 yyyy-MM-dd HH:mm:ss2026-09-05 11:11:02,125 yyyy-MM-dd HH:mm:ss2026-09-05 11:11:02,126 yyyy-MM-dd HH:mm:ss2026-09-05 11:11:02,127 yyyy-MM-dd HH:mm:ss2026-09-05 11:11:02,128 yyyy-MM-dd HH:mm:ss2026-09-05 11:11:02,129 yyyy-MM-dd HH:mm:ss2026-09-05 11:11:02,129 yyyy-MM-dd HH:mm:ss2026-09-05 11:11:02,137 yyyy-MM-dd HH:mm:ss2026-09-05 11:11:02,138 yyyy-MM-dd HH:mm:ss2026-09-05 11:11:02,138 yyyy-MM-dd HH:mm:ss2026-09-05 11:11:02,143 yyyy-MM-dd HH:mm:ss2026-09-05 11:11:02,144 yyyy-MM-dd HH:mm:ss2026-09-05 11:11:02,144 yyyy-MM-dd HH:mm:ss2026-09-05 11:11:02,145 yyyy-MM-dd HH:mm:ss2026-09-05 11:11:02,148 yyyy-MM-dd HH:mm:ss2026-09-05 11:11:02,148 yyyy-MM-dd HH:mm:ss2026-09-05 11:11:02,149 yyyy-MM-dd HH:mm:ss2026-09-05 11:11:02,149 yyyy-MM-dd HH:mm:ss2026-09-05 11:11:02,150 yyyy-MM-dd HH:mm:ss2026-09-05 11:11:02,151 yyyy-MM-dd HH:mm:ss2026-09-05 11:11:02,151 yyyy-MM-dd HH:mm:ss2026-09-05 11:11:02,152 yyyy-MM-dd HH:mm:ss2026-09-05 11:11:02,152 yyyy-MM-dd HH:mm:ss2026-09-05 11:11:02,163 yyyy-MM-dd HH:mm:ss2026-09-05 11:11:02,168 yyyy-MM-dd HH:mm:ss2026-09-05 11:11:02,171 yyyy-MM-dd HH:mm:ss2026-09-05 11:11:02,174 yyyy-MM-dd HH:mm:ss2026-09-05 11:11:02,177 yyyy-MM-dd HH:mm:ss2026-09-05 11:11:02,178 yyyy-MM-dd HH:mm:ss2026-09-05 11:11:02,179 yyyy-MM-dd HH:mm:ss2026-09-05 11:11:02,179 yyyy-MM-dd HH:mm:ss2026-09-05 11:11:02,182 yyyy-MM-dd HH:mm:ss2026-09-05 11:11:02,182 yyyy-MM-dd HH:mm:ss2026-09-05 11:11:02,182 yyyy-MM-dd HH:mm:ss2026-09-05 11:11:02,186 yyyy-MM-dd HH:mm:ss2026-09-05 11:11:02,186 yyyy-MM-dd HH:mm:ss2026-09-05 11:11:02,186 yyyy-MM-dd HH:mm:ss2026-09-05 11:11:02,187 yyyy-MM-dd HH:mm:ss2026-09-05 11:11:02,188 yyyy-MM-dd HH:mm:ss2026-09-05 11:11:02,188 yyyy-MM-dd HH:mm:ss2026-09-05 11:11:02,192 yyyy-MM-dd HH:mm:ss2026-09-05 11:11:02,194 yyyy-MM-dd HH:mm:ss2026-09-05 11:11:02,195 yyyy-MM-dd HH:mm:ss2026-09-05 11:11:02,195 yyyy-MM-dd HH:mm:ss2026-09-05 11:11:02,211 yyyy-MM-dd HH:mm:ss2026-09-05 11:11:02,213 yyyy-MM-dd HH:mm:ss2026-09-05 11:11:02,213 yyyy-MM-dd HH:mm:ss2026-09-05 11:11:02,213 yyyy-MM-dd HH:mm:ss2026-09-05 11:11:02,215 yyyy-MM-dd HH:mm:ss2026-09-05 11:11:02,216 yyyy-MM-dd HH:mm:ss2026-09-05 11:11:02,218 yyyy-MM-dd HH:mm:ss2026-09-05 11:11:02,218 yyyy-MM-dd HH:mm:ss2026-09-05 11:11:02,219 yyyy-MM-dd HH:mm:ss2026-09-05 11:11:02,220 yyyy-MM-dd HH:mm:ss2026-09-05 11:11:02,221 yyyy-MM-dd HH:mm:ss2026-09-05 11:11:02,221 yyyy-MM-dd HH:mm:ss2026-09-05 11:11:02,222 yyyy-MM-dd HH:mm:ss2026-09-05 11:11:02,225 yyyy-MM-dd HH:mm:ss2026-09-05 11:11:02,226 yyyy-MM-dd HH:mm:ss2026-09-05 11:11:02,227 yyyy-MM-dd HH:mm:ss2026-09-05 11:11:02,228 yyyy-MM-dd HH:mm:ss2026-09-05 11:11:02,228 yyyy-MM-dd HH:mm:ss2026-09-05 11:11:02,229 yyyy-MM-dd HH:mm:ss2026-09-05 11:11:02,231 yyyy-MM-dd HH:mm:ss2026-09-05 11:11:02,233 yyyy-MM-dd HH:mm:ss2026-09-05 11:11:02,233 yyyy-MM-dd HH:mm:ss2026-09-05 11:11:02,234 yyyy-MM-dd HH:mm:ss2026-09-05 11:11:02,234 yyyy-MM-dd HH:mm:ss2026-09-05 11:11:02,243 yyyy-MM-dd HH:mm:ss2026-09-05 11:11:02,244 yyyy-MM-dd HH:mm:ss2026-09-05 11:11:02,246 yyyy-MM-dd HH:mm:ss2026-09-05 11:11:02,246 yyyy-MM-dd HH:mm:ss2026-09-05 11:11:02,246 yyyy-MM-dd HH:mm:ss2026-09-05 11:11:02,246 yyyy-MM-dd HH:mm:ss2026-09-05 11:11:02,246 yyyy-MM-dd HH:mm:ss2026-09-05 11:11:02,246 yyyy-MM-dd HH:mm:ss2026-09-05 11:11:02,246 yyyy-MM-dd HH:mm:ss2026-09-05 11:11:02,252 yyyy-MM-dd HH:mm:ss2026-09-05 11:11:02,273 yyyy-MM-dd HH:mm:ss2026-09-05 11:11:02,274 yyyy-MM-dd HH:mm:ss2026-09-05 11:11:02,275 yyyy-MM-dd HH:mm:ss2026-09-05 11:11:02,276 yyyy-MM-dd HH:mm:ss2026-09-05 11:11:02,287 yyyy-MM-dd HH:mm:ss2026-09-05 11:11:02,288 yyyy-MM-dd HH:mm:ss2026-09-05 11:11:02,374 yyyy-MM-dd HH:mm:ss2026-09-05 11:11:02,375 yyyy-MM-dd HH:mm:ss2026-09-05 11:11:02,375 yyyy-MM-dd HH:mm:ss2026-09-05 11:11:02,375 yyyy-MM-dd HH:mm:ss2026-09-05 11:11:02,376 yyyy-MM-dd HH:mm:ss2026-09-05 11:11:02,404 yyyy-MM-dd HH:mm:ss2026-09-05 11:11:02,407 yyyy-MM-dd HH:mm:ss2026-09-05 11:11:02,407 yyyy-MM-dd HH:mm:ss2026-09-05 11:11:02,407 yyyy-MM-dd HH:mm:ss2026-09-05 11:11:02,445 yyyy-MM-dd HH:mm:ss2026-09-05 11:11:02,451 yyyy-MM-dd HH:mm:ss2026-09-05 11:11:02,587 yyyy-MM-dd HH:mm:ss2026-09-05 11:11:02,588 yyyy-MM-dd HH:mm:ss2026-09-05 11:11:02,588 yyyy-MM-dd HH:mm:ss2026-09-05 11:11:02,588 yyyy-MM-dd HH:mm:ss2026-09-05 11:11:02,590 yyyy-MM-dd HH:mm:ss2026-09-05 11:11:02,591 yyyy-MM-dd HH:mm:ss2026-09-05 11:11:02,591 yyyy-MM-dd HH:mm:ss2026-09-05 11:11:02,591 yyyy-MM-dd HH:mm:ss2026-09-05 11:11:02,597 yyyy-MM-dd HH:mm:ss2026-09-05 11:11:02,601 yyyy-MM-dd HH:mm:ss2026-09-05 11:11:02,601 yyyy-MM-dd HH:mm:ss2026-09-05 11:11:02,601 yyyy-MM-dd HH:mm:ss2026-09-05 11:11:02,602 yyyy-MM-dd HH:mm:ss2026-09-05 11:11:02,603 yyyy-MM-dd HH:mm:ss2026-09-05 11:11:02,628 yyyy-MM-dd HH:mm:ss2026-09-05 11:11:02,646 yyyy-MM-dd HH:mm:ss2026-09-05 11:11:02,650 yyyy-MM-dd HH:mm:ss2026-09-05 11:11:02,651 yyyy-MM-dd HH:mm:ss2026-09-05 11:11:02,737 yyyy-MM-dd HH:mm:ss2026-09-05 11:11:02,739 yyyy-MM-dd HH:mm:ss2026-09-05 11:11:02,741 yyyy-MM-dd HH:mm:ss2026-09-05 11:11:02,790 yyyy-MM-dd HH:mm:ss2026-09-05 11:11:02,796 yyyy-MM-dd HH:mm:ss2026-09-05 11:11:02,798 yyyy-MM-dd HH:mm:ss2026-09-05 11:11:02,799 yyyy-MM-dd HH:mm:ss2026-09-05 11:11:02,800 yyyy-MM-dd HH:mm:ss2026-09-05 11:11:02,800 yyyy-MM-dd HH:mm:ss2026-09-05 11:11:02,800 yyyy-MM-dd HH:mm:ss2026-09-05 11:11:02,801 yyyy-MM-dd HH:mm:ss2026-09-05 11:11:02,801 yyyy-MM-dd HH:mm:ss2026-09-05 11:11:02,801 yyyy-MM-dd HH:mm:ss2026-09-05 11:11:02,801 yyyy-MM-dd HH:mm:ss2026-09-05 11:11:02,801 yyyy-MM-dd HH:mm:ss2026-09-05 11:11:02,801 yyyy-MM-dd HH:mm:ss2026-09-05 11:11:02,802 yyyy-MM-dd HH:mm:ss2026-09-05 11:11:02,804 yyyy-MM-dd HH:mm:ss2026-09-05 11:11:02,804 yyyy-MM-dd HH:mm:ss2026-09-05 11:11:02,805 yyyy-MM-dd HH:mm:ss2026-09-05 11:11:02,806 yyyy-MM-dd HH:mm:ss2026-09-05 11:11:02,807 yyyy-MM-dd HH:mm:ss2026-09-05 11:11:02,807 yyyy-MM-dd HH:mm:ss2026-09-05 11:11:02,807 yyyy-MM-dd HH:mm:ss2026-09-05 11:11:02,807 yyyy-MM-dd HH:mm:ss2026-09-05 11:11:02,807 yyyy-MM-dd HH:mm:ss2026-09-05 11:11:02,808 yyyy-MM-dd HH:mm:ss2026-09-05 11:11:02,808 yyyy-MM-dd HH:mm:ss2026-09-05 11:11:02,808 yyyy-MM-dd HH:mm:ss2026-09-05 11:11:02,809 yyyy-MM-dd HH:mm:ss2026-09-05 11:11:02,810 yyyy-MM-dd HH:mm:ss2026-09-05 11:11:02,811 yyyy-MM-dd HH:mm:ss2026-09-05 11:11:02,811 yyyy-MM-dd HH:mm:ss2026-09-05 11:11:02,811 yyyy-MM-dd HH:mm:ss2026-09-05 11:11:02,812 yyyy-MM-dd HH:mm:ss2026-09-05 11:11:02,907 yyyy-MM-dd HH:mm:ss2026-09-05 11:11:02,908 yyyy-MM-dd HH:mm:ss2026-09-05 11:11:02,910 yyyy-MM-dd HH:mm:ss2026-09-05 11:11:03,099 yyyy-MM-dd HH:mm:ss2026-09-05 11:11:03,104 yyyy-MM-dd HH:mm:ss2026-09-05 11:11:03,104 yyyy-MM-dd HH:mm:ss2026-09-05 11:11:03,104 yyyy-MM-dd HH:mm:ss2026-09-05 11:11:03,126 yyyy-MM-dd HH:mm:ss2026-09-05 11:11:03,131 yyyy-MM-dd HH:mm:ss2026-09-05 11:11:03,131 yyyy-MM-dd HH:mm:ss2026-09-05 11:11:03,132 yyyy-MM-dd HH:mm:ss2026-09-05 11:11:03,135 yyyy-MM-dd HH:mm:ss2026-09-05 11:11:03,135 yyyy-MM-dd HH:mm:ss2026-09-05 11:11:03,135 yyyy-MM-dd HH:mm:ss2026-09-05 11:11:03,151 yyyy-MM-dd HH:mm:ss2026-09-05 11:11:03,154 yyyy-MM-dd HH:mm:ss2026-09-05 11:11:03,214 yyyy-MM-dd HH:mm:ss2026-09-05 11:11:03,215 yyyy-MM-dd HH:mm:ss2026-09-05 11:11:03,215 yyyy-MM-dd HH:mm:ss2026-09-05 11:11:03,231 yyyy-MM-dd HH:mm:ss2026-09-05 11:11:03,233 yyyy-MM-dd HH:mm:ss2026-09-05 11:11:03,233 yyyy-MM-dd HH:mm:ss2026-09-05 11:11:03,233 yyyy-MM-dd HH:mm:ss2026-09-05 11:11:03,513 yyyy-MM-dd HH:mm:ss2026-09-05 11:11:03,566 yyyy-MM-dd HH:mm:ss2026-09-05 11:11:03,711 yyyy-MM-dd HH:mm:ss2026-09-05 11:11:03,713 yyyy-MM-dd HH:mm:ss2026-09-05 11:11:03,721 yyyy-MM-dd HH:mm:ss2026-09-05 11:11:03,735 yyyy-MM-dd HH:mm:ss2026-09-05 11:11:03,753 yyyy-MM-dd HH:mm:ss2026-09-05 11:11:03,754 yyyy-MM-dd HH:mm:ss2026-09-05 11:11:03,767 yyyy-MM-dd HH:mm:ss2026-09-05 11:11:03,768 yyyy-MM-dd HH:mm:ss2026-09-05 11:11:03,772 yyyy-MM-dd HH:mm:ss2026-09-05 11:11:03,779 yyyy-MM-dd HH:mm:ss2026-09-05 11:11:03,783 yyyy-MM-dd HH:mm:ss2026-09-05 11:11:03,785 yyyy-MM-dd HH:mm:ss2026-09-05 11:11:03,786 yyyy-MM-dd HH:mm:ss2026-09-05 11:11:03,807 yyyy-MM-dd HH:mm:ss2026-09-05 11:11:03,868 yyyy-MM-dd HH:mm:ss2026-09-05 11:11:03,869 yyyy-MM-dd HH:mm:ss2026-09-05 11:11:03,869 yyyy-MM-dd HH:mm:ss2026-09-05 11:11:03,870 yyyy-MM-dd HH:mm:ss2026-09-05 11:11:03,870 yyyy-MM-dd HH:mm:ss2026-09-05 11:11:24,530 yyyy-MM-dd HH:mm:ss2026-09-05 11:11:24,530 yyyy-MM-dd HH:mm:ss2026-09-05 11:11:54,532 yyyy-MM-dd HH:mm:ss2026-09-05 11:11:54,532 yyyy-MM-dd HH:mm:ss2026-09-05 11:12:06,129 yyyy-MM-dd HH:mm:ss2026-09-05 11:12:06,131 yyyy-MM-dd HH:mm:ss2026-09-05 11:12:06,139 yyyy-MM-dd HH:mm:ss2026-09-05 11:12:06,141 yyyy-MM-dd HH:mm:ss2026-09-05 11:12:06,169 yyyy-MM-dd HH:mm:ss2026-09-05 11:12:06,170 yyyy-MM-dd HH:mm:ss2026-09-05 11:12:06,170 yyyy-MM-dd HH:mm:ss2026-09-05 11:12:06,174 yyyy-MM-dd HH:mm:ss2026-09-05 11:12:06,174 yyyy-MM-dd HH:mm:ss2026-09-05 11:12:06,174 yyyy-MM-dd HH:mm:ss2026-09-05 11:12:06,174 yyyy-MM-dd HH:mm:ss2026-09-05 11:12:06,174 yyyy-MM-dd HH:mm:ss2026-09-05 11:12:06,188 yyyy-MM-dd HH:mm:ss2026-09-05 11:12:06,188 yyyy-MM-dd HH:mm:ss2026-09-05 11:12:06,198 yyyy-MM-dd HH:mm:ss2026-09-05 11:12:06,198 yyyy-MM-dd HH:mm:ss2026-09-05 11:12:06,201 yyyy-MM-dd HH:mm:ss2026-09-05 11:12:06,212 yyyy-MM-dd HH:mm:ss2026-09-05 11:12:06,213 yyyy-MM-dd HH:mm:ss2026-09-05 11:12:06,214 yyyy-MM-dd HH:mm:ss2026-09-05 11:12:06,215 yyyy-MM-dd HH:mm:ss2026-09-05 11:12:06,216 yyyy-MM-dd HH:mm:ss2026-09-05 11:12:06,217 yyyy-MM-dd HH:mm:ss2026-09-05 11:12:06,218 yyyy-MM-dd HH:mm:ss2026-09-05 11:12:06,219 yyyy-MM-dd HH:mm:ss2026-09-05 11:12:06,220 yyyy-MM-dd HH:mm:ss2026-09-05 11:12:06,221 yyyy-MM-dd HH:mm:ss2026-09-05 11:12:06,223 yyyy-MM-dd HH:mm:ss2026-09-05 11:12:06,223 yyyy-MM-dd HH:mm:ss2026-09-05 11:12:06,226 yyyy-MM-dd HH:mm:ss2026-09-05 11:12:12,030 yyyy-MM-dd HH:mm:ss2026-09-05 11:12:12,034 yyyy-MM-dd HH:mm:ss2026-09-05 11:12:12,035 yyyy-MM-dd HH:mm:ss2026-09-05 11:12:12,037 yyyy-MM-dd HH:mm:ss2026-09-05 11:12:12,156 yyyy-MM-dd HH:mm:ss2026-09-05 11:12:12,156 yyyy-MM-dd HH:mm:ss2026-09-05 11:12:12,156 yyyy-MM-dd HH:mm:ss2026-09-05 11:12:12,156 yyyy-MM-dd HH:mm:ss2026-09-05 11:12:12,156 yyyy-MM-dd HH:mm:ss2026-09-05 11:12:12,158 yyyy-MM-dd HH:mm:ss2026-09-05 11:12:12,190 yyyy-MM-dd HH:mm:ss2026-09-05 11:12:12,216 yyyy-MM-dd HH:mm:ss2026-09-05 11:12:12,347 yyyy-MM-dd HH:mm:ss2026-09-05 11:12:12,352 yyyy-MM-dd HH:mm:ss2026-09-05 11:12:12,384 yyyy-MM-dd HH:mm:ss2026-09-05 11:12:12,387 yyyy-MM-dd HH:mm:ss2026-09-05 11:12:12,405 yyyy-MM-dd HH:mm:ss2026-09-05 11:12:12,413 yyyy-MM-dd HH:mm:ss2026-09-05 11:12:12,431 yyyy-MM-dd HH:mm:ss2026-09-05 11:12:12,433 yyyy-MM-dd HH:mm:ss2026-09-05 11:12:12,857 yyyy-MM-dd HH:mm:ss2026-09-05 11:12:12,858 yyyy-MM-dd HH:mm:ss2026-09-05 11:12:12,871 yyyy-MM-dd HH:mm:ss2026-09-05 11:12:12,873 yyyy-MM-dd HH:mm:ss2026-09-05 11:12:12,874 yyyy-MM-dd HH:mm:ss2026-09-05 11:12:12,875 yyyy-MM-dd HH:mm:ss2026-09-05 11:12:12,897 yyyy-MM-dd HH:mm:ss2026-09-05 11:12:12,899 yyyy-MM-dd HH:mm:ss2026-09-05 11:12:12,958 yyyy-MM-dd HH:mm:ss2026-09-05 11:12:13,212 yyyy-MM-dd HH:mm:ss2026-09-05 11:12:13,222 yyyy-MM-dd HH:mm:ss2026-09-05 11:12:13,223 yyyy-MM-dd HH:mm:ss2026-09-05 11:12:13,223 yyyy-MM-dd HH:mm:ss2026-09-05 11:12:13,223 yyyy-MM-dd HH:mm:ss2026-09-05 11:12:13,223 yyyy-MM-dd HH:mm:ss2026-09-05 11:12:14,415 yyyy-MM-dd HH:mm:ss2026-09-05 11:12:14,436 yyyy-MM-dd HH:mm:ss2026-09-05 11:12:14,452 yyyy-MM-dd HH:mm:ss2026-09-05 11:12:14,453 yyyy-MM-dd HH:mm:ss2026-09-05 11:12:14,485 yyyy-MM-dd HH:mm:ss2026-09-05 11:12:14,549 yyyy-MM-dd HH:mm:ss2026-09-05 11:12:14,549 yyyy-MM-dd HH:mm:ss2026-09-05 11:12:14,549 yyyy-MM-dd HH:mm:ss2026-09-05 11:12:14,568 yyyy-MM-dd HH:mm:ss2026-09-05 11:12:15,169 yyyy-MM-dd HH:mm:ss2026-09-05 11:12:15,178 yyyy-MM-dd HH:mm:ss2026-09-05 11:12:15,179 yyyy-MM-dd HH:mm:ss2026-09-05 11:12:15,286 yyyy-MM-dd HH:mm:ss2026-09-05 11:12:15,289 yyyy-MM-dd HH:mm:ss2026-09-05 11:12:15,289 yyyy-MM-dd HH:mm:ss2026-09-05 11:12:15,291 yyyy-MM-dd HH:mm:ss2026-09-05 11:12:15,294 yyyy-MM-dd HH:mm:ss2026-09-05 11:12:15,294 yyyy-MM-dd HH:mm:ss2026-09-05 11:12:15,307 yyyy-MM-dd HH:mm:ss2026-09-05 11:12:15,312 yyyy-MM-dd HH:mm:ss2026-09-05 11:12:15,319 yyyy-MM-dd HH:mm:ss2026-09-05 11:12:15,320 yyyy-MM-dd HH:mm:ss2026-09-05 11:12:15,321 yyyy-MM-dd HH:mm:ss2026-09-05 11:12:15,329 yyyy-MM-dd HH:mm:ss2026-09-05 11:12:15,336 yyyy-MM-dd HH:mm:ss2026-09-05 11:12:15,339 yyyy-MM-dd HH:mm:ss2026-09-05 11:12:15,363 yyyy-MM-dd HH:mm:ss2026-09-05 11:12:15,382 yyyy-MM-dd HH:mm:ss2026-09-05 11:12:15,403 yyyy-MM-dd HH:mm:ss2026-09-05 11:12:15,427 yyyy-MM-dd HH:mm:ss2026-09-05 11:12:15,428 yyyy-MM-dd HH:mm:ss2026-09-05 11:12:15,432 yyyy-MM-dd HH:mm:ss2026-09-05 11:12:15,435 yyyy-MM-dd HH:mm:ss2026-09-05 11:12:15,435 yyyy-MM-dd HH:mm:ss2026-09-05 11:12:15,471 yyyy-MM-dd HH:mm:ss2026-09-05 11:12:15,474 yyyy-MM-dd HH:mm:ss2026-09-05 11:12:15,475 yyyy-MM-dd HH:mm:ss2026-09-05 11:12:15,668 yyyy-MM-dd HH:mm:ss2026-09-05 11:12:15,670 yyyy-MM-dd HH:mm:ss2026-09-05 11:12:15,672 yyyy-MM-dd HH:mm:ss2026-09-05 11:12:15,673 yyyy-MM-dd HH:mm:ss2026-09-05 11:12:15,681 yyyy-MM-dd HH:mm:ss2026-09-05 11:12:15,682 yyyy-MM-dd HH:mm:ss2026-09-05 11:12:15,694 yyyy-MM-dd HH:mm:ss2026-09-05 11:12:15,695 yyyy-MM-dd HH:mm:ss2026-09-05 11:12:15,700 yyyy-MM-dd HH:mm:ss2026-09-05 11:12:15,711 yyyy-MM-dd HH:mm:ss2026-09-05 11:12:15,714 yyyy-MM-dd HH:mm:ss2026-09-05 11:12:15,748 yyyy-MM-dd HH:mm:ss2026-09-05 11:12:15,750 yyyy-MM-dd HH:mm:ss2026-09-05 11:12:15,756 yyyy-MM-dd HH:mm:ss2026-09-05 11:12:15,757 yyyy-MM-dd HH:mm:ss2026-09-05 11:12:15,763 yyyy-MM-dd HH:mm:ss2026-09-05 11:12:15,763 yyyy-MM-dd HH:mm:ss2026-09-05 11:12:15,765 yyyy-MM-dd HH:mm:ss2026-09-05 11:12:15,770 yyyy-MM-dd HH:mm:ss2026-09-05 11:12:15,799 yyyy-MM-dd HH:mm:ss2026-09-05 11:12:15,850 yyyy-MM-dd HH:mm:ss2026-09-05 11:12:15,850 yyyy-MM-dd HH:mm:ss2026-09-05 11:12:15,853 yyyy-MM-dd HH:mm:ss2026-09-05 11:12:15,879 yyyy-MM-dd HH:mm:ss2026-09-05 11:12:15,888 yyyy-MM-dd HH:mm:ss2026-09-05 11:12:15,889 yyyy-MM-dd HH:mm:ss2026-09-05 11:12:15,892 yyyy-MM-dd HH:mm:ss2026-09-05 11:12:15,896 yyyy-MM-dd HH:mm:ss2026-09-05 11:12:15,897 yyyy-MM-dd HH:mm:ss2026-09-05 11:12:15,904 yyyy-MM-dd HH:mm:ss2026-09-05 11:12:15,905 yyyy-MM-dd HH:mm:ss2026-09-05 11:12:15,908 yyyy-MM-dd HH:mm:ss2026-09-05 11:12:15,926 yyyy-MM-dd HH:mm:ss2026-09-05 11:12:15,926 yyyy-MM-dd HH:mm:ss2026-09-05 11:12:15,928 yyyy-MM-dd HH:mm:ss2026-09-05 11:12:15,929 yyyy-MM-dd HH:mm:ss2026-09-05 11:12:15,934 yyyy-MM-dd HH:mm:ss2026-09-05 11:12:15,964 yyyy-MM-dd HH:mm:ss2026-09-05 11:12:15,964 yyyy-MM-dd HH:mm:ss2026-09-05 11:12:15,965 yyyy-MM-dd HH:mm:ss2026-09-05 11:12:15,965 yyyy-MM-dd HH:mm:ss2026-09-05 11:12:15,969 yyyy-MM-dd HH:mm:ss2026-09-05 11:12:15,971 yyyy-MM-dd HH:mm:ss2026-09-05 11:12:16,035 yyyy-MM-dd HH:mm:ss2026-09-05 11:12:16,035 yyyy-MM-dd HH:mm:ss2026-09-05 11:12:16,037 yyyy-MM-dd HH:mm:ss2026-09-05 11:12:16,039 yyyy-MM-dd HH:mm:ss2026-09-05 11:12:16,039 yyyy-MM-dd HH:mm:ss2026-09-05 11:12:16,041 yyyy-MM-dd HH:mm:ss2026-09-05 11:12:16,041 yyyy-MM-dd HH:mm:ss2026-09-05 11:12:16,043 yyyy-MM-dd HH:mm:ss2026-09-05 11:12:16,052 yyyy-MM-dd HH:mm:ss2026-09-05 11:12:16,084 yyyy-MM-dd HH:mm:ss2026-09-05 11:12:16,085 yyyy-MM-dd HH:mm:ss2026-09-05 11:12:16,090 yyyy-MM-dd HH:mm:ss2026-09-05 11:12:16,091 yyyy-MM-dd HH:mm:ss2026-09-05 11:12:16,092 yyyy-MM-dd HH:mm:ss2026-09-05 11:12:16,101 yyyy-MM-dd HH:mm:ss2026-09-05 11:12:16,114 yyyy-MM-dd HH:mm:ss2026-09-05 11:12:16,303 yyyy-MM-dd HH:mm:ss2026-09-05 11:12:16,304 yyyy-MM-dd HH:mm:ss2026-09-05 11:12:16,305 yyyy-MM-dd HH:mm:ss2026-09-05 11:12:16,432 yyyy-MM-dd HH:mm:ss2026-09-05 11:12:16,463 yyyy-MM-dd HH:mm:ss2026-09-05 11:12:16,468 yyyy-MM-dd HH:mm:ss2026-09-05 11:12:16,468 yyyy-MM-dd HH:mm:ss2026-09-05 11:12:16,644 yyyy-MM-dd HH:mm:ss2026-09-05 11:12:16,647 yyyy-MM-dd HH:mm:ss2026-09-05 11:12:16,654 yyyy-MM-dd HH:mm:ss2026-09-05 11:12:16,655 yyyy-MM-dd HH:mm:ss2026-09-05 11:12:16,657 yyyy-MM-dd HH:mm:ss2026-09-05 11:12:16,658 yyyy-MM-dd HH:mm:ss2026-09-05 11:12:16,665 yyyy-MM-dd HH:mm:ss2026-09-05 11:12:16,667 yyyy-MM-dd HH:mm:ss2026-09-05 11:12:16,673 yyyy-MM-dd HH:mm:ss2026-09-05 11:12:16,681 yyyy-MM-dd HH:mm:ss2026-09-05 11:12:16,682 yyyy-MM-dd HH:mm:ss2026-09-05 11:12:16,688 yyyy-MM-dd HH:mm:ss2026-09-05 11:12:16,689 yyyy-MM-dd HH:mm:ss2026-09-05 11:12:16,693 yyyy-MM-dd HH:mm:ss2026-09-05 11:12:16,697 yyyy-MM-dd HH:mm:ss2026-09-05 11:12:16,697 yyyy-MM-dd HH:mm:ss2026-09-05 11:12:16,700 yyyy-MM-dd HH:mm:ss2026-09-05 11:12:16,701 yyyy-MM-dd HH:mm:ss2026-09-05 11:12:16,703 yyyy-MM-dd HH:mm:ss2026-09-05 11:12:16,704 yyyy-MM-dd HH:mm:ss2026-09-05 11:12:16,707 yyyy-MM-dd HH:mm:ss2026-09-05 11:12:16,713 yyyy-MM-dd HH:mm:ss2026-09-05 11:12:16,714 yyyy-MM-dd HH:mm:ss2026-09-05 11:12:16,729 yyyy-MM-dd HH:mm:ss2026-09-05 11:12:16,763 yyyy-MM-dd HH:mm:ss2026-09-05 11:12:16,765 yyyy-MM-dd HH:mm:ss2026-09-05 11:12:16,770 yyyy-MM-dd HH:mm:ss2026-09-05 11:12:16,770 yyyy-MM-dd HH:mm:ss2026-09-05 11:12:16,773 yyyy-MM-dd HH:mm:ss2026-09-05 11:12:16,773 yyyy-MM-dd HH:mm:ss2026-09-05 11:12:16,794 yyyy-MM-dd HH:mm:ss2026-09-05 11:12:16,794 yyyy-MM-dd HH:mm:ss2026-09-05 11:12:16,812 yyyy-MM-dd HH:mm:ss2026-09-05 11:12:16,812 yyyy-MM-dd HH:mm:ss2026-09-05 11:12:16,814 yyyy-MM-dd HH:mm:ss2026-09-05 11:12:16,820 yyyy-MM-dd HH:mm:ss2026-09-05 11:12:16,820 yyyy-MM-dd HH:mm:ss2026-09-05 11:12:16,822 yyyy-MM-dd HH:mm:ss2026-09-05 11:12:16,826 yyyy-MM-dd HH:mm:ss2026-09-05 11:12:16,826 yyyy-MM-dd HH:mm:ss2026-09-05 11:12:16,828 yyyy-MM-dd HH:mm:ss2026-09-05 11:12:16,829 yyyy-MM-dd HH:mm:ss2026-09-05 11:12:16,834 yyyy-MM-dd HH:mm:ss2026-09-05 11:12:16,834 yyyy-MM-dd HH:mm:ss2026-09-05 11:12:16,836 yyyy-MM-dd HH:mm:ss2026-09-05 11:12:16,850 yyyy-MM-dd HH:mm:ss2026-09-05 11:12:16,850 yyyy-MM-dd HH:mm:ss2026-09-05 11:12:16,851 yyyy-MM-dd HH:mm:ss2026-09-05 11:12:16,853 yyyy-MM-dd HH:mm:ss2026-09-05 11:12:16,853 yyyy-MM-dd HH:mm:ss2026-09-05 11:12:16,853 yyyy-MM-dd HH:mm:ss2026-09-05 11:12:16,853 yyyy-MM-dd HH:mm:ss2026-09-05 11:12:16,879 yyyy-MM-dd HH:mm:ss2026-09-05 11:12:16,882 yyyy-MM-dd HH:mm:ss2026-09-05 11:12:16,883 yyyy-MM-dd HH:mm:ss2026-09-05 11:12:16,888 yyyy-MM-dd HH:mm:ss2026-09-05 11:12:16,889 yyyy-MM-dd HH:mm:ss2026-09-05 11:12:16,892 yyyy-MM-dd HH:mm:ss2026-09-05 11:12:16,894 yyyy-MM-dd HH:mm:ss2026-09-05 11:12:16,907 yyyy-MM-dd HH:mm:ss2026-09-05 11:12:16,908 yyyy-MM-dd HH:mm:ss2026-09-05 11:12:16,953 yyyy-MM-dd HH:mm:ss2026-09-05 11:12:16,959 yyyy-MM-dd HH:mm:ss2026-09-05 11:12:16,959 yyyy-MM-dd HH:mm:ss2026-09-05 11:12:16,960 yyyy-MM-dd HH:mm:ss2026-09-05 11:12:16,974 yyyy-MM-dd HH:mm:ss2026-09-05 11:12:16,974 yyyy-MM-dd HH:mm:ss2026-09-05 11:12:16,975 yyyy-MM-dd HH:mm:ss2026-09-05 11:12:16,976 yyyy-MM-dd HH:mm:ss2026-09-05 11:12:16,979 yyyy-MM-dd HH:mm:ss2026-09-05 11:12:16,982 yyyy-MM-dd HH:mm:ss2026-09-05 11:12:16,987 yyyy-MM-dd HH:mm:ss2026-09-05 11:12:16,995 yyyy-MM-dd HH:mm:ss2026-09-05 11:12:17,003 yyyy-MM-dd HH:mm:ss2026-09-05 11:12:17,004 yyyy-MM-dd HH:mm:ss2026-09-05 11:12:17,005 yyyy-MM-dd HH:mm:ss2026-09-05 11:12:17,006 yyyy-MM-dd HH:mm:ss2026-09-05 11:12:17,008 yyyy-MM-dd HH:mm:ss2026-09-05 11:12:17,018 yyyy-MM-dd HH:mm:ss2026-09-05 11:12:17,018 yyyy-MM-dd HH:mm:ss2026-09-05 11:12:17,020 yyyy-MM-dd HH:mm:ss2026-09-05 11:12:17,021 yyyy-MM-dd HH:mm:ss2026-09-05 11:12:17,022 yyyy-MM-dd HH:mm:ss2026-09-05 11:12:17,022 yyyy-MM-dd HH:mm:ss2026-09-05 11:12:17,029 yyyy-MM-dd HH:mm:ss2026-09-05 11:12:17,053 yyyy-MM-dd HH:mm:ss2026-09-05 11:12:17,053 yyyy-MM-dd HH:mm:ss2026-09-05 11:12:17,055 yyyy-MM-dd HH:mm:ss2026-09-05 11:12:17,055 yyyy-MM-dd HH:mm:ss2026-09-05 11:12:17,057 yyyy-MM-dd HH:mm:ss2026-09-05 11:12:17,060 yyyy-MM-dd HH:mm:ss2026-09-05 11:12:17,060 yyyy-MM-dd HH:mm:ss2026-09-05 11:12:17,069 yyyy-MM-dd HH:mm:ss2026-09-05 11:12:17,071 yyyy-MM-dd HH:mm:ss2026-09-05 11:12:17,072 yyyy-MM-dd HH:mm:ss2026-09-05 11:12:17,075 yyyy-MM-dd HH:mm:ss2026-09-05 11:12:17,081 yyyy-MM-dd HH:mm:ss2026-09-05 11:12:17,083 yyyy-MM-dd HH:mm:ss2026-09-05 11:12:17,083 yyyy-MM-dd HH:mm:ss2026-09-05 11:12:17,083 yyyy-MM-dd HH:mm:ss2026-09-05 11:12:17,092 yyyy-MM-dd HH:mm:ss2026-09-05 11:12:17,093 yyyy-MM-dd HH:mm:ss2026-09-05 11:12:17,102 yyyy-MM-dd HH:mm:ss2026-09-05 11:12:17,103 yyyy-MM-dd HH:mm:ss2026-09-05 11:12:17,179 yyyy-MM-dd HH:mm:ss2026-09-05 11:12:17,179 yyyy-MM-dd HH:mm:ss2026-09-05 11:12:17,186 yyyy-MM-dd HH:mm:ss2026-09-05 11:12:17,189 yyyy-MM-dd HH:mm:ss2026-09-05 11:12:17,190 yyyy-MM-dd HH:mm:ss2026-09-05 11:12:17,209 yyyy-MM-dd HH:mm:ss2026-09-05 11:12:17,210 yyyy-MM-dd HH:mm:ss2026-09-05 11:12:17,247 yyyy-MM-dd HH:mm:ss2026-09-05 11:12:17,264 yyyy-MM-dd HH:mm:ss2026-09-05 11:12:17,334 yyyy-MM-dd HH:mm:ss2026-09-05 11:12:17,337 yyyy-MM-dd HH:mm:ss2026-09-05 11:12:17,345 yyyy-MM-dd HH:mm:ss2026-09-05 11:12:17,403 yyyy-MM-dd HH:mm:ss2026-09-05 11:12:17,404 yyyy-MM-dd HH:mm:ss2026-09-05 11:12:17,467 yyyy-MM-dd HH:mm:ss2026-09-05 11:12:17,471 yyyy-MM-dd HH:mm:ss2026-09-05 11:12:17,472 yyyy-MM-dd HH:mm:ss2026-09-05 11:12:17,953 yyyy-MM-dd HH:mm:ss2026-09-05 11:12:18,287 yyyy-MM-dd HH:mm:ss2026-09-05 11:12:18,337 yyyy-MM-dd HH:mm:ss2026-09-05 11:12:18,339 yyyy-MM-dd HH:mm:ss2026-09-05 11:12:18,340 yyyy-MM-dd HH:mm:ss2026-09-05 11:12:18,340 yyyy-MM-dd HH:mm:ss2026-09-05 11:12:18,340 yyyy-MM-dd HH:mm:ss2026-09-05 11:12:18,340 yyyy-MM-dd HH:mm:ss2026-09-05 11:12:18,341 yyyy-MM-dd HH:mm:ss2026-09-05 11:12:18,341 yyyy-MM-dd HH:mm:ss2026-09-05 11:12:18,342 yyyy-MM-dd HH:mm:ss2026-09-05 11:12:18,342 yyyy-MM-dd HH:mm:ss2026-09-05 11:12:18,342 yyyy-MM-dd HH:mm:ss2026-09-05 11:12:18,342 yyyy-MM-dd HH:mm:ss2026-09-05 11:12:18,342 yyyy-MM-dd HH:mm:ss2026-09-05 11:12:18,343 yyyy-MM-dd HH:mm:ss2026-09-05 11:12:18,343 yyyy-MM-dd HH:mm:ss2026-09-05 11:12:18,343 yyyy-MM-dd HH:mm:ss2026-09-05 11:12:18,343 yyyy-MM-dd HH:mm:ss2026-09-05 11:12:18,343 yyyy-MM-dd HH:mm:ss2026-09-05 11:12:18,344 yyyy-MM-dd HH:mm:ss2026-09-05 11:12:18,344 yyyy-MM-dd HH:mm:ss2026-09-05 11:12:18,344 yyyy-MM-dd HH:mm:ss2026-09-05 11:12:18,344 yyyy-MM-dd HH:mm:ss2026-09-05 11:12:18,344 yyyy-MM-dd HH:mm:ss2026-09-05 11:12:18,345 yyyy-MM-dd HH:mm:ss2026-09-05 11:12:18,345 yyyy-MM-dd HH:mm:ss2026-09-05 11:12:18,345 yyyy-MM-dd HH:mm:ss2026-09-05 11:12:18,345 yyyy-MM-dd HH:mm:ss2026-09-05 11:12:18,345 yyyy-MM-dd HH:mm:ss2026-09-05 11:12:18,345 yyyy-MM-dd HH:mm:ss2026-09-05 11:12:18,346 yyyy-MM-dd HH:mm:ss2026-09-05 11:12:18,346 yyyy-MM-dd HH:mm:ss2026-09-05 11:12:18,346 yyyy-MM-dd HH:mm:ss2026-09-05 11:12:18,347 yyyy-MM-dd HH:mm:ss2026-09-05 11:12:18,347 yyyy-MM-dd HH:mm:ss2026-09-05 11:12:18,347 yyyy-MM-dd HH:mm:ss2026-09-05 11:12:18,347 yyyy-MM-dd HH:mm:ss2026-09-05 11:12:18,347 yyyy-MM-dd HH:mm:ss2026-09-05 11:12:18,348 yyyy-MM-dd HH:mm:ss2026-09-05 11:12:18,348 yyyy-MM-dd HH:mm:ss2026-09-05 11:12:18,348 yyyy-MM-dd HH:mm:ss2026-09-05 11:12:18,348 yyyy-MM-dd HH:mm:ss2026-09-05 11:12:18,376 yyyy-MM-dd HH:mm:ss2026-09-05 11:12:18,724 yyyy-MM-dd HH:mm:ss2026-09-05 11:12:18,727 yyyy-MM-dd HH:mm:ss2026-09-05 11:12:18,732 yyyy-MM-dd HH:mm:ss2026-09-05 11:12:18,743 yyyy-MM-dd HH:mm:ss2026-09-05 11:12:18,743 yyyy-MM-dd HH:mm:ss2026-09-05 11:12:18,835 yyyy-MM-dd HH:mm:ss2026-09-05 11:12:18,837 yyyy-MM-dd HH:mm:ss2026-09-05 11:12:18,849 yyyy-MM-dd HH:mm:ss2026-09-05 11:12:18,850 yyyy-MM-dd HH:mm:ss2026-09-05 11:12:18,883 yyyy-MM-dd HH:mm:ss2026-09-05 11:12:18,884 yyyy-MM-dd HH:mm:ss2026-09-05 11:12:18,895 yyyy-MM-dd HH:mm:ss2026-09-05 11:12:18,896 yyyy-MM-dd HH:mm:ss2026-09-05 11:12:18,913 yyyy-MM-dd HH:mm:ss2026-09-05 11:12:18,921 yyyy-MM-dd HH:mm:ss2026-09-05 11:12:18,931 yyyy-MM-dd HH:mm:ss2026-09-05 11:12:18,932 yyyy-MM-dd HH:mm:ss2026-09-05 11:12:18,944 yyyy-MM-dd HH:mm:ss2026-09-05 11:12:18,945 yyyy-MM-dd HH:mm:ss2026-09-05 11:12:18,952 yyyy-MM-dd HH:mm:ss2026-09-05 11:12:18,975 yyyy-MM-dd HH:mm:ss2026-09-05 11:12:18,979 yyyy-MM-dd HH:mm:ss2026-09-05 11:12:18,980 yyyy-MM-dd HH:mm:ss2026-09-05 11:12:18,992 yyyy-MM-dd HH:mm:ss2026-09-05 11:12:18,992 yyyy-MM-dd HH:mm:ss2026-09-05 11:12:19,026 yyyy-MM-dd HH:mm:ss2026-09-05 11:12:19,027 yyyy-MM-dd HH:mm:ss2026-09-05 11:12:19,039 yyyy-MM-dd HH:mm:ss2026-09-05 11:12:19,040 yyyy-MM-dd HH:mm:ss2026-09-05 11:12:19,074 yyyy-MM-dd HH:mm:ss2026-09-05 11:12:19,076 yyyy-MM-dd HH:mm:ss2026-09-05 11:12:19,095 yyyy-MM-dd HH:mm:ss2026-09-05 11:12:19,095 yyyy-MM-dd HH:mm:ss2026-09-05 11:12:19,136 yyyy-MM-dd HH:mm:ss2026-09-05 11:12:19,137 yyyy-MM-dd HH:mm:ss2026-09-05 11:12:19,160 yyyy-MM-dd HH:mm:ss2026-09-05 11:12:19,160 yyyy-MM-dd HH:mm:ss2026-09-05 11:12:19,199 yyyy-MM-dd HH:mm:ss2026-09-05 11:12:19,199 yyyy-MM-dd HH:mm:ss2026-09-05 11:12:19,209 yyyy-MM-dd HH:mm:ss2026-09-05 11:12:19,210 yyyy-MM-dd HH:mm:ss2026-09-05 11:12:19,247 yyyy-MM-dd HH:mm:ss2026-09-05 11:12:19,247 yyyy-MM-dd HH:mm:ss2026-09-05 11:12:19,258 yyyy-MM-dd HH:mm:ss2026-09-05 11:12:19,258 yyyy-MM-dd HH:mm:ss2026-09-05 11:12:19,295 yyyy-MM-dd HH:mm:ss2026-09-05 11:12:19,295 yyyy-MM-dd HH:mm:ss2026-09-05 11:12:19,626 yyyy-MM-dd HH:mm:ss2026-09-05 11:12:19,640 yyyy-MM-dd HH:mm:ss2026-09-05 11:12:19,644 yyyy-MM-dd HH:mm:ss2026-09-05 11:12:19,823 yyyy-MM-dd HH:mm:ss2026-09-05 11:12:19,825 yyyy-MM-dd HH:mm:ss2026-09-05 11:12:19,827 yyyy-MM-dd HH:mm:ss2026-09-05 11:12:20,054 yyyy-MM-dd HH:mm:ss2026-09-05 11:12:20,099 yyyy-MM-dd HH:mm:ss2026-09-05 11:12:20,099 yyyy-MM-dd HH:mm:ss2026-09-05 11:12:20,099 yyyy-MM-dd HH:mm:ss2026-09-05 11:12:20,100 yyyy-MM-dd HH:mm:ss2026-09-05 11:12:20,100 yyyy-MM-dd HH:mm:ss2026-09-05 11:12:20,100 yyyy-MM-dd HH:mm:ss2026-09-05 11:12:20,102 yyyy-MM-dd HH:mm:ss2026-09-05 11:12:20,105 yyyy-MM-dd HH:mm:ss2026-09-05 11:12:20,106 yyyy-MM-dd HH:mm:ss2026-09-05 11:12:20,107 yyyy-MM-dd HH:mm:ss2026-09-05 11:12:20,107 yyyy-MM-dd HH:mm:ss2026-09-05 11:12:20,107 yyyy-MM-dd HH:mm:ss2026-09-05 11:12:20,107 yyyy-MM-dd HH:mm:ss2026-09-05 11:12:20,509 yyyy-MM-dd HH:mm:ss2026-09-05 11:12:21,431 yyyy-MM-dd HH:mm:ss2026-09-05 11:12:21,998 yyyy-MM-dd HH:mm:ss2026-09-05 11:12:22,014 yyyy-MM-dd HH:mm:ss2026-09-05 11:12:22,061 yyyy-MM-dd HH:mm:ss2026-09-05 11:12:22,095 yyyy-MM-dd HH:mm:ss2026-09-05 11:12:22,119 yyyy-MM-dd HH:mm:ss2026-09-05 11:12:22,146 yyyy-MM-dd HH:mm:ss2026-09-05 11:12:22,185 yyyy-MM-dd HH:mm:ss2026-09-05 11:12:22,223 yyyy-MM-dd HH:mm:ss2026-09-05 11:12:22,261 yyyy-MM-dd HH:mm:ss2026-09-05 11:12:22,305 yyyy-MM-dd HH:mm:ss2026-09-05 11:12:22,416 yyyy-MM-dd HH:mm:ss2026-09-05 11:12:22,418 yyyy-MM-dd HH:mm:ss2026-09-05 11:12:22,469 yyyy-MM-dd HH:mm:ss2026-09-05 11:12:22,470 yyyy-MM-dd HH:mm:ss2026-09-05 11:12:22,477 yyyy-MM-dd HH:mm:ss2026-09-05 11:12:22,488 yyyy-MM-dd HH:mm:ss2026-09-05 11:12:22,489 yyyy-MM-dd HH:mm:ss2026-09-05 11:12:22,494 yyyy-MM-dd HH:mm:ss2026-09-05 11:12:23,039 yyyy-MM-dd HH:mm:ss2026-09-05 11:12:23,040 yyyy-MM-dd HH:mm:ss2026-09-05 11:12:23,042 yyyy-MM-dd HH:mm:ss2026-09-05 11:12:23,057 yyyy-MM-dd HH:mm:ss2026-09-05 11:12:23,065 yyyy-MM-dd HH:mm:ss2026-09-05 11:12:23,066 yyyy-MM-dd HH:mm:ss2026-09-05 11:12:23,082 yyyy-MM-dd HH:mm:ss2026-09-05 11:12:23,088 yyyy-MM-dd HH:mm:ss2026-09-05 11:12:23,096 yyyy-MM-dd HH:mm:ss2026-09-05 11:12:23,127 yyyy-MM-dd HH:mm:ss2026-09-05 11:12:23,128 yyyy-MM-dd HH:mm:ss2026-09-05 11:12:23,164 yyyy-MM-dd HH:mm:ss2026-09-05 11:12:23,248 yyyy-MM-dd HH:mm:ss2026-09-05 11:12:23,300 yyyy-MM-dd HH:mm:ss2026-09-05 11:12:23,301 yyyy-MM-dd HH:mm:ss2026-09-05 11:12:23,303 yyyy-MM-dd HH:mm:ss2026-09-05 11:12:23,309 yyyy-MM-dd HH:mm:ss2026-09-05 11:12:23,312 yyyy-MM-dd HH:mm:ss2026-09-05 11:12:23,317 yyyy-MM-dd HH:mm:ss2026-09-05 11:12:23,353 yyyy-MM-dd HH:mm:ss2026-09-05 11:12:23,434 yyyy-MM-dd HH:mm:ss2026-09-05 11:12:23,534 yyyy-MM-dd HH:mm:ss2026-09-05 11:12:23,544 yyyy-MM-dd HH:mm:ss2026-09-05 11:12:23,605 yyyy-MM-dd HH:mm:ss2026-09-05 11:12:23,605 yyyy-MM-dd HH:mm:ss2026-09-05 11:12:23,607 yyyy-MM-dd HH:mm:ss2026-09-05 11:12:23,613 yyyy-MM-dd HH:mm:ss2026-09-05 11:12:23,616 yyyy-MM-dd HH:mm:ss2026-09-05 11:12:23,669 yyyy-MM-dd HH:mm:ss2026-09-05 11:12:23,685 yyyy-MM-dd HH:mm:ss2026-09-05 11:12:23,714 yyyy-MM-dd HH:mm:ss2026-09-05 11:12:23,720 yyyy-MM-dd HH:mm:ss2026-09-05 11:12:23,726 yyyy-MM-dd HH:mm:ss2026-09-05 11:12:23,731 yyyy-MM-dd HH:mm:ss2026-09-05 11:12:23,734 yyyy-MM-dd HH:mm:ss2026-09-05 11:12:23,745 yyyy-MM-dd HH:mm:ss2026-09-05 11:12:23,747 yyyy-MM-dd HH:mm:ss2026-09-05 11:12:23,750 yyyy-MM-dd HH:mm:ss2026-09-05 11:12:23,756 yyyy-MM-dd HH:mm:ss2026-09-05 11:12:23,757 yyyy-MM-dd HH:mm:ss2026-09-05 11:12:23,759 yyyy-MM-dd HH:mm:ss2026-09-05 11:12:23,761 yyyy-MM-dd HH:mm:ss2026-09-05 11:12:23,764 yyyy-MM-dd HH:mm:ss2026-09-05 11:12:23,779 yyyy-MM-dd HH:mm:ss2026-09-05 11:12:23,793 yyyy-MM-dd HH:mm:ss2026-09-05 11:12:23,799 yyyy-MM-dd HH:mm:ss2026-09-05 11:12:23,870 yyyy-MM-dd HH:mm:ss2026-09-05 11:12:23,871 yyyy-MM-dd HH:mm:ss2026-09-05 11:12:23,873 yyyy-MM-dd HH:mm:ss2026-09-05 11:12:23,874 yyyy-MM-dd HH:mm:ss2026-09-05 11:12:23,947 yyyy-MM-dd HH:mm:ss2026-09-05 11:12:23,947 yyyy-MM-dd HH:mm:ss2026-09-05 11:12:23,948 yyyy-MM-dd HH:mm:ss2026-09-05 11:12:23,967 yyyy-MM-dd HH:mm:ss2026-09-05 11:12:23,977 yyyy-MM-dd HH:mm:ss2026-09-05 11:12:23,979 yyyy-MM-dd HH:mm:ss2026-09-05 11:12:23,982 yyyy-MM-dd HH:mm:ss2026-09-05 11:12:23,983 yyyy-MM-dd HH:mm:ss2026-09-05 11:12:23,983 yyyy-MM-dd HH:mm:ss2026-09-05 11:12:23,998 yyyy-MM-dd HH:mm:ss2026-09-05 11:12:24,013 yyyy-MM-dd HH:mm:ss2026-09-05 11:12:24,028 yyyy-MM-dd HH:mm:ss2026-09-05 11:12:24,044 yyyy-MM-dd HH:mm:ss2026-09-05 11:12:24,048 yyyy-MM-dd HH:mm:ss2026-09-05 11:12:24,048 yyyy-MM-dd HH:mm:ss2026-09-05 11:12:24,052 yyyy-MM-dd HH:mm:ss2026-09-05 11:12:24,064 yyyy-MM-dd HH:mm:ss2026-09-05 11:12:24,119 yyyy-MM-dd HH:mm:ss2026-09-05 11:12:24,121 yyyy-MM-dd HH:mm:ss2026-09-05 11:12:24,149 yyyy-MM-dd HH:mm:ss2026-09-05 11:12:24,158 yyyy-MM-dd HH:mm:ss2026-09-05 11:12:24,160 yyyy-MM-dd HH:mm:ss2026-09-05 11:12:24,161 yyyy-MM-dd HH:mm:ss2026-09-05 11:12:24,188 yyyy-MM-dd HH:mm:ss2026-09-05 11:12:24,195 yyyy-MM-dd HH:mm:ss2026-09-05 11:12:24,195 yyyy-MM-dd HH:mm:ss2026-09-05 11:12:24,195 yyyy-MM-dd HH:mm:ss2026-09-05 11:12:24,202 yyyy-MM-dd HH:mm:ss2026-09-05 11:12:24,203 yyyy-MM-dd HH:mm:ss2026-09-05 11:12:24,206 yyyy-MM-dd HH:mm:ss2026-09-05 11:12:24,213 yyyy-MM-dd HH:mm:ss2026-09-05 11:12:24,214 yyyy-MM-dd HH:mm:ss2026-09-05 11:12:24,223 yyyy-MM-dd HH:mm:ss2026-09-05 11:12:24,277 yyyy-MM-dd HH:mm:ss2026-09-05 11:12:24,280 yyyy-MM-dd HH:mm:ss2026-09-05 11:12:24,293 yyyy-MM-dd HH:mm:ss2026-09-05 11:12:24,298 yyyy-MM-dd HH:mm:ss2026-09-05 11:12:24,333 yyyy-MM-dd HH:mm:ss2026-09-05 11:12:24,333 yyyy-MM-dd HH:mm:ss2026-09-05 11:12:24,402 yyyy-MM-dd HH:mm:ss2026-09-05 11:12:24,403 yyyy-MM-dd HH:mm:ss2026-09-05 11:12:24,416 yyyy-MM-dd HH:mm:ss2026-09-05 11:12:24,465 yyyy-MM-dd HH:mm:ss2026-09-05 11:12:24,465 yyyy-MM-dd HH:mm:ss2026-09-05 11:12:24,465 yyyy-MM-dd HH:mm:ss2026-09-05 11:12:24,465 yyyy-MM-dd HH:mm:ss2026-09-05 11:12:24,469 yyyy-MM-dd HH:mm:ss2026-09-05 11:12:24,470 yyyy-MM-dd HH:mm:ss2026-09-05 11:12:24,477 yyyy-MM-dd HH:mm:ss2026-09-05 11:12:24,477 yyyy-MM-dd HH:mm:ss2026-09-05 11:12:24,477 yyyy-MM-dd HH:mm:ss2026-09-05 11:12:24,477 yyyy-MM-dd HH:mm:ss2026-09-05 11:12:24,487 yyyy-MM-dd HH:mm:ss2026-09-05 11:12:24,488 yyyy-MM-dd HH:mm:ss2026-09-05 11:12:24,492 yyyy-MM-dd HH:mm:ss2026-09-05 11:12:24,492 yyyy-MM-dd HH:mm:ss2026-09-05 11:12:24,493 yyyy-MM-dd HH:mm:ss2026-09-05 11:12:24,497 yyyy-MM-dd HH:mm:ss2026-09-05 11:12:24,497 yyyy-MM-dd HH:mm:ss2026-09-05 11:12:24,501 yyyy-MM-dd HH:mm:ss2026-09-05 11:12:24,503 yyyy-MM-dd HH:mm:ss2026-09-05 11:12:24,504 yyyy-MM-dd HH:mm:ss2026-09-05 11:12:24,504 yyyy-MM-dd HH:mm:ss2026-09-05 11:12:24,508 yyyy-MM-dd HH:mm:ss2026-09-05 11:12:24,510 yyyy-MM-dd HH:mm:ss2026-09-05 11:12:24,511 yyyy-MM-dd HH:mm:ss2026-09-05 11:12:24,512 yyyy-MM-dd HH:mm:ss2026-09-05 11:12:24,515 yyyy-MM-dd HH:mm:ss2026-09-05 11:12:24,520 yyyy-MM-dd HH:mm:ss2026-09-05 11:12:24,521 yyyy-MM-dd HH:mm:ss2026-09-05 11:12:24,544 yyyy-MM-dd HH:mm:ss2026-09-05 11:12:24,548 yyyy-MM-dd HH:mm:ss2026-09-05 11:12:24,548 yyyy-MM-dd HH:mm:ss2026-09-05 11:12:24,548 yyyy-MM-dd HH:mm:ss2026-09-05 11:12:24,577 yyyy-MM-dd HH:mm:ss2026-09-05 11:12:24,578 yyyy-MM-dd HH:mm:ss2026-09-05 11:12:24,578 yyyy-MM-dd HH:mm:ss2026-09-05 11:12:24,578 yyyy-MM-dd HH:mm:ss2026-09-05 11:12:24,583 yyyy-MM-dd HH:mm:ss2026-09-05 11:12:24,587 yyyy-MM-dd HH:mm:ss2026-09-05 11:12:24,592 yyyy-MM-dd HH:mm:ss2026-09-05 11:12:24,595 yyyy-MM-dd HH:mm:ss2026-09-05 11:12:24,598 yyyy-MM-dd HH:mm:ss2026-09-05 11:12:24,600 yyyy-MM-dd HH:mm:ss2026-09-05 11:12:24,608 yyyy-MM-dd HH:mm:ss2026-09-05 11:12:24,608 yyyy-MM-dd HH:mm:ss2026-09-05 11:12:24,610 yyyy-MM-dd HH:mm:ss2026-09-05 11:12:24,612 yyyy-MM-dd HH:mm:ss2026-09-05 11:12:24,613 yyyy-MM-dd HH:mm:ss2026-09-05 11:12:24,613 yyyy-MM-dd HH:mm:ss2026-09-05 11:12:24,615 yyyy-MM-dd HH:mm:ss2026-09-05 11:12:24,615 yyyy-MM-dd HH:mm:ss2026-09-05 11:12:24,619 yyyy-MM-dd HH:mm:ss2026-09-05 11:12:24,619 yyyy-MM-dd HH:mm:ss2026-09-05 11:12:24,621 yyyy-MM-dd HH:mm:ss2026-09-05 11:12:24,622 yyyy-MM-dd HH:mm:ss2026-09-05 11:12:24,623 yyyy-MM-dd HH:mm:ss2026-09-05 11:12:24,631 yyyy-MM-dd HH:mm:ss2026-09-05 11:12:24,633 yyyy-MM-dd HH:mm:ss2026-09-05 11:12:24,641 yyyy-MM-dd HH:mm:ss2026-09-05 11:12:24,642 yyyy-MM-dd HH:mm:ss2026-09-05 11:12:24,643 yyyy-MM-dd HH:mm:ss2026-09-05 11:12:24,643 yyyy-MM-dd HH:mm:ss2026-09-05 11:12:24,644 yyyy-MM-dd HH:mm:ss2026-09-05 11:12:24,646 yyyy-MM-dd HH:mm:ss2026-09-05 11:12:24,664 yyyy-MM-dd HH:mm:ss2026-09-05 11:12:24,668 yyyy-MM-dd HH:mm:ss2026-09-05 11:12:24,669 yyyy-MM-dd HH:mm:ss2026-09-05 11:12:24,671 yyyy-MM-dd HH:mm:ss2026-09-05 11:12:24,672 yyyy-MM-dd HH:mm:ss2026-09-05 11:12:24,690 yyyy-MM-dd HH:mm:ss2026-09-05 11:12:24,690 yyyy-MM-dd HH:mm:ss2026-09-05 11:12:24,694 yyyy-MM-dd HH:mm:ss2026-09-05 11:12:24,703 yyyy-MM-dd HH:mm:ss2026-09-05 11:12:24,705 yyyy-MM-dd HH:mm:ss2026-09-05 11:12:24,707 yyyy-MM-dd HH:mm:ss2026-09-05 11:12:24,724 yyyy-MM-dd HH:mm:ss2026-09-05 11:12:24,724 yyyy-MM-dd HH:mm:ss2026-09-05 11:12:24,724 yyyy-MM-dd HH:mm:ss2026-09-05 11:12:24,738 yyyy-MM-dd HH:mm:ss2026-09-05 11:12:24,758 yyyy-MM-dd HH:mm:ss2026-09-05 11:12:24,760 yyyy-MM-dd HH:mm:ss2026-09-05 11:12:24,760 yyyy-MM-dd HH:mm:ss2026-09-05 11:12:24,783 yyyy-MM-dd HH:mm:ss2026-09-05 11:12:24,796 yyyy-MM-dd HH:mm:ss2026-09-05 11:12:24,796 yyyy-MM-dd HH:mm:ss2026-09-05 11:12:24,796 yyyy-MM-dd HH:mm:ss2026-09-05 11:12:24,796 yyyy-MM-dd HH:mm:ss2026-09-05 11:12:24,881 yyyy-MM-dd HH:mm:ss2026-09-05 11:12:24,895 yyyy-MM-dd HH:mm:ss2026-09-05 11:12:24,909 yyyy-MM-dd HH:mm:ss2026-09-05 11:12:24,962 yyyy-MM-dd HH:mm:ss2026-09-05 11:12:24,968 yyyy-MM-dd HH:mm:ss2026-09-05 11:12:24,971 yyyy-MM-dd HH:mm:ss2026-09-05 11:12:24,980 yyyy-MM-dd HH:mm:ss2026-09-05 11:12:24,989 yyyy-MM-dd HH:mm:ss2026-09-05 11:12:24,990 yyyy-MM-dd HH:mm:ss2026-09-05 11:12:24,992 yyyy-MM-dd HH:mm:ss2026-09-05 11:12:24,994 yyyy-MM-dd HH:mm:ss2026-09-05 11:12:24,997 yyyy-MM-dd HH:mm:ss2026-09-05 11:12:24,998 yyyy-MM-dd HH:mm:ss2026-09-05 11:12:25,000 yyyy-MM-dd HH:mm:ss2026-09-05 11:12:25,001 yyyy-MM-dd HH:mm:ss2026-09-05 11:12:25,001 yyyy-MM-dd HH:mm:ss2026-09-05 11:12:25,008 yyyy-MM-dd HH:mm:ss2026-09-05 11:12:25,013 yyyy-MM-dd HH:mm:ss2026-09-05 11:12:25,017 yyyy-MM-dd HH:mm:ss2026-09-05 11:12:25,018 yyyy-MM-dd HH:mm:ss2026-09-05 11:12:25,018 yyyy-MM-dd HH:mm:ss2026-09-05 11:12:25,034 yyyy-MM-dd HH:mm:ss2026-09-05 11:12:25,037 yyyy-MM-dd HH:mm:ss2026-09-05 11:12:25,037 yyyy-MM-dd HH:mm:ss2026-09-05 11:12:25,037 yyyy-MM-dd HH:mm:ss2026-09-05 11:12:25,121 yyyy-MM-dd HH:mm:ss2026-09-05 11:12:25,125 yyyy-MM-dd HH:mm:ss2026-09-05 11:12:25,126 yyyy-MM-dd HH:mm:ss2026-09-05 11:12:25,129 yyyy-MM-dd HH:mm:ss2026-09-05 11:12:25,130 yyyy-MM-dd HH:mm:ss2026-09-05 11:12:25,130 yyyy-MM-dd HH:mm:ss2026-09-05 11:12:25,148 yyyy-MM-dd HH:mm:ss2026-09-05 11:12:25,153 yyyy-MM-dd HH:mm:ss2026-09-05 11:12:25,160 yyyy-MM-dd HH:mm:ss2026-09-05 11:12:25,164 yyyy-MM-dd HH:mm:ss2026-09-05 11:12:25,190 yyyy-MM-dd HH:mm:ss2026-09-05 11:12:25,194 yyyy-MM-dd HH:mm:ss2026-09-05 11:12:25,207 yyyy-MM-dd HH:mm:ss2026-09-05 11:12:25,274 yyyy-MM-dd HH:mm:ss2026-09-05 11:12:25,275 yyyy-MM-dd HH:mm:ss2026-09-05 11:12:25,282 yyyy-MM-dd HH:mm:ss2026-09-05 11:12:25,297 yyyy-MM-dd HH:mm:ss2026-09-05 11:12:25,297 yyyy-MM-dd HH:mm:ss2026-09-05 11:12:25,301 yyyy-MM-dd HH:mm:ss2026-09-05 11:12:25,324 yyyy-MM-dd HH:mm:ss2026-09-05 11:12:25,329 yyyy-MM-dd HH:mm:ss2026-09-05 11:12:25,331 yyyy-MM-dd HH:mm:ss2026-09-05 11:12:25,331 yyyy-MM-dd HH:mm:ss2026-09-05 11:12:25,332 yyyy-MM-dd HH:mm:ss2026-09-05 11:12:25,333 yyyy-MM-dd HH:mm:ss2026-09-05 11:12:25,334 yyyy-MM-dd HH:mm:ss2026-09-05 11:12:25,335 yyyy-MM-dd HH:mm:ss2026-09-05 11:12:25,351 yyyy-MM-dd HH:mm:ss2026-09-05 11:12:25,360 yyyy-MM-dd HH:mm:ss2026-09-05 11:12:25,361 yyyy-MM-dd HH:mm:ss2026-09-05 11:12:25,363 yyyy-MM-dd HH:mm:ss2026-09-05 11:12:25,364 yyyy-MM-dd HH:mm:ss2026-09-05 11:12:25,365 yyyy-MM-dd HH:mm:ss2026-09-05 11:12:25,366 yyyy-MM-dd HH:mm:ss2026-09-05 11:12:25,367 yyyy-MM-dd HH:mm:ss2026-09-05 11:12:25,368 yyyy-MM-dd HH:mm:ss2026-09-05 11:12:25,370 yyyy-MM-dd HH:mm:ss2026-09-05 11:12:25,394 yyyy-MM-dd HH:mm:ss2026-09-05 11:12:25,396 yyyy-MM-dd HH:mm:ss2026-09-05 11:12:25,397 yyyy-MM-dd HH:mm:ss2026-09-05 11:12:25,402 yyyy-MM-dd HH:mm:ss2026-09-05 11:12:25,402 yyyy-MM-dd HH:mm:ss2026-09-05 11:12:25,404 yyyy-MM-dd HH:mm:ss2026-09-05 11:12:25,405 yyyy-MM-dd HH:mm:ss2026-09-05 11:12:25,407 yyyy-MM-dd HH:mm:ss2026-09-05 11:12:25,410 yyyy-MM-dd HH:mm:ss2026-09-05 11:12:25,411 yyyy-MM-dd HH:mm:ss2026-09-05 11:12:25,415 yyyy-MM-dd HH:mm:ss2026-09-05 11:12:25,416 yyyy-MM-dd HH:mm:ss2026-09-05 11:12:25,417 yyyy-MM-dd HH:mm:ss2026-09-05 11:12:25,421 yyyy-MM-dd HH:mm:ss2026-09-05 11:12:25,421 yyyy-MM-dd HH:mm:ss2026-09-05 11:12:25,424 yyyy-MM-dd HH:mm:ss2026-09-05 11:12:25,424 yyyy-MM-dd HH:mm:ss2026-09-05 11:12:25,425 yyyy-MM-dd HH:mm:ss2026-09-05 11:12:25,428 yyyy-MM-dd HH:mm:ss2026-09-05 11:12:25,437 yyyy-MM-dd HH:mm:ss2026-09-05 11:12:25,437 yyyy-MM-dd HH:mm:ss2026-09-05 11:12:25,437 yyyy-MM-dd HH:mm:ss2026-09-05 11:12:25,446 yyyy-MM-dd HH:mm:ss2026-09-05 11:12:25,448 yyyy-MM-dd HH:mm:ss2026-09-05 11:12:25,448 yyyy-MM-dd HH:mm:ss2026-09-05 11:12:25,449 yyyy-MM-dd HH:mm:ss2026-09-05 11:12:25,451 yyyy-MM-dd HH:mm:ss2026-09-05 11:12:25,453 yyyy-MM-dd HH:mm:ss2026-09-05 11:12:25,453 yyyy-MM-dd HH:mm:ss2026-09-05 11:12:25,455 yyyy-MM-dd HH:mm:ss2026-09-05 11:12:25,456 yyyy-MM-dd HH:mm:ss2026-09-05 11:12:25,458 yyyy-MM-dd HH:mm:ss2026-09-05 11:12:25,461 yyyy-MM-dd HH:mm:ss2026-09-05 11:12:25,462 yyyy-MM-dd HH:mm:ss2026-09-05 11:12:25,462 yyyy-MM-dd HH:mm:ss2026-09-05 11:12:25,462 yyyy-MM-dd HH:mm:ss2026-09-05 11:12:25,462 yyyy-MM-dd HH:mm:ss2026-09-05 11:12:25,462 yyyy-MM-dd HH:mm:ss2026-09-05 11:12:25,462 yyyy-MM-dd HH:mm:ss2026-09-05 11:12:25,462 yyyy-MM-dd HH:mm:ss2026-09-05 11:12:25,462 yyyy-MM-dd HH:mm:ss2026-09-05 11:12:25,462 yyyy-MM-dd HH:mm:ss2026-09-05 11:12:25,498 yyyy-MM-dd HH:mm:ss2026-09-05 11:12:25,498 yyyy-MM-dd HH:mm:ss2026-09-05 11:12:25,500 yyyy-MM-dd HH:mm:ss2026-09-05 11:12:25,500 yyyy-MM-dd HH:mm:ss2026-09-05 11:12:25,500 yyyy-MM-dd HH:mm:ss2026-09-05 11:12:25,510 yyyy-MM-dd HH:mm:ss2026-09-05 11:12:25,511 yyyy-MM-dd HH:mm:ss2026-09-05 11:12:25,511 yyyy-MM-dd HH:mm:ss2026-09-05 11:12:25,516 yyyy-MM-dd HH:mm:ss2026-09-05 11:12:25,517 yyyy-MM-dd HH:mm:ss2026-09-05 11:12:25,517 yyyy-MM-dd HH:mm:ss2026-09-05 11:12:25,517 yyyy-MM-dd HH:mm:ss2026-09-05 11:12:25,520 yyyy-MM-dd HH:mm:ss2026-09-05 11:12:25,528 yyyy-MM-dd HH:mm:ss2026-09-05 11:12:25,528 yyyy-MM-dd HH:mm:ss2026-09-05 11:12:25,531 yyyy-MM-dd HH:mm:ss2026-09-05 11:12:25,531 yyyy-MM-dd HH:mm:ss2026-09-05 11:12:25,537 yyyy-MM-dd HH:mm:ss2026-09-05 11:12:25,541 yyyy-MM-dd HH:mm:ss2026-09-05 11:12:25,541 yyyy-MM-dd HH:mm:ss2026-09-05 11:12:25,541 yyyy-MM-dd HH:mm:ss2026-09-05 11:12:25,547 yyyy-MM-dd HH:mm:ss2026-09-05 11:12:25,551 yyyy-MM-dd HH:mm:ss2026-09-05 11:12:25,567 yyyy-MM-dd HH:mm:ss2026-09-05 11:12:25,569 yyyy-MM-dd HH:mm:ss2026-09-05 11:12:25,573 yyyy-MM-dd HH:mm:ss2026-09-05 11:12:25,578 yyyy-MM-dd HH:mm:ss2026-09-05 11:12:25,579 yyyy-MM-dd HH:mm:ss2026-09-05 11:12:25,579 yyyy-MM-dd HH:mm:ss2026-09-05 11:12:25,584 yyyy-MM-dd HH:mm:ss2026-09-05 11:12:25,589 yyyy-MM-dd HH:mm:ss2026-09-05 11:12:25,590 yyyy-MM-dd HH:mm:ss2026-09-05 11:12:25,594 yyyy-MM-dd HH:mm:ss2026-09-05 11:12:25,594 yyyy-MM-dd HH:mm:ss2026-09-05 11:12:25,599 yyyy-MM-dd HH:mm:ss2026-09-05 11:12:25,600 yyyy-MM-dd HH:mm:ss2026-09-05 11:12:25,603 yyyy-MM-dd HH:mm:ss2026-09-05 11:12:25,606 yyyy-MM-dd HH:mm:ss2026-09-05 11:12:25,607 yyyy-MM-dd HH:mm:ss2026-09-05 11:12:25,608 yyyy-MM-dd HH:mm:ss2026-09-05 11:12:25,608 yyyy-MM-dd HH:mm:ss2026-09-05 11:12:25,608 yyyy-MM-dd HH:mm:ss2026-09-05 11:12:25,609 yyyy-MM-dd HH:mm:ss2026-09-05 11:12:25,609 yyyy-MM-dd HH:mm:ss2026-09-05 11:12:25,617 yyyy-MM-dd HH:mm:ss2026-09-05 11:12:25,618 yyyy-MM-dd HH:mm:ss2026-09-05 11:12:25,618 yyyy-MM-dd HH:mm:ss2026-09-05 11:12:25,618 yyyy-MM-dd HH:mm:ss2026-09-05 11:12:25,625 yyyy-MM-dd HH:mm:ss2026-09-05 11:12:25,625 yyyy-MM-dd HH:mm:ss2026-09-05 11:12:25,625 yyyy-MM-dd HH:mm:ss2026-09-05 11:12:25,625 yyyy-MM-dd HH:mm:ss2026-09-05 11:12:25,625 yyyy-MM-dd HH:mm:ss2026-09-05 11:12:25,625 yyyy-MM-dd HH:mm:ss2026-09-05 11:12:25,636 yyyy-MM-dd HH:mm:ss2026-09-05 11:12:25,639 yyyy-MM-dd HH:mm:ss2026-09-05 11:12:25,641 yyyy-MM-dd HH:mm:ss2026-09-05 11:12:25,645 yyyy-MM-dd HH:mm:ss2026-09-05 11:12:25,650 yyyy-MM-dd HH:mm:ss2026-09-05 11:12:25,655 yyyy-MM-dd HH:mm:ss2026-09-05 11:12:25,655 yyyy-MM-dd HH:mm:ss2026-09-05 11:12:25,655 yyyy-MM-dd HH:mm:ss2026-09-05 11:12:25,655 yyyy-MM-dd HH:mm:ss2026-09-05 11:12:25,681 yyyy-MM-dd HH:mm:ss2026-09-05 11:12:25,681 yyyy-MM-dd HH:mm:ss2026-09-05 11:12:25,681 yyyy-MM-dd HH:mm:ss2026-09-05 11:12:25,681 yyyy-MM-dd HH:mm:ss2026-09-05 11:12:25,681 yyyy-MM-dd HH:mm:ss2026-09-05 11:12:25,684 yyyy-MM-dd HH:mm:ss2026-09-05 11:12:25,685 yyyy-MM-dd HH:mm:ss2026-09-05 11:12:25,686 yyyy-MM-dd HH:mm:ss2026-09-05 11:12:25,686 yyyy-MM-dd HH:mm:ss2026-09-05 11:12:25,687 yyyy-MM-dd HH:mm:ss2026-09-05 11:12:25,688 yyyy-MM-dd HH:mm:ss2026-09-05 11:12:25,689 yyyy-MM-dd HH:mm:ss2026-09-05 11:12:25,690 yyyy-MM-dd HH:mm:ss2026-09-05 11:12:25,697 yyyy-MM-dd HH:mm:ss2026-09-05 11:12:25,698 yyyy-MM-dd HH:mm:ss2026-09-05 11:12:25,699 yyyy-MM-dd HH:mm:ss2026-09-05 11:12:25,701 yyyy-MM-dd HH:mm:ss2026-09-05 11:12:25,702 yyyy-MM-dd HH:mm:ss2026-09-05 11:12:25,705 yyyy-MM-dd HH:mm:ss2026-09-05 11:12:25,708 yyyy-MM-dd HH:mm:ss2026-09-05 11:12:25,722 yyyy-MM-dd HH:mm:ss2026-09-05 11:12:25,724 yyyy-MM-dd HH:mm:ss2026-09-05 11:12:25,724 yyyy-MM-dd HH:mm:ss2026-09-05 11:12:25,728 yyyy-MM-dd HH:mm:ss2026-09-05 11:12:25,735 yyyy-MM-dd HH:mm:ss2026-09-05 11:12:25,735 yyyy-MM-dd HH:mm:ss2026-09-05 11:12:25,738 yyyy-MM-dd HH:mm:ss2026-09-05 11:12:25,741 yyyy-MM-dd HH:mm:ss2026-09-05 11:12:25,743 yyyy-MM-dd HH:mm:ss2026-09-05 11:12:25,743 yyyy-MM-dd HH:mm:ss2026-09-05 11:12:25,747 yyyy-MM-dd HH:mm:ss2026-09-05 11:12:25,747 yyyy-MM-dd HH:mm:ss2026-09-05 11:12:25,749 yyyy-MM-dd HH:mm:ss2026-09-05 11:12:25,753 yyyy-MM-dd HH:mm:ss2026-09-05 11:12:25,753 yyyy-MM-dd HH:mm:ss2026-09-05 11:12:25,756 yyyy-MM-dd HH:mm:ss2026-09-05 11:12:25,757 yyyy-MM-dd HH:mm:ss2026-09-05 11:12:25,765 yyyy-MM-dd HH:mm:ss2026-09-05 11:12:25,766 yyyy-MM-dd HH:mm:ss2026-09-05 11:12:25,778 yyyy-MM-dd HH:mm:ss2026-09-05 11:12:25,779 yyyy-MM-dd HH:mm:ss2026-09-05 11:12:25,780 yyyy-MM-dd HH:mm:ss2026-09-05 11:12:25,786 yyyy-MM-dd HH:mm:ss2026-09-05 11:12:25,789 yyyy-MM-dd HH:mm:ss2026-09-05 11:12:25,789 yyyy-MM-dd HH:mm:ss2026-09-05 11:12:25,796 yyyy-MM-dd HH:mm:ss2026-09-05 11:12:25,798 yyyy-MM-dd HH:mm:ss2026-09-05 11:12:25,799 yyyy-MM-dd HH:mm:ss2026-09-05 11:12:25,799 yyyy-MM-dd HH:mm:ss2026-09-05 11:12:25,823 yyyy-MM-dd HH:mm:ss2026-09-05 11:12:25,823 yyyy-MM-dd HH:mm:ss2026-09-05 11:12:25,826 yyyy-MM-dd HH:mm:ss2026-09-05 11:12:25,830 yyyy-MM-dd HH:mm:ss2026-09-05 11:12:25,830 yyyy-MM-dd HH:mm:ss2026-09-05 11:12:25,839 yyyy-MM-dd HH:mm:ss2026-09-05 11:12:25,839 yyyy-MM-dd HH:mm:ss2026-09-05 11:12:25,840 yyyy-MM-dd HH:mm:ss2026-09-05 11:12:25,843 yyyy-MM-dd HH:mm:ss2026-09-05 11:12:25,845 yyyy-MM-dd HH:mm:ss2026-09-05 11:12:25,852 yyyy-MM-dd HH:mm:ss2026-09-05 11:12:25,854 yyyy-MM-dd HH:mm:ss2026-09-05 11:12:25,854 yyyy-MM-dd HH:mm:ss2026-09-05 11:12:25,857 yyyy-MM-dd HH:mm:ss2026-09-05 11:12:25,857 yyyy-MM-dd HH:mm:ss2026-09-05 11:12:25,857 yyyy-MM-dd HH:mm:ss2026-09-05 11:12:25,863 yyyy-MM-dd HH:mm:ss2026-09-05 11:12:25,869 yyyy-MM-dd HH:mm:ss2026-09-05 11:12:25,870 yyyy-MM-dd HH:mm:ss2026-09-05 11:12:25,873 yyyy-MM-dd HH:mm:ss2026-09-05 11:12:25,873 yyyy-MM-dd HH:mm:ss2026-09-05 11:12:25,875 yyyy-MM-dd HH:mm:ss2026-09-05 11:12:25,876 yyyy-MM-dd HH:mm:ss2026-09-05 11:12:25,877 yyyy-MM-dd HH:mm:ss2026-09-05 11:12:25,878 yyyy-MM-dd HH:mm:ss2026-09-05 11:12:25,879 yyyy-MM-dd HH:mm:ss2026-09-05 11:12:25,879 yyyy-MM-dd HH:mm:ss2026-09-05 11:12:25,883 yyyy-MM-dd HH:mm:ss2026-09-05 11:12:25,885 yyyy-MM-dd HH:mm:ss2026-09-05 11:12:25,886 yyyy-MM-dd HH:mm:ss2026-09-05 11:12:25,889 yyyy-MM-dd HH:mm:ss2026-09-05 11:12:25,890 yyyy-MM-dd HH:mm:ss2026-09-05 11:12:25,892 yyyy-MM-dd HH:mm:ss2026-09-05 11:12:25,892 yyyy-MM-dd HH:mm:ss2026-09-05 11:12:25,896 yyyy-MM-dd HH:mm:ss2026-09-05 11:12:25,898 yyyy-MM-dd HH:mm:ss2026-09-05 11:12:25,898 yyyy-MM-dd HH:mm:ss2026-09-05 11:12:25,911 yyyy-MM-dd HH:mm:ss2026-09-05 11:12:25,913 yyyy-MM-dd HH:mm:ss2026-09-05 11:12:25,913 yyyy-MM-dd HH:mm:ss2026-09-05 11:12:25,913 yyyy-MM-dd HH:mm:ss2026-09-05 11:12:25,913 yyyy-MM-dd HH:mm:ss2026-09-05 11:12:25,913 yyyy-MM-dd HH:mm:ss2026-09-05 11:12:25,914 yyyy-MM-dd HH:mm:ss2026-09-05 11:12:25,914 yyyy-MM-dd HH:mm:ss2026-09-05 11:12:25,925 yyyy-MM-dd HH:mm:ss2026-09-05 11:12:25,926 yyyy-MM-dd HH:mm:ss2026-09-05 11:12:25,926 yyyy-MM-dd HH:mm:ss2026-09-05 11:12:25,975 yyyy-MM-dd HH:mm:ss2026-09-05 11:12:25,978 yyyy-MM-dd HH:mm:ss2026-09-05 11:12:25,978 yyyy-MM-dd HH:mm:ss2026-09-05 11:12:25,983 yyyy-MM-dd HH:mm:ss2026-09-05 11:12:25,983 yyyy-MM-dd HH:mm:ss2026-09-05 11:12:25,985 yyyy-MM-dd HH:mm:ss2026-09-05 11:12:25,986 yyyy-MM-dd HH:mm:ss2026-09-05 11:12:25,988 yyyy-MM-dd HH:mm:ss2026-09-05 11:12:25,990 yyyy-MM-dd HH:mm:ss2026-09-05 11:12:25,998 yyyy-MM-dd HH:mm:ss2026-09-05 11:12:26,001 yyyy-MM-dd HH:mm:ss2026-09-05 11:12:26,002 yyyy-MM-dd HH:mm:ss2026-09-05 11:12:26,004 yyyy-MM-dd HH:mm:ss2026-09-05 11:12:26,005 yyyy-MM-dd HH:mm:ss2026-09-05 11:12:26,010 yyyy-MM-dd HH:mm:ss2026-09-05 11:12:26,010 yyyy-MM-dd HH:mm:ss2026-09-05 11:12:26,013 yyyy-MM-dd HH:mm:ss2026-09-05 11:12:26,024 yyyy-MM-dd HH:mm:ss2026-09-05 11:12:26,024 yyyy-MM-dd HH:mm:ss2026-09-05 11:12:26,034 yyyy-MM-dd HH:mm:ss2026-09-05 11:12:26,035 yyyy-MM-dd HH:mm:ss2026-09-05 11:12:26,039 yyyy-MM-dd HH:mm:ss2026-09-05 11:12:26,039 yyyy-MM-dd HH:mm:ss2026-09-05 11:12:26,047 yyyy-MM-dd HH:mm:ss2026-09-05 11:12:26,047 yyyy-MM-dd HH:mm:ss2026-09-05 11:12:26,048 yyyy-MM-dd HH:mm:ss2026-09-05 11:12:26,051 yyyy-MM-dd HH:mm:ss2026-09-05 11:12:26,052 yyyy-MM-dd HH:mm:ss2026-09-05 11:12:26,057 yyyy-MM-dd HH:mm:ss2026-09-05 11:12:26,060 yyyy-MM-dd HH:mm:ss2026-09-05 11:12:26,060 yyyy-MM-dd HH:mm:ss2026-09-05 11:12:26,080 yyyy-MM-dd HH:mm:ss2026-09-05 11:12:26,081 yyyy-MM-dd HH:mm:ss2026-09-05 11:12:26,083 yyyy-MM-dd HH:mm:ss2026-09-05 11:12:26,083 yyyy-MM-dd HH:mm:ss2026-09-05 11:12:26,083 yyyy-MM-dd HH:mm:ss2026-09-05 11:12:26,090 yyyy-MM-dd HH:mm:ss2026-09-05 11:12:26,090 yyyy-MM-dd HH:mm:ss2026-09-05 11:12:26,092 yyyy-MM-dd HH:mm:ss2026-09-05 11:12:26,100 yyyy-MM-dd HH:mm:ss2026-09-05 11:12:26,102 yyyy-MM-dd HH:mm:ss2026-09-05 11:12:26,107 yyyy-MM-dd HH:mm:ss2026-09-05 11:12:26,108 yyyy-MM-dd HH:mm:ss2026-09-05 11:12:26,113 yyyy-MM-dd HH:mm:ss2026-09-05 11:12:26,114 yyyy-MM-dd HH:mm:ss2026-09-05 11:12:26,115 yyyy-MM-dd HH:mm:ss2026-09-05 11:12:26,116 yyyy-MM-dd HH:mm:ss2026-09-05 11:12:26,117 yyyy-MM-dd HH:mm:ss2026-09-05 11:12:26,118 yyyy-MM-dd HH:mm:ss2026-09-05 11:12:26,119 yyyy-MM-dd HH:mm:ss2026-09-05 11:12:26,121 yyyy-MM-dd HH:mm:ss2026-09-05 11:12:26,124 yyyy-MM-dd HH:mm:ss2026-09-05 11:12:26,129 yyyy-MM-dd HH:mm:ss2026-09-05 11:12:26,130 yyyy-MM-dd HH:mm:ss2026-09-05 11:12:26,133 yyyy-MM-dd HH:mm:ss2026-09-05 11:12:26,135 yyyy-MM-dd HH:mm:ss2026-09-05 11:12:26,140 yyyy-MM-dd HH:mm:ss2026-09-05 11:12:26,142 yyyy-MM-dd HH:mm:ss2026-09-05 11:12:26,143 yyyy-MM-dd HH:mm:ss2026-09-05 11:12:26,148 yyyy-MM-dd HH:mm:ss2026-09-05 11:12:26,150 yyyy-MM-dd HH:mm:ss2026-09-05 11:12:26,151 yyyy-MM-dd HH:mm:ss2026-09-05 11:12:26,151 yyyy-MM-dd HH:mm:ss2026-09-05 11:12:26,153 yyyy-MM-dd HH:mm:ss2026-09-05 11:12:26,156 yyyy-MM-dd HH:mm:ss2026-09-05 11:12:26,157 yyyy-MM-dd HH:mm:ss2026-09-05 11:12:26,162 yyyy-MM-dd HH:mm:ss2026-09-05 11:12:26,164 yyyy-MM-dd HH:mm:ss2026-09-05 11:12:26,173 yyyy-MM-dd HH:mm:ss2026-09-05 11:12:26,176 yyyy-MM-dd HH:mm:ss2026-09-05 11:12:26,177 yyyy-MM-dd HH:mm:ss2026-09-05 11:12:26,178 yyyy-MM-dd HH:mm:ss2026-09-05 11:12:26,179 yyyy-MM-dd HH:mm:ss2026-09-05 11:12:26,180 yyyy-MM-dd HH:mm:ss2026-09-05 11:12:26,182 yyyy-MM-dd HH:mm:ss2026-09-05 11:12:26,187 yyyy-MM-dd HH:mm:ss2026-09-05 11:12:26,191 yyyy-MM-dd HH:mm:ss2026-09-05 11:12:26,193 yyyy-MM-dd HH:mm:ss2026-09-05 11:12:26,212 yyyy-MM-dd HH:mm:ss2026-09-05 11:12:26,213 yyyy-MM-dd HH:mm:ss2026-09-05 11:12:26,214 yyyy-MM-dd HH:mm:ss2026-09-05 11:12:26,216 yyyy-MM-dd HH:mm:ss2026-09-05 11:12:26,217 yyyy-MM-dd HH:mm:ss2026-09-05 11:12:26,219 yyyy-MM-dd HH:mm:ss2026-09-05 11:12:26,239 yyyy-MM-dd HH:mm:ss2026-09-05 11:12:26,240 yyyy-MM-dd HH:mm:ss2026-09-05 11:12:26,242 yyyy-MM-dd HH:mm:ss2026-09-05 11:12:26,249 yyyy-MM-dd HH:mm:ss2026-09-05 11:12:26,250 yyyy-MM-dd HH:mm:ss2026-09-05 11:12:26,250 yyyy-MM-dd HH:mm:ss2026-09-05 11:12:26,251 yyyy-MM-dd HH:mm:ss2026-09-05 11:12:26,253 yyyy-MM-dd HH:mm:ss2026-09-05 11:12:26,255 yyyy-MM-dd HH:mm:ss2026-09-05 11:12:26,258 yyyy-MM-dd HH:mm:ss2026-09-05 11:12:26,258 yyyy-MM-dd HH:mm:ss2026-09-05 11:12:26,284 yyyy-MM-dd HH:mm:ss2026-09-05 11:12:26,286 yyyy-MM-dd HH:mm:ss2026-09-05 11:12:26,287 yyyy-MM-dd HH:mm:ss2026-09-05 11:12:26,289 yyyy-MM-dd HH:mm:ss2026-09-05 11:12:26,290 yyyy-MM-dd HH:mm:ss2026-09-05 11:12:26,290 yyyy-MM-dd HH:mm:ss2026-09-05 11:12:26,295 yyyy-MM-dd HH:mm:ss2026-09-05 11:12:26,296 yyyy-MM-dd HH:mm:ss2026-09-05 11:12:26,297 yyyy-MM-dd HH:mm:ss2026-09-05 11:12:26,297 yyyy-MM-dd HH:mm:ss2026-09-05 11:12:26,300 yyyy-MM-dd HH:mm:ss2026-09-05 11:12:26,301 yyyy-MM-dd HH:mm:ss2026-09-05 11:12:26,303 yyyy-MM-dd HH:mm:ss2026-09-05 11:12:26,305 yyyy-MM-dd HH:mm:ss2026-09-05 11:12:26,306 yyyy-MM-dd HH:mm:ss2026-09-05 11:12:26,316 yyyy-MM-dd HH:mm:ss2026-09-05 11:12:26,316 yyyy-MM-dd HH:mm:ss2026-09-05 11:12:26,317 yyyy-MM-dd HH:mm:ss2026-09-05 11:12:26,324 yyyy-MM-dd HH:mm:ss2026-09-05 11:12:26,326 yyyy-MM-dd HH:mm:ss2026-09-05 11:12:26,327 yyyy-MM-dd HH:mm:ss2026-09-05 11:12:26,329 yyyy-MM-dd HH:mm:ss2026-09-05 11:12:26,332 yyyy-MM-dd HH:mm:ss2026-09-05 11:12:26,333 yyyy-MM-dd HH:mm:ss2026-09-05 11:12:26,335 yyyy-MM-dd HH:mm:ss2026-09-05 11:12:26,336 yyyy-MM-dd HH:mm:ss2026-09-05 11:12:26,337 yyyy-MM-dd HH:mm:ss2026-09-05 11:12:26,338 yyyy-MM-dd HH:mm:ss2026-09-05 11:12:26,339 yyyy-MM-dd HH:mm:ss2026-09-05 11:12:26,340 yyyy-MM-dd HH:mm:ss2026-09-05 11:12:26,341 yyyy-MM-dd HH:mm:ss2026-09-05 11:12:26,356 yyyy-MM-dd HH:mm:ss2026-09-05 11:12:26,362 yyyy-MM-dd HH:mm:ss2026-09-05 11:12:26,367 yyyy-MM-dd HH:mm:ss2026-09-05 11:12:26,372 yyyy-MM-dd HH:mm:ss2026-09-05 11:12:26,376 yyyy-MM-dd HH:mm:ss2026-09-05 11:12:26,378 yyyy-MM-dd HH:mm:ss2026-09-05 11:12:26,379 yyyy-MM-dd HH:mm:ss2026-09-05 11:12:26,380 yyyy-MM-dd HH:mm:ss2026-09-05 11:12:26,384 yyyy-MM-dd HH:mm:ss2026-09-05 11:12:26,384 yyyy-MM-dd HH:mm:ss2026-09-05 11:12:26,385 yyyy-MM-dd HH:mm:ss2026-09-05 11:12:26,392 yyyy-MM-dd HH:mm:ss2026-09-05 11:12:26,393 yyyy-MM-dd HH:mm:ss2026-09-05 11:12:26,394 yyyy-MM-dd HH:mm:ss2026-09-05 11:12:26,395 yyyy-MM-dd HH:mm:ss2026-09-05 11:12:26,396 yyyy-MM-dd HH:mm:ss2026-09-05 11:12:26,397 yyyy-MM-dd HH:mm:ss2026-09-05 11:12:26,404 yyyy-MM-dd HH:mm:ss2026-09-05 11:12:26,407 yyyy-MM-dd HH:mm:ss2026-09-05 11:12:26,408 yyyy-MM-dd HH:mm:ss2026-09-05 11:12:26,409 yyyy-MM-dd HH:mm:ss2026-09-05 11:12:26,436 yyyy-MM-dd HH:mm:ss2026-09-05 11:12:26,438 yyyy-MM-dd HH:mm:ss2026-09-05 11:12:26,439 yyyy-MM-dd HH:mm:ss2026-09-05 11:12:26,439 yyyy-MM-dd HH:mm:ss2026-09-05 11:12:26,442 yyyy-MM-dd HH:mm:ss2026-09-05 11:12:26,442 yyyy-MM-dd HH:mm:ss2026-09-05 11:12:26,444 yyyy-MM-dd HH:mm:ss2026-09-05 11:12:26,445 yyyy-MM-dd HH:mm:ss2026-09-05 11:12:26,446 yyyy-MM-dd HH:mm:ss2026-09-05 11:12:26,448 yyyy-MM-dd HH:mm:ss2026-09-05 11:12:26,448 yyyy-MM-dd HH:mm:ss2026-09-05 11:12:26,449 yyyy-MM-dd HH:mm:ss2026-09-05 11:12:26,450 yyyy-MM-dd HH:mm:ss2026-09-05 11:12:26,453 yyyy-MM-dd HH:mm:ss2026-09-05 11:12:26,454 yyyy-MM-dd HH:mm:ss2026-09-05 11:12:26,454 yyyy-MM-dd HH:mm:ss2026-09-05 11:12:26,455 yyyy-MM-dd HH:mm:ss2026-09-05 11:12:26,456 yyyy-MM-dd HH:mm:ss2026-09-05 11:12:26,457 yyyy-MM-dd HH:mm:ss2026-09-05 11:12:26,460 yyyy-MM-dd HH:mm:ss2026-09-05 11:12:26,462 yyyy-MM-dd HH:mm:ss2026-09-05 11:12:26,462 yyyy-MM-dd HH:mm:ss2026-09-05 11:12:26,464 yyyy-MM-dd HH:mm:ss2026-09-05 11:12:26,464 yyyy-MM-dd HH:mm:ss2026-09-05 11:12:26,478 yyyy-MM-dd HH:mm:ss2026-09-05 11:12:26,480 yyyy-MM-dd HH:mm:ss2026-09-05 11:12:26,485 yyyy-MM-dd HH:mm:ss2026-09-05 11:12:26,485 yyyy-MM-dd HH:mm:ss2026-09-05 11:12:26,485 yyyy-MM-dd HH:mm:ss2026-09-05 11:12:26,485 yyyy-MM-dd HH:mm:ss2026-09-05 11:12:26,485 yyyy-MM-dd HH:mm:ss2026-09-05 11:12:26,485 yyyy-MM-dd HH:mm:ss2026-09-05 11:12:26,485 yyyy-MM-dd HH:mm:ss2026-09-05 11:12:26,497 yyyy-MM-dd HH:mm:ss2026-09-05 11:12:26,539 yyyy-MM-dd HH:mm:ss2026-09-05 11:12:26,540 yyyy-MM-dd HH:mm:ss2026-09-05 11:12:26,542 yyyy-MM-dd HH:mm:ss2026-09-05 11:12:26,542 yyyy-MM-dd HH:mm:ss2026-09-05 11:12:26,558 yyyy-MM-dd HH:mm:ss2026-09-05 11:12:26,560 yyyy-MM-dd HH:mm:ss2026-09-05 11:12:26,692 yyyy-MM-dd HH:mm:ss2026-09-05 11:12:26,693 yyyy-MM-dd HH:mm:ss2026-09-05 11:12:26,693 yyyy-MM-dd HH:mm:ss2026-09-05 11:12:26,693 yyyy-MM-dd HH:mm:ss2026-09-05 11:12:26,694 yyyy-MM-dd HH:mm:ss2026-09-05 11:12:26,729 yyyy-MM-dd HH:mm:ss2026-09-05 11:12:26,733 yyyy-MM-dd HH:mm:ss2026-09-05 11:12:26,733 yyyy-MM-dd HH:mm:ss2026-09-05 11:12:26,733 yyyy-MM-dd HH:mm:ss2026-09-05 11:12:26,772 yyyy-MM-dd HH:mm:ss2026-09-05 11:12:26,778 yyyy-MM-dd HH:mm:ss2026-09-05 11:12:27,014 yyyy-MM-dd HH:mm:ss2026-09-05 11:12:27,014 yyyy-MM-dd HH:mm:ss2026-09-05 11:12:27,014 yyyy-MM-dd HH:mm:ss2026-09-05 11:12:27,015 yyyy-MM-dd HH:mm:ss2026-09-05 11:12:27,018 yyyy-MM-dd HH:mm:ss2026-09-05 11:12:27,019 yyyy-MM-dd HH:mm:ss2026-09-05 11:12:27,019 yyyy-MM-dd HH:mm:ss2026-09-05 11:12:27,019 yyyy-MM-dd HH:mm:ss2026-09-05 11:12:27,019 yyyy-MM-dd HH:mm:ss2026-09-05 11:12:27,026 yyyy-MM-dd HH:mm:ss2026-09-05 11:12:27,026 yyyy-MM-dd HH:mm:ss2026-09-05 11:12:27,026 yyyy-MM-dd HH:mm:ss2026-09-05 11:12:27,027 yyyy-MM-dd HH:mm:ss2026-09-05 11:12:27,029 yyyy-MM-dd HH:mm:ss2026-09-05 11:12:27,076 yyyy-MM-dd HH:mm:ss2026-09-05 11:12:27,105 yyyy-MM-dd HH:mm:ss2026-09-05 11:12:27,111 yyyy-MM-dd HH:mm:ss2026-09-05 11:12:27,112 yyyy-MM-dd HH:mm:ss2026-09-05 11:12:27,254 yyyy-MM-dd HH:mm:ss2026-09-05 11:12:27,257 yyyy-MM-dd HH:mm:ss2026-09-05 11:12:27,259 yyyy-MM-dd HH:mm:ss2026-09-05 11:12:27,384 yyyy-MM-dd HH:mm:ss2026-09-05 11:12:27,400 yyyy-MM-dd HH:mm:ss2026-09-05 11:12:27,404 yyyy-MM-dd HH:mm:ss2026-09-05 11:12:27,406 yyyy-MM-dd HH:mm:ss2026-09-05 11:12:27,406 yyyy-MM-dd HH:mm:ss2026-09-05 11:12:27,406 yyyy-MM-dd HH:mm:ss2026-09-05 11:12:27,411 yyyy-MM-dd HH:mm:ss2026-09-05 11:12:27,415 yyyy-MM-dd HH:mm:ss2026-09-05 11:12:27,415 yyyy-MM-dd HH:mm:ss2026-09-05 11:12:27,415 yyyy-MM-dd HH:mm:ss2026-09-05 11:12:27,417 yyyy-MM-dd HH:mm:ss2026-09-05 11:12:27,426 yyyy-MM-dd HH:mm:ss2026-09-05 11:12:27,431 yyyy-MM-dd HH:mm:ss2026-09-05 11:12:27,431 yyyy-MM-dd HH:mm:ss2026-09-05 11:12:27,431 yyyy-MM-dd HH:mm:ss2026-09-05 11:12:27,479 yyyy-MM-dd HH:mm:ss2026-09-05 11:12:27,488 yyyy-MM-dd HH:mm:ss2026-09-05 11:12:27,489 yyyy-MM-dd HH:mm:ss2026-09-05 11:12:27,436 yyyy-MM-dd HH:mm:ss2026-09-05 11:12:27,502 yyyy-MM-dd HH:mm:ss2026-09-05 11:12:27,502 yyyy-MM-dd HH:mm:ss2026-09-05 11:12:27,507 yyyy-MM-dd HH:mm:ss2026-09-05 11:12:27,508 yyyy-MM-dd HH:mm:ss2026-09-05 11:12:27,530 yyyy-MM-dd HH:mm:ss2026-09-05 11:12:27,530 yyyy-MM-dd HH:mm:ss2026-09-05 11:12:27,530 yyyy-MM-dd HH:mm:ss2026-09-05 11:12:27,534 yyyy-MM-dd HH:mm:ss2026-09-05 11:12:27,537 yyyy-MM-dd HH:mm:ss2026-09-05 11:12:27,538 yyyy-MM-dd HH:mm:ss2026-09-05 11:12:27,538 yyyy-MM-dd HH:mm:ss2026-09-05 11:12:27,539 yyyy-MM-dd HH:mm:ss2026-09-05 11:12:27,555 yyyy-MM-dd HH:mm:ss2026-09-05 11:12:27,629 yyyy-MM-dd HH:mm:ss2026-09-05 11:12:27,629 yyyy-MM-dd HH:mm:ss2026-09-05 11:12:27,630 yyyy-MM-dd HH:mm:ss2026-09-05 11:12:28,042 yyyy-MM-dd HH:mm:ss2026-09-05 11:12:28,047 yyyy-MM-dd HH:mm:ss2026-09-05 11:12:28,047 yyyy-MM-dd HH:mm:ss2026-09-05 11:12:28,047 yyyy-MM-dd HH:mm:ss2026-09-05 11:12:28,071 yyyy-MM-dd HH:mm:ss2026-09-05 11:12:28,073 yyyy-MM-dd HH:mm:ss2026-09-05 11:12:28,073 yyyy-MM-dd HH:mm:ss2026-09-05 11:12:28,073 yyyy-MM-dd HH:mm:ss2026-09-05 11:12:28,079 yyyy-MM-dd HH:mm:ss2026-09-05 11:12:28,080 yyyy-MM-dd HH:mm:ss2026-09-05 11:12:28,080 yyyy-MM-dd HH:mm:ss2026-09-05 11:12:28,109 yyyy-MM-dd HH:mm:ss2026-09-05 11:12:28,112 yyyy-MM-dd HH:mm:ss2026-09-05 11:12:28,163 yyyy-MM-dd HH:mm:ss2026-09-05 11:12:28,163 yyyy-MM-dd HH:mm:ss2026-09-05 11:12:28,163 yyyy-MM-dd HH:mm:ss2026-09-05 11:12:28,181 yyyy-MM-dd HH:mm:ss2026-09-05 11:12:28,183 yyyy-MM-dd HH:mm:ss2026-09-05 11:12:28,184 yyyy-MM-dd HH:mm:ss2026-09-05 11:12:28,184 yyyy-MM-dd HH:mm:ss2026-09-05 11:12:28,508 yyyy-MM-dd HH:mm:ss2026-09-05 11:12:28,577 yyyy-MM-dd HH:mm:ss2026-09-05 11:12:28,902 yyyy-MM-dd HH:mm:ss2026-09-05 11:12:28,904 yyyy-MM-dd HH:mm:ss2026-09-05 11:12:28,913 yyyy-MM-dd HH:mm:ss2026-09-05 11:12:28,948 yyyy-MM-dd HH:mm:ss2026-09-05 11:12:28,966 yyyy-MM-dd HH:mm:ss2026-09-05 11:12:28,967 yyyy-MM-dd HH:mm:ss2026-09-05 11:12:28,982 yyyy-MM-dd HH:mm:ss2026-09-05 11:12:28,982 yyyy-MM-dd HH:mm:ss2026-09-05 11:12:28,987 yyyy-MM-dd HH:mm:ss2026-09-05 11:12:28,994 yyyy-MM-dd HH:mm:ss2026-09-05 11:12:28,998 yyyy-MM-dd HH:mm:ss2026-09-05 11:12:29,000 yyyy-MM-dd HH:mm:ss2026-09-05 11:12:29,001 yyyy-MM-dd HH:mm:ss2026-09-05 11:12:29,030 yyyy-MM-dd HH:mm:ss2026-09-05 11:12:29,088 yyyy-MM-dd HH:mm:ss2026-09-05 11:12:29,089 yyyy-MM-dd HH:mm:ss2026-09-05 11:12:29,090 yyyy-MM-dd HH:mm:ss2026-09-05 11:12:29,090 yyyy-MM-dd HH:mm:ss2026-09-05 11:12:29,091 yyyy-MM-dd HH:mm:ss2026-09-05 11:12:39,184 yyyy-MM-dd HH:mm:ss2026-09-05 11:12:39,185 yyyy-MM-dd HH:mm:ss2026-09-05 11:12:39,190 yyyy-MM-dd HH:mm:ss2026-09-05 11:12:39,194 yyyy-MM-dd HH:mm:ss2026-09-05 11:12:39,222 yyyy-MM-dd HH:mm:ss2026-09-05 11:12:39,223 yyyy-MM-dd HH:mm:ss2026-09-05 11:12:39,223 yyyy-MM-dd HH:mm:ss2026-09-05 11:12:39,229 yyyy-MM-dd HH:mm:ss2026-09-05 11:12:39,229 yyyy-MM-dd HH:mm:ss2026-09-05 11:12:39,229 yyyy-MM-dd HH:mm:ss2026-09-05 11:12:39,229 yyyy-MM-dd HH:mm:ss2026-09-05 11:12:39,230 yyyy-MM-dd HH:mm:ss2026-09-05 11:12:39,242 yyyy-MM-dd HH:mm:ss2026-09-05 11:12:39,243 yyyy-MM-dd HH:mm:ss2026-09-05 11:12:39,259 yyyy-MM-dd HH:mm:ss2026-09-05 11:12:39,260 yyyy-MM-dd HH:mm:ss2026-09-05 11:12:39,263 yyyy-MM-dd HH:mm:ss2026-09-05 11:12:39,275 yyyy-MM-dd HH:mm:ss2026-09-05 11:12:39,276 yyyy-MM-dd HH:mm:ss2026-09-05 11:12:57,219 yyyy-MM-dd HH:mm:ss2026-09-05 11:12:57,235 yyyy-MM-dd HH:mm:ss2026-09-05 11:12:57,241 yyyy-MM-dd HH:mm:ss2026-09-05 11:12:57,246 yyyy-MM-dd HH:mm:ss2026-09-05 11:12:57,481 yyyy-MM-dd HH:mm:ss2026-09-05 11:12:57,482 yyyy-MM-dd HH:mm:ss2026-09-05 11:12:57,482 yyyy-MM-dd HH:mm:ss2026-09-05 11:12:57,483 yyyy-MM-dd HH:mm:ss2026-09-05 11:12:57,483 yyyy-MM-dd HH:mm:ss2026-09-05 11:12:57,486 yyyy-MM-dd HH:mm:ss2026-09-05 11:12:57,567 yyyy-MM-dd HH:mm:ss2026-09-05 11:12:57,629 yyyy-MM-dd HH:mm:ss2026-09-05 11:12:57,881 yyyy-MM-dd HH:mm:ss2026-09-05 11:12:57,903 yyyy-MM-dd HH:mm:ss2026-09-05 11:12:57,942 yyyy-MM-dd HH:mm:ss2026-09-05 11:12:57,945 yyyy-MM-dd HH:mm:ss2026-09-05 11:12:57,977 yyyy-MM-dd HH:mm:ss2026-09-05 11:12:57,989 yyyy-MM-dd HH:mm:ss2026-09-05 11:12:58,022 yyyy-MM-dd HH:mm:ss2026-09-05 11:12:58,024 yyyy-MM-dd HH:mm:ss2026-09-05 11:12:58,557 yyyy-MM-dd HH:mm:ss2026-09-05 11:12:58,557 yyyy-MM-dd HH:mm:ss2026-09-05 11:12:58,572 yyyy-MM-dd HH:mm:ss2026-09-05 11:12:58,574 yyyy-MM-dd HH:mm:ss2026-09-05 11:12:58,574 yyyy-MM-dd HH:mm:ss2026-09-05 11:12:58,575 yyyy-MM-dd HH:mm:ss2026-09-05 11:12:58,589 yyyy-MM-dd HH:mm:ss2026-09-05 11:12:58,591 yyyy-MM-dd HH:mm:ss2026-09-05 11:12:58,660 yyyy-MM-dd HH:mm:ss2026-09-05 11:12:58,887 yyyy-MM-dd HH:mm:ss2026-09-05 11:12:58,896 yyyy-MM-dd HH:mm:ss2026-09-05 11:12:58,896 yyyy-MM-dd HH:mm:ss2026-09-05 11:12:58,896 yyyy-MM-dd HH:mm:ss2026-09-05 11:12:58,896 yyyy-MM-dd HH:mm:ss2026-09-05 11:12:58,896 yyyy-MM-dd HH:mm:ss2026-09-05 11:13:00,249 yyyy-MM-dd HH:mm:ss2026-09-05 11:13:00,271 yyyy-MM-dd HH:mm:ss2026-09-05 11:13:00,288 yyyy-MM-dd HH:mm:ss2026-09-05 11:13:00,289 yyyy-MM-dd HH:mm:ss2026-09-05 11:13:00,321 yyyy-MM-dd HH:mm:ss2026-09-05 11:13:00,377 yyyy-MM-dd HH:mm:ss2026-09-05 11:13:00,377 yyyy-MM-dd HH:mm:ss2026-09-05 11:13:00,378 yyyy-MM-dd HH:mm:ss2026-09-05 11:13:00,406 yyyy-MM-dd HH:mm:ss2026-09-05 11:13:00,944 yyyy-MM-dd HH:mm:ss2026-09-05 11:13:00,952 yyyy-MM-dd HH:mm:ss2026-09-05 11:13:00,954 yyyy-MM-dd HH:mm:ss2026-09-05 11:13:01,051 yyyy-MM-dd HH:mm:ss2026-09-05 11:13:01,053 yyyy-MM-dd HH:mm:ss2026-09-05 11:13:01,054 yyyy-MM-dd HH:mm:ss2026-09-05 11:13:01,055 yyyy-MM-dd HH:mm:ss2026-09-05 11:13:01,058 yyyy-MM-dd HH:mm:ss2026-09-05 11:13:01,058 yyyy-MM-dd HH:mm:ss2026-09-05 11:13:01,071 yyyy-MM-dd HH:mm:ss2026-09-05 11:13:01,074 yyyy-MM-dd HH:mm:ss2026-09-05 11:13:01,080 yyyy-MM-dd HH:mm:ss2026-09-05 11:13:01,081 yyyy-MM-dd HH:mm:ss2026-09-05 11:13:01,081 yyyy-MM-dd HH:mm:ss2026-09-05 11:13:01,086 yyyy-MM-dd HH:mm:ss2026-09-05 11:13:01,094 yyyy-MM-dd HH:mm:ss2026-09-05 11:13:01,096 yyyy-MM-dd HH:mm:ss2026-09-05 11:13:01,119 yyyy-MM-dd HH:mm:ss2026-09-05 11:13:01,136 yyyy-MM-dd HH:mm:ss2026-09-05 11:13:01,152 yyyy-MM-dd HH:mm:ss2026-09-05 11:13:01,170 yyyy-MM-dd HH:mm:ss2026-09-05 11:13:01,171 yyyy-MM-dd HH:mm:ss2026-09-05 11:13:01,174 yyyy-MM-dd HH:mm:ss2026-09-05 11:13:01,176 yyyy-MM-dd HH:mm:ss2026-09-05 11:13:01,177 yyyy-MM-dd HH:mm:ss2026-09-05 11:13:01,202 yyyy-MM-dd HH:mm:ss2026-09-05 11:13:01,205 yyyy-MM-dd HH:mm:ss2026-09-05 11:13:01,206 yyyy-MM-dd HH:mm:ss2026-09-05 11:13:01,331 yyyy-MM-dd HH:mm:ss2026-09-05 11:13:01,333 yyyy-MM-dd HH:mm:ss2026-09-05 11:13:01,334 yyyy-MM-dd HH:mm:ss2026-09-05 11:13:01,336 yyyy-MM-dd HH:mm:ss2026-09-05 11:13:01,343 yyyy-MM-dd HH:mm:ss2026-09-05 11:13:01,343 yyyy-MM-dd HH:mm:ss2026-09-05 11:13:01,352 yyyy-MM-dd HH:mm:ss2026-09-05 11:13:01,352 yyyy-MM-dd HH:mm:ss2026-09-05 11:13:01,357 yyyy-MM-dd HH:mm:ss2026-09-05 11:13:01,364 yyyy-MM-dd HH:mm:ss2026-09-05 11:13:01,366 yyyy-MM-dd HH:mm:ss2026-09-05 11:13:01,388 yyyy-MM-dd HH:mm:ss2026-09-05 11:13:01,389 yyyy-MM-dd HH:mm:ss2026-09-05 11:13:01,392 yyyy-MM-dd HH:mm:ss2026-09-05 11:13:01,393 yyyy-MM-dd HH:mm:ss2026-09-05 11:13:01,397 yyyy-MM-dd HH:mm:ss2026-09-05 11:13:01,397 yyyy-MM-dd HH:mm:ss2026-09-05 11:13:01,398 yyyy-MM-dd HH:mm:ss2026-09-05 11:13:01,402 yyyy-MM-dd HH:mm:ss2026-09-05 11:13:01,419 yyyy-MM-dd HH:mm:ss2026-09-05 11:13:01,459 yyyy-MM-dd HH:mm:ss2026-09-05 11:13:01,459 yyyy-MM-dd HH:mm:ss2026-09-05 11:13:01,461 yyyy-MM-dd HH:mm:ss2026-09-05 11:13:01,482 yyyy-MM-dd HH:mm:ss2026-09-05 11:13:01,488 yyyy-MM-dd HH:mm:ss2026-09-05 11:13:01,488 yyyy-MM-dd HH:mm:ss2026-09-05 11:13:01,490 yyyy-MM-dd HH:mm:ss2026-09-05 11:13:01,492 yyyy-MM-dd HH:mm:ss2026-09-05 11:13:01,493 yyyy-MM-dd HH:mm:ss2026-09-05 11:13:01,498 yyyy-MM-dd HH:mm:ss2026-09-05 11:13:01,499 yyyy-MM-dd HH:mm:ss2026-09-05 11:13:01,501 yyyy-MM-dd HH:mm:ss2026-09-05 11:13:01,514 yyyy-MM-dd HH:mm:ss2026-09-05 11:13:01,514 yyyy-MM-dd HH:mm:ss2026-09-05 11:13:01,516 yyyy-MM-dd HH:mm:ss2026-09-05 11:13:01,516 yyyy-MM-dd HH:mm:ss2026-09-05 11:13:01,520 yyyy-MM-dd HH:mm:ss2026-09-05 11:13:01,544 yyyy-MM-dd HH:mm:ss2026-09-05 11:13:01,545 yyyy-MM-dd HH:mm:ss2026-09-05 11:13:01,545 yyyy-MM-dd HH:mm:ss2026-09-05 11:13:01,545 yyyy-MM-dd HH:mm:ss2026-09-05 11:13:01,549 yyyy-MM-dd HH:mm:ss2026-09-05 11:13:01,550 yyyy-MM-dd HH:mm:ss2026-09-05 11:13:01,600 yyyy-MM-dd HH:mm:ss2026-09-05 11:13:01,600 yyyy-MM-dd HH:mm:ss2026-09-05 11:13:01,601 yyyy-MM-dd HH:mm:ss2026-09-05 11:13:01,602 yyyy-MM-dd HH:mm:ss2026-09-05 11:13:01,603 yyyy-MM-dd HH:mm:ss2026-09-05 11:13:01,604 yyyy-MM-dd HH:mm:ss2026-09-05 11:13:01,604 yyyy-MM-dd HH:mm:ss2026-09-05 11:13:01,606 yyyy-MM-dd HH:mm:ss2026-09-05 11:13:01,611 yyyy-MM-dd HH:mm:ss2026-09-05 11:13:01,630 yyyy-MM-dd HH:mm:ss2026-09-05 11:13:01,630 yyyy-MM-dd HH:mm:ss2026-09-05 11:13:01,636 yyyy-MM-dd HH:mm:ss2026-09-05 11:13:01,636 yyyy-MM-dd HH:mm:ss2026-09-05 11:13:01,637 yyyy-MM-dd HH:mm:ss2026-09-05 11:13:01,642 yyyy-MM-dd HH:mm:ss2026-09-05 11:13:01,650 yyyy-MM-dd HH:mm:ss2026-09-05 11:13:01,800 yyyy-MM-dd HH:mm:ss2026-09-05 11:13:01,801 yyyy-MM-dd HH:mm:ss2026-09-05 11:13:01,802 yyyy-MM-dd HH:mm:ss2026-09-05 11:13:01,907 yyyy-MM-dd HH:mm:ss2026-09-05 11:13:01,940 yyyy-MM-dd HH:mm:ss2026-09-05 11:13:01,945 yyyy-MM-dd HH:mm:ss2026-09-05 11:13:01,946 yyyy-MM-dd HH:mm:ss2026-09-05 11:13:02,093 yyyy-MM-dd HH:mm:ss2026-09-05 11:13:02,095 yyyy-MM-dd HH:mm:ss2026-09-05 11:13:02,100 yyyy-MM-dd HH:mm:ss2026-09-05 11:13:02,101 yyyy-MM-dd HH:mm:ss2026-09-05 11:13:02,102 yyyy-MM-dd HH:mm:ss2026-09-05 11:13:02,103 yyyy-MM-dd HH:mm:ss2026-09-05 11:13:02,110 yyyy-MM-dd HH:mm:ss2026-09-05 11:13:02,113 yyyy-MM-dd HH:mm:ss2026-09-05 11:13:02,118 yyyy-MM-dd HH:mm:ss2026-09-05 11:13:02,126 yyyy-MM-dd HH:mm:ss2026-09-05 11:13:02,126 yyyy-MM-dd HH:mm:ss2026-09-05 11:13:02,131 yyyy-MM-dd HH:mm:ss2026-09-05 11:13:02,132 yyyy-MM-dd HH:mm:ss2026-09-05 11:13:02,134 yyyy-MM-dd HH:mm:ss2026-09-05 11:13:02,137 yyyy-MM-dd HH:mm:ss2026-09-05 11:13:02,138 yyyy-MM-dd HH:mm:ss2026-09-05 11:13:02,140 yyyy-MM-dd HH:mm:ss2026-09-05 11:13:02,140 yyyy-MM-dd HH:mm:ss2026-09-05 11:13:02,142 yyyy-MM-dd HH:mm:ss2026-09-05 11:13:02,143 yyyy-MM-dd HH:mm:ss2026-09-05 11:13:02,144 yyyy-MM-dd HH:mm:ss2026-09-05 11:13:02,151 yyyy-MM-dd HH:mm:ss2026-09-05 11:13:02,151 yyyy-MM-dd HH:mm:ss2026-09-05 11:13:02,161 yyyy-MM-dd HH:mm:ss2026-09-05 11:13:02,187 yyyy-MM-dd HH:mm:ss2026-09-05 11:13:02,188 yyyy-MM-dd HH:mm:ss2026-09-05 11:13:02,192 yyyy-MM-dd HH:mm:ss2026-09-05 11:13:02,192 yyyy-MM-dd HH:mm:ss2026-09-05 11:13:02,194 yyyy-MM-dd HH:mm:ss2026-09-05 11:13:02,194 yyyy-MM-dd HH:mm:ss2026-09-05 11:13:02,215 yyyy-MM-dd HH:mm:ss2026-09-05 11:13:02,216 yyyy-MM-dd HH:mm:ss2026-09-05 11:13:02,232 yyyy-MM-dd HH:mm:ss2026-09-05 11:13:02,232 yyyy-MM-dd HH:mm:ss2026-09-05 11:13:02,235 yyyy-MM-dd HH:mm:ss2026-09-05 11:13:02,245 yyyy-MM-dd HH:mm:ss2026-09-05 11:13:02,245 yyyy-MM-dd HH:mm:ss2026-09-05 11:13:02,248 yyyy-MM-dd HH:mm:ss2026-09-05 11:13:02,252 yyyy-MM-dd HH:mm:ss2026-09-05 11:13:02,252 yyyy-MM-dd HH:mm:ss2026-09-05 11:13:02,253 yyyy-MM-dd HH:mm:ss2026-09-05 11:13:02,253 yyyy-MM-dd HH:mm:ss2026-09-05 11:13:02,257 yyyy-MM-dd HH:mm:ss2026-09-05 11:13:02,257 yyyy-MM-dd HH:mm:ss2026-09-05 11:13:02,258 yyyy-MM-dd HH:mm:ss2026-09-05 11:13:02,268 yyyy-MM-dd HH:mm:ss2026-09-05 11:13:02,268 yyyy-MM-dd HH:mm:ss2026-09-05 11:13:02,269 yyyy-MM-dd HH:mm:ss2026-09-05 11:13:02,271 yyyy-MM-dd HH:mm:ss2026-09-05 11:13:02,271 yyyy-MM-dd HH:mm:ss2026-09-05 11:13:02,271 yyyy-MM-dd HH:mm:ss2026-09-05 11:13:02,271 yyyy-MM-dd HH:mm:ss2026-09-05 11:13:02,295 yyyy-MM-dd HH:mm:ss2026-09-05 11:13:02,298 yyyy-MM-dd HH:mm:ss2026-09-05 11:13:02,298 yyyy-MM-dd HH:mm:ss2026-09-05 11:13:02,303 yyyy-MM-dd HH:mm:ss2026-09-05 11:13:02,304 yyyy-MM-dd HH:mm:ss2026-09-05 11:13:02,306 yyyy-MM-dd HH:mm:ss2026-09-05 11:13:02,308 yyyy-MM-dd HH:mm:ss2026-09-05 11:13:02,318 yyyy-MM-dd HH:mm:ss2026-09-05 11:13:02,319 yyyy-MM-dd HH:mm:ss2026-09-05 11:13:02,365 yyyy-MM-dd HH:mm:ss2026-09-05 11:13:02,370 yyyy-MM-dd HH:mm:ss2026-09-05 11:13:02,371 yyyy-MM-dd HH:mm:ss2026-09-05 11:13:02,371 yyyy-MM-dd HH:mm:ss2026-09-05 11:13:02,386 yyyy-MM-dd HH:mm:ss2026-09-05 11:13:02,386 yyyy-MM-dd HH:mm:ss2026-09-05 11:13:02,387 yyyy-MM-dd HH:mm:ss2026-09-05 11:13:02,388 yyyy-MM-dd HH:mm:ss2026-09-05 11:13:02,390 yyyy-MM-dd HH:mm:ss2026-09-05 11:13:02,394 yyyy-MM-dd HH:mm:ss2026-09-05 11:13:02,400 yyyy-MM-dd HH:mm:ss2026-09-05 11:13:02,409 yyyy-MM-dd HH:mm:ss2026-09-05 11:13:02,414 yyyy-MM-dd HH:mm:ss2026-09-05 11:13:02,414 yyyy-MM-dd HH:mm:ss2026-09-05 11:13:02,415 yyyy-MM-dd HH:mm:ss2026-09-05 11:13:02,415 yyyy-MM-dd HH:mm:ss2026-09-05 11:13:02,419 yyyy-MM-dd HH:mm:ss2026-09-05 11:13:02,430 yyyy-MM-dd HH:mm:ss2026-09-05 11:13:02,430 yyyy-MM-dd HH:mm:ss2026-09-05 11:13:02,432 yyyy-MM-dd HH:mm:ss2026-09-05 11:13:02,433 yyyy-MM-dd HH:mm:ss2026-09-05 11:13:02,433 yyyy-MM-dd HH:mm:ss2026-09-05 11:13:02,433 yyyy-MM-dd HH:mm:ss2026-09-05 11:13:02,440 yyyy-MM-dd HH:mm:ss2026-09-05 11:13:02,466 yyyy-MM-dd HH:mm:ss2026-09-05 11:13:02,466 yyyy-MM-dd HH:mm:ss2026-09-05 11:13:02,468 yyyy-MM-dd HH:mm:ss2026-09-05 11:13:02,468 yyyy-MM-dd HH:mm:ss2026-09-05 11:13:02,470 yyyy-MM-dd HH:mm:ss2026-09-05 11:13:02,473 yyyy-MM-dd HH:mm:ss2026-09-05 11:13:02,473 yyyy-MM-dd HH:mm:ss2026-09-05 11:13:02,478 yyyy-MM-dd HH:mm:ss2026-09-05 11:13:02,480 yyyy-MM-dd HH:mm:ss2026-09-05 11:13:02,480 yyyy-MM-dd HH:mm:ss2026-09-05 11:13:02,484 yyyy-MM-dd HH:mm:ss2026-09-05 11:13:02,494 yyyy-MM-dd HH:mm:ss2026-09-05 11:13:02,497 yyyy-MM-dd HH:mm:ss2026-09-05 11:13:02,497 yyyy-MM-dd HH:mm:ss2026-09-05 11:13:02,498 yyyy-MM-dd HH:mm:ss2026-09-05 11:13:02,511 yyyy-MM-dd HH:mm:ss2026-09-05 11:13:02,511 yyyy-MM-dd HH:mm:ss2026-09-05 11:13:02,521 yyyy-MM-dd HH:mm:ss2026-09-05 11:13:02,523 yyyy-MM-dd HH:mm:ss2026-09-05 11:13:02,590 yyyy-MM-dd HH:mm:ss2026-09-05 11:13:02,590 yyyy-MM-dd HH:mm:ss2026-09-05 11:13:02,595 yyyy-MM-dd HH:mm:ss2026-09-05 11:13:02,597 yyyy-MM-dd HH:mm:ss2026-09-05 11:13:02,597 yyyy-MM-dd HH:mm:ss2026-09-05 11:13:02,615 yyyy-MM-dd HH:mm:ss2026-09-05 11:13:02,616 yyyy-MM-dd HH:mm:ss2026-09-05 11:13:02,661 yyyy-MM-dd HH:mm:ss2026-09-05 11:13:02,674 yyyy-MM-dd HH:mm:ss2026-09-05 11:13:02,752 yyyy-MM-dd HH:mm:ss2026-09-05 11:13:02,757 yyyy-MM-dd HH:mm:ss2026-09-05 11:13:02,762 yyyy-MM-dd HH:mm:ss2026-09-05 11:13:02,830 yyyy-MM-dd HH:mm:ss2026-09-05 11:13:02,832 yyyy-MM-dd HH:mm:ss2026-09-05 11:13:02,884 yyyy-MM-dd HH:mm:ss2026-09-05 11:13:02,890 yyyy-MM-dd HH:mm:ss2026-09-05 11:13:02,892 yyyy-MM-dd HH:mm:ss2026-09-05 11:13:03,261 yyyy-MM-dd HH:mm:ss2026-09-05 11:13:03,571 yyyy-MM-dd HH:mm:ss2026-09-05 11:13:03,670 yyyy-MM-dd HH:mm:ss2026-09-05 11:13:03,676 yyyy-MM-dd HH:mm:ss2026-09-05 11:13:03,676 yyyy-MM-dd HH:mm:ss2026-09-05 11:13:03,676 yyyy-MM-dd HH:mm:ss2026-09-05 11:13:03,677 yyyy-MM-dd HH:mm:ss2026-09-05 11:13:03,677 yyyy-MM-dd HH:mm:ss2026-09-05 11:13:03,679 yyyy-MM-dd HH:mm:ss2026-09-05 11:13:03,679 yyyy-MM-dd HH:mm:ss2026-09-05 11:13:03,679 yyyy-MM-dd HH:mm:ss2026-09-05 11:13:03,680 yyyy-MM-dd HH:mm:ss2026-09-05 11:13:03,680 yyyy-MM-dd HH:mm:ss2026-09-05 11:13:03,680 yyyy-MM-dd HH:mm:ss2026-09-05 11:13:03,680 yyyy-MM-dd HH:mm:ss2026-09-05 11:13:03,681 yyyy-MM-dd HH:mm:ss2026-09-05 11:13:03,682 yyyy-MM-dd HH:mm:ss2026-09-05 11:13:03,683 yyyy-MM-dd HH:mm:ss2026-09-05 11:13:03,683 yyyy-MM-dd HH:mm:ss2026-09-05 11:13:03,683 yyyy-MM-dd HH:mm:ss2026-09-05 11:13:03,683 yyyy-MM-dd HH:mm:ss2026-09-05 11:13:03,684 yyyy-MM-dd HH:mm:ss2026-09-05 11:13:03,684 yyyy-MM-dd HH:mm:ss2026-09-05 11:13:03,684 yyyy-MM-dd HH:mm:ss2026-09-05 11:13:03,685 yyyy-MM-dd HH:mm:ss2026-09-05 11:13:03,685 yyyy-MM-dd HH:mm:ss2026-09-05 11:13:03,685 yyyy-MM-dd HH:mm:ss2026-09-05 11:13:03,686 yyyy-MM-dd HH:mm:ss2026-09-05 11:13:03,686 yyyy-MM-dd HH:mm:ss2026-09-05 11:13:03,686 yyyy-MM-dd HH:mm:ss2026-09-05 11:13:03,686 yyyy-MM-dd HH:mm:ss2026-09-05 11:13:03,687 yyyy-MM-dd HH:mm:ss2026-09-05 11:13:03,687 yyyy-MM-dd HH:mm:ss2026-09-05 11:13:03,687 yyyy-MM-dd HH:mm:ss2026-09-05 11:13:03,688 yyyy-MM-dd HH:mm:ss2026-09-05 11:13:03,688 yyyy-MM-dd HH:mm:ss2026-09-05 11:13:03,688 yyyy-MM-dd HH:mm:ss2026-09-05 11:13:03,688 yyyy-MM-dd HH:mm:ss2026-09-05 11:13:03,689 yyyy-MM-dd HH:mm:ss2026-09-05 11:13:03,689 yyyy-MM-dd HH:mm:ss2026-09-05 11:13:03,690 yyyy-MM-dd HH:mm:ss2026-09-05 11:13:03,690 yyyy-MM-dd HH:mm:ss2026-09-05 11:13:03,690 yyyy-MM-dd HH:mm:ss2026-09-05 11:13:03,743 yyyy-MM-dd HH:mm:ss2026-09-05 11:13:04,153 yyyy-MM-dd HH:mm:ss2026-09-05 11:13:04,157 yyyy-MM-dd HH:mm:ss2026-09-05 11:13:04,162 yyyy-MM-dd HH:mm:ss2026-09-05 11:13:04,175 yyyy-MM-dd HH:mm:ss2026-09-05 11:13:04,175 yyyy-MM-dd HH:mm:ss2026-09-05 11:13:04,273 yyyy-MM-dd HH:mm:ss2026-09-05 11:13:04,275 yyyy-MM-dd HH:mm:ss2026-09-05 11:13:04,287 yyyy-MM-dd HH:mm:ss2026-09-05 11:13:04,287 yyyy-MM-dd HH:mm:ss2026-09-05 11:13:04,320 yyyy-MM-dd HH:mm:ss2026-09-05 11:13:04,321 yyyy-MM-dd HH:mm:ss2026-09-05 11:13:04,332 yyyy-MM-dd HH:mm:ss2026-09-05 11:13:04,332 yyyy-MM-dd HH:mm:ss2026-09-05 11:13:04,343 yyyy-MM-dd HH:mm:ss2026-09-05 11:13:04,349 yyyy-MM-dd HH:mm:ss2026-09-05 11:13:04,368 yyyy-MM-dd HH:mm:ss2026-09-05 11:13:04,369 yyyy-MM-dd HH:mm:ss2026-09-05 11:13:04,371 yyyy-MM-dd HH:mm:ss2026-09-05 11:13:04,379 yyyy-MM-dd HH:mm:ss2026-09-05 11:13:04,380 yyyy-MM-dd HH:mm:ss2026-09-05 11:13:04,394 yyyy-MM-dd HH:mm:ss2026-09-05 11:13:04,415 yyyy-MM-dd HH:mm:ss2026-09-05 11:13:04,416 yyyy-MM-dd HH:mm:ss2026-09-05 11:13:04,425 yyyy-MM-dd HH:mm:ss2026-09-05 11:13:04,426 yyyy-MM-dd HH:mm:ss2026-09-05 11:13:04,462 yyyy-MM-dd HH:mm:ss2026-09-05 11:13:04,463 yyyy-MM-dd HH:mm:ss2026-09-05 11:13:04,480 yyyy-MM-dd HH:mm:ss2026-09-05 11:13:04,480 yyyy-MM-dd HH:mm:ss2026-09-05 11:13:04,533 yyyy-MM-dd HH:mm:ss2026-09-05 11:13:04,535 yyyy-MM-dd HH:mm:ss2026-09-05 11:13:04,551 yyyy-MM-dd HH:mm:ss2026-09-05 11:13:04,551 yyyy-MM-dd HH:mm:ss2026-09-05 11:13:04,590 yyyy-MM-dd HH:mm:ss2026-09-05 11:13:04,591 yyyy-MM-dd HH:mm:ss2026-09-05 11:13:04,602 yyyy-MM-dd HH:mm:ss2026-09-05 11:13:04,603 yyyy-MM-dd HH:mm:ss2026-09-05 11:13:04,637 yyyy-MM-dd HH:mm:ss2026-09-05 11:13:04,637 yyyy-MM-dd HH:mm:ss2026-09-05 11:13:04,647 yyyy-MM-dd HH:mm:ss2026-09-05 11:13:04,647 yyyy-MM-dd HH:mm:ss2026-09-05 11:13:04,685 yyyy-MM-dd HH:mm:ss2026-09-05 11:13:04,686 yyyy-MM-dd HH:mm:ss2026-09-05 11:13:04,696 yyyy-MM-dd HH:mm:ss2026-09-05 11:13:04,697 yyyy-MM-dd HH:mm:ss2026-09-05 11:13:04,733 yyyy-MM-dd HH:mm:ss2026-09-05 11:13:04,733 yyyy-MM-dd HH:mm:ss2026-09-05 11:13:05,065 yyyy-MM-dd HH:mm:ss2026-09-05 11:13:05,079 yyyy-MM-dd HH:mm:ss2026-09-05 11:13:05,082 yyyy-MM-dd HH:mm:ss2026-09-05 11:13:05,264 yyyy-MM-dd HH:mm:ss2026-09-05 11:13:05,266 yyyy-MM-dd HH:mm:ss2026-09-05 11:13:05,268 yyyy-MM-dd HH:mm:ss2026-09-05 11:13:05,470 yyyy-MM-dd HH:mm:ss2026-09-05 11:13:05,499 yyyy-MM-dd HH:mm:ss2026-09-05 11:13:05,499 yyyy-MM-dd HH:mm:ss2026-09-05 11:13:05,500 yyyy-MM-dd HH:mm:ss2026-09-05 11:13:05,500 yyyy-MM-dd HH:mm:ss2026-09-05 11:13:05,500 yyyy-MM-dd HH:mm:ss2026-09-05 11:13:05,500 yyyy-MM-dd HH:mm:ss2026-09-05 11:13:05,502 yyyy-MM-dd HH:mm:ss2026-09-05 11:13:05,506 yyyy-MM-dd HH:mm:ss2026-09-05 11:13:05,508 yyyy-MM-dd HH:mm:ss2026-09-05 11:13:05,508 yyyy-MM-dd HH:mm:ss2026-09-05 11:13:05,508 yyyy-MM-dd HH:mm:ss2026-09-05 11:13:05,508 yyyy-MM-dd HH:mm:ss2026-09-05 11:13:05,509 yyyy-MM-dd HH:mm:ss2026-09-05 11:13:05,890 yyyy-MM-dd HH:mm:ss2026-09-05 11:13:06,728 yyyy-MM-dd HH:mm:ss2026-09-05 11:13:07,297 yyyy-MM-dd HH:mm:ss2026-09-05 11:13:07,314 yyyy-MM-dd HH:mm:ss2026-09-05 11:13:07,358 yyyy-MM-dd HH:mm:ss2026-09-05 11:13:07,391 yyyy-MM-dd HH:mm:ss2026-09-05 11:13:07,419 yyyy-MM-dd HH:mm:ss2026-09-05 11:13:07,449 yyyy-MM-dd HH:mm:ss2026-09-05 11:13:07,494 yyyy-MM-dd HH:mm:ss2026-09-05 11:13:07,536 yyyy-MM-dd HH:mm:ss2026-09-05 11:13:07,580 yyyy-MM-dd HH:mm:ss2026-09-05 11:13:07,640 yyyy-MM-dd HH:mm:ss2026-09-05 11:13:07,746 yyyy-MM-dd HH:mm:ss2026-09-05 11:13:07,747 yyyy-MM-dd HH:mm:ss2026-09-05 11:13:07,807 yyyy-MM-dd HH:mm:ss2026-09-05 11:13:07,809 yyyy-MM-dd HH:mm:ss2026-09-05 11:13:07,818 yyyy-MM-dd HH:mm:ss2026-09-05 11:13:07,833 yyyy-MM-dd HH:mm:ss2026-09-05 11:13:07,834 yyyy-MM-dd HH:mm:ss2026-09-05 11:13:07,842 yyyy-MM-dd HH:mm:ss2026-09-05 11:13:08,318 yyyy-MM-dd HH:mm:ss2026-09-05 11:13:08,320 yyyy-MM-dd HH:mm:ss2026-09-05 11:13:08,322 yyyy-MM-dd HH:mm:ss2026-09-05 11:13:08,337 yyyy-MM-dd HH:mm:ss2026-09-05 11:13:08,346 yyyy-MM-dd HH:mm:ss2026-09-05 11:13:08,347 yyyy-MM-dd HH:mm:ss2026-09-05 11:13:08,364 yyyy-MM-dd HH:mm:ss2026-09-05 11:13:08,371 yyyy-MM-dd HH:mm:ss2026-09-05 11:13:08,379 yyyy-MM-dd HH:mm:ss2026-09-05 11:13:08,407 yyyy-MM-dd HH:mm:ss2026-09-05 11:13:08,408 yyyy-MM-dd HH:mm:ss2026-09-05 11:13:08,458 yyyy-MM-dd HH:mm:ss2026-09-05 11:13:08,541 yyyy-MM-dd HH:mm:ss2026-09-05 11:13:08,592 yyyy-MM-dd HH:mm:ss2026-09-05 11:13:08,593 yyyy-MM-dd HH:mm:ss2026-09-05 11:13:08,595 yyyy-MM-dd HH:mm:ss2026-09-05 11:13:08,600 yyyy-MM-dd HH:mm:ss2026-09-05 11:13:08,602 yyyy-MM-dd HH:mm:ss2026-09-05 11:13:08,606 yyyy-MM-dd HH:mm:ss2026-09-05 11:13:08,669 yyyy-MM-dd HH:mm:ss2026-09-05 11:13:08,815 yyyy-MM-dd HH:mm:ss2026-09-05 11:13:09,093 yyyy-MM-dd HH:mm:ss2026-09-05 11:13:09,112 yyyy-MM-dd HH:mm:ss2026-09-05 11:13:09,208 yyyy-MM-dd HH:mm:ss2026-09-05 11:13:09,208 yyyy-MM-dd HH:mm:ss2026-09-05 11:13:09,210 yyyy-MM-dd HH:mm:ss2026-09-05 11:13:09,217 yyyy-MM-dd HH:mm:ss2026-09-05 11:13:09,220 yyyy-MM-dd HH:mm:ss2026-09-05 11:13:09,297 yyyy-MM-dd HH:mm:ss2026-09-05 11:13:09,311 yyyy-MM-dd HH:mm:ss2026-09-05 11:13:09,315 yyyy-MM-dd HH:mm:ss2026-09-05 11:13:09,317 yyyy-MM-dd HH:mm:ss2026-09-05 11:13:09,318 yyyy-MM-dd HH:mm:ss2026-09-05 11:13:09,322 yyyy-MM-dd HH:mm:ss2026-09-05 11:13:09,327 yyyy-MM-dd HH:mm:ss2026-09-05 11:13:09,333 yyyy-MM-dd HH:mm:ss2026-09-05 11:13:09,335 yyyy-MM-dd HH:mm:ss2026-09-05 11:13:09,337 yyyy-MM-dd HH:mm:ss2026-09-05 11:13:09,340 yyyy-MM-dd HH:mm:ss2026-09-05 11:13:09,341 yyyy-MM-dd HH:mm:ss2026-09-05 11:13:09,343 yyyy-MM-dd HH:mm:ss2026-09-05 11:13:09,345 yyyy-MM-dd HH:mm:ss2026-09-05 11:13:09,347 yyyy-MM-dd HH:mm:ss2026-09-05 11:13:09,362 yyyy-MM-dd HH:mm:ss2026-09-05 11:13:09,369 yyyy-MM-dd HH:mm:ss2026-09-05 11:13:09,371 yyyy-MM-dd HH:mm:ss2026-09-05 11:13:09,379 yyyy-MM-dd HH:mm:ss2026-09-05 11:13:09,380 yyyy-MM-dd HH:mm:ss2026-09-05 11:13:09,381 yyyy-MM-dd HH:mm:ss2026-09-05 11:13:09,381 yyyy-MM-dd HH:mm:ss2026-09-05 11:13:09,381 yyyy-MM-dd HH:mm:ss2026-09-05 11:13:09,382 yyyy-MM-dd HH:mm:ss2026-09-05 11:13:09,382 yyyy-MM-dd HH:mm:ss2026-09-05 11:13:09,390 yyyy-MM-dd HH:mm:ss2026-09-05 11:13:09,393 yyyy-MM-dd HH:mm:ss2026-09-05 11:13:09,394 yyyy-MM-dd HH:mm:ss2026-09-05 11:13:09,394 yyyy-MM-dd HH:mm:ss2026-09-05 11:13:09,394 yyyy-MM-dd HH:mm:ss2026-09-05 11:13:09,394 yyyy-MM-dd HH:mm:ss2026-09-05 11:13:09,400 yyyy-MM-dd HH:mm:ss2026-09-05 11:13:09,405 yyyy-MM-dd HH:mm:ss2026-09-05 11:13:09,408 yyyy-MM-dd HH:mm:ss2026-09-05 11:13:09,413 yyyy-MM-dd HH:mm:ss2026-09-05 11:13:09,417 yyyy-MM-dd HH:mm:ss2026-09-05 11:13:09,417 yyyy-MM-dd HH:mm:ss2026-09-05 11:13:09,418 yyyy-MM-dd HH:mm:ss2026-09-05 11:13:09,422 yyyy-MM-dd HH:mm:ss2026-09-05 11:13:09,427 yyyy-MM-dd HH:mm:ss2026-09-05 11:13:09,428 yyyy-MM-dd HH:mm:ss2026-09-05 11:13:09,437 yyyy-MM-dd HH:mm:ss2026-09-05 11:13:09,445 yyyy-MM-dd HH:mm:ss2026-09-05 11:13:09,446 yyyy-MM-dd HH:mm:ss2026-09-05 11:13:09,446 yyyy-MM-dd HH:mm:ss2026-09-05 11:13:09,462 yyyy-MM-dd HH:mm:ss2026-09-05 11:13:09,465 yyyy-MM-dd HH:mm:ss2026-09-05 11:13:09,466 yyyy-MM-dd HH:mm:ss2026-09-05 11:13:09,466 yyyy-MM-dd HH:mm:ss2026-09-05 11:13:09,471 yyyy-MM-dd HH:mm:ss2026-09-05 11:13:09,472 yyyy-MM-dd HH:mm:ss2026-09-05 11:13:09,475 yyyy-MM-dd HH:mm:ss2026-09-05 11:13:09,482 yyyy-MM-dd HH:mm:ss2026-09-05 11:13:09,482 yyyy-MM-dd HH:mm:ss2026-09-05 11:13:09,485 yyyy-MM-dd HH:mm:ss2026-09-05 11:13:09,531 yyyy-MM-dd HH:mm:ss2026-09-05 11:13:09,535 yyyy-MM-dd HH:mm:ss2026-09-05 11:13:09,548 yyyy-MM-dd HH:mm:ss2026-09-05 11:13:09,552 yyyy-MM-dd HH:mm:ss2026-09-05 11:13:09,604 yyyy-MM-dd HH:mm:ss2026-09-05 11:13:09,604 yyyy-MM-dd HH:mm:ss2026-09-05 11:13:09,689 yyyy-MM-dd HH:mm:ss2026-09-05 11:13:09,689 yyyy-MM-dd HH:mm:ss2026-09-05 11:13:09,710 yyyy-MM-dd HH:mm:ss2026-09-05 11:13:09,786 yyyy-MM-dd HH:mm:ss2026-09-05 11:13:09,786 yyyy-MM-dd HH:mm:ss2026-09-05 11:13:09,786 yyyy-MM-dd HH:mm:ss2026-09-05 11:13:09,786 yyyy-MM-dd HH:mm:ss2026-09-05 11:13:09,799 yyyy-MM-dd HH:mm:ss2026-09-05 11:13:09,800 yyyy-MM-dd HH:mm:ss2026-09-05 11:13:09,810 yyyy-MM-dd HH:mm:ss2026-09-05 11:13:09,810 yyyy-MM-dd HH:mm:ss2026-09-05 11:13:09,810 yyyy-MM-dd HH:mm:ss2026-09-05 11:13:09,810 yyyy-MM-dd HH:mm:ss2026-09-05 11:13:09,827 yyyy-MM-dd HH:mm:ss2026-09-05 11:13:09,828 yyyy-MM-dd HH:mm:ss2026-09-05 11:13:09,833 yyyy-MM-dd HH:mm:ss2026-09-05 11:13:09,834 yyyy-MM-dd HH:mm:ss2026-09-05 11:13:09,836 yyyy-MM-dd HH:mm:ss2026-09-05 11:13:09,839 yyyy-MM-dd HH:mm:ss2026-09-05 11:13:09,840 yyyy-MM-dd HH:mm:ss2026-09-05 11:13:09,848 yyyy-MM-dd HH:mm:ss2026-09-05 11:13:09,852 yyyy-MM-dd HH:mm:ss2026-09-05 11:13:09,852 yyyy-MM-dd HH:mm:ss2026-09-05 11:13:09,853 yyyy-MM-dd HH:mm:ss2026-09-05 11:13:09,858 yyyy-MM-dd HH:mm:ss2026-09-05 11:13:09,860 yyyy-MM-dd HH:mm:ss2026-09-05 11:13:09,862 yyyy-MM-dd HH:mm:ss2026-09-05 11:13:09,862 yyyy-MM-dd HH:mm:ss2026-09-05 11:13:09,867 yyyy-MM-dd HH:mm:ss2026-09-05 11:13:09,877 yyyy-MM-dd HH:mm:ss2026-09-05 11:13:09,878 yyyy-MM-dd HH:mm:ss2026-09-05 11:13:09,906 yyyy-MM-dd HH:mm:ss2026-09-05 11:13:09,913 yyyy-MM-dd HH:mm:ss2026-09-05 11:13:09,913 yyyy-MM-dd HH:mm:ss2026-09-05 11:13:09,913 yyyy-MM-dd HH:mm:ss2026-09-05 11:13:09,966 yyyy-MM-dd HH:mm:ss2026-09-05 11:13:09,967 yyyy-MM-dd HH:mm:ss2026-09-05 11:13:09,967 yyyy-MM-dd HH:mm:ss2026-09-05 11:13:09,967 yyyy-MM-dd HH:mm:ss2026-09-05 11:13:09,981 yyyy-MM-dd HH:mm:ss2026-09-05 11:13:09,985 yyyy-MM-dd HH:mm:ss2026-09-05 11:13:09,997 yyyy-MM-dd HH:mm:ss2026-09-05 11:13:10,003 yyyy-MM-dd HH:mm:ss2026-09-05 11:13:10,012 yyyy-MM-dd HH:mm:ss2026-09-05 11:13:10,017 yyyy-MM-dd HH:mm:ss2026-09-05 11:13:10,023 yyyy-MM-dd HH:mm:ss2026-09-05 11:13:10,024 yyyy-MM-dd HH:mm:ss2026-09-05 11:13:10,026 yyyy-MM-dd HH:mm:ss2026-09-05 11:13:10,029 yyyy-MM-dd HH:mm:ss2026-09-05 11:13:10,047 yyyy-MM-dd HH:mm:ss2026-09-05 11:13:10,048 yyyy-MM-dd HH:mm:ss2026-09-05 11:13:10,050 yyyy-MM-dd HH:mm:ss2026-09-05 11:13:10,050 yyyy-MM-dd HH:mm:ss2026-09-05 11:13:10,055 yyyy-MM-dd HH:mm:ss2026-09-05 11:13:10,055 yyyy-MM-dd HH:mm:ss2026-09-05 11:13:10,058 yyyy-MM-dd HH:mm:ss2026-09-05 11:13:10,058 yyyy-MM-dd HH:mm:ss2026-09-05 11:13:10,060 yyyy-MM-dd HH:mm:ss2026-09-05 11:13:10,075 yyyy-MM-dd HH:mm:ss2026-09-05 11:13:10,077 yyyy-MM-dd HH:mm:ss2026-09-05 11:13:10,085 yyyy-MM-dd HH:mm:ss2026-09-05 11:13:10,085 yyyy-MM-dd HH:mm:ss2026-09-05 11:13:10,087 yyyy-MM-dd HH:mm:ss2026-09-05 11:13:10,088 yyyy-MM-dd HH:mm:ss2026-09-05 11:13:10,091 yyyy-MM-dd HH:mm:ss2026-09-05 11:13:10,096 yyyy-MM-dd HH:mm:ss2026-09-05 11:13:10,122 yyyy-MM-dd HH:mm:ss2026-09-05 11:13:10,128 yyyy-MM-dd HH:mm:ss2026-09-05 11:13:10,129 yyyy-MM-dd HH:mm:ss2026-09-05 11:13:10,131 yyyy-MM-dd HH:mm:ss2026-09-05 11:13:10,132 yyyy-MM-dd HH:mm:ss2026-09-05 11:13:10,164 yyyy-MM-dd HH:mm:ss2026-09-05 11:13:10,165 yyyy-MM-dd HH:mm:ss2026-09-05 11:13:10,169 yyyy-MM-dd HH:mm:ss2026-09-05 11:13:10,183 yyyy-MM-dd HH:mm:ss2026-09-05 11:13:10,186 yyyy-MM-dd HH:mm:ss2026-09-05 11:13:10,190 yyyy-MM-dd HH:mm:ss2026-09-05 11:13:10,219 yyyy-MM-dd HH:mm:ss2026-09-05 11:13:10,219 yyyy-MM-dd HH:mm:ss2026-09-05 11:13:10,219 yyyy-MM-dd HH:mm:ss2026-09-05 11:13:10,244 yyyy-MM-dd HH:mm:ss2026-09-05 11:13:10,270 yyyy-MM-dd HH:mm:ss2026-09-05 11:13:10,271 yyyy-MM-dd HH:mm:ss2026-09-05 11:13:10,272 yyyy-MM-dd HH:mm:ss2026-09-05 11:13:10,301 yyyy-MM-dd HH:mm:ss2026-09-05 11:13:10,335 yyyy-MM-dd HH:mm:ss2026-09-05 11:13:10,335 yyyy-MM-dd HH:mm:ss2026-09-05 11:13:10,335 yyyy-MM-dd HH:mm:ss2026-09-05 11:13:10,335 yyyy-MM-dd HH:mm:ss2026-09-05 11:13:10,427 yyyy-MM-dd HH:mm:ss2026-09-05 11:13:10,449 yyyy-MM-dd HH:mm:ss2026-09-05 11:13:10,463 yyyy-MM-dd HH:mm:ss2026-09-05 11:13:10,518 yyyy-MM-dd HH:mm:ss2026-09-05 11:13:10,525 yyyy-MM-dd HH:mm:ss2026-09-05 11:13:10,529 yyyy-MM-dd HH:mm:ss2026-09-05 11:13:10,535 yyyy-MM-dd HH:mm:ss2026-09-05 11:13:10,544 yyyy-MM-dd HH:mm:ss2026-09-05 11:13:10,546 yyyy-MM-dd HH:mm:ss2026-09-05 11:13:10,548 yyyy-MM-dd HH:mm:ss2026-09-05 11:13:10,550 yyyy-MM-dd HH:mm:ss2026-09-05 11:13:10,552 yyyy-MM-dd HH:mm:ss2026-09-05 11:13:10,552 yyyy-MM-dd HH:mm:ss2026-09-05 11:13:10,553 yyyy-MM-dd HH:mm:ss2026-09-05 11:13:10,554 yyyy-MM-dd HH:mm:ss2026-09-05 11:13:10,554 yyyy-MM-dd HH:mm:ss2026-09-05 11:13:10,560 yyyy-MM-dd HH:mm:ss2026-09-05 11:13:10,567 yyyy-MM-dd HH:mm:ss2026-09-05 11:13:10,569 yyyy-MM-dd HH:mm:ss2026-09-05 11:13:10,569 yyyy-MM-dd HH:mm:ss2026-09-05 11:13:10,569 yyyy-MM-dd HH:mm:ss2026-09-05 11:13:10,582 yyyy-MM-dd HH:mm:ss2026-09-05 11:13:10,584 yyyy-MM-dd HH:mm:ss2026-09-05 11:13:10,584 yyyy-MM-dd HH:mm:ss2026-09-05 11:13:10,584 yyyy-MM-dd HH:mm:ss2026-09-05 11:13:10,644 yyyy-MM-dd HH:mm:ss2026-09-05 11:13:10,646 yyyy-MM-dd HH:mm:ss2026-09-05 11:13:10,647 yyyy-MM-dd HH:mm:ss2026-09-05 11:13:10,650 yyyy-MM-dd HH:mm:ss2026-09-05 11:13:10,650 yyyy-MM-dd HH:mm:ss2026-09-05 11:13:10,650 yyyy-MM-dd HH:mm:ss2026-09-05 11:13:10,662 yyyy-MM-dd HH:mm:ss2026-09-05 11:13:10,667 yyyy-MM-dd HH:mm:ss2026-09-05 11:13:10,673 yyyy-MM-dd HH:mm:ss2026-09-05 11:13:10,677 yyyy-MM-dd HH:mm:ss2026-09-05 11:13:10,702 yyyy-MM-dd HH:mm:ss2026-09-05 11:13:10,708 yyyy-MM-dd HH:mm:ss2026-09-05 11:13:10,723 yyyy-MM-dd HH:mm:ss2026-09-05 11:13:10,786 yyyy-MM-dd HH:mm:ss2026-09-05 11:13:10,787 yyyy-MM-dd HH:mm:ss2026-09-05 11:13:10,794 yyyy-MM-dd HH:mm:ss2026-09-05 11:13:10,811 yyyy-MM-dd HH:mm:ss2026-09-05 11:13:10,812 yyyy-MM-dd HH:mm:ss2026-09-05 11:13:10,816 yyyy-MM-dd HH:mm:ss2026-09-05 11:13:10,840 yyyy-MM-dd HH:mm:ss2026-09-05 11:13:10,842 yyyy-MM-dd HH:mm:ss2026-09-05 11:13:10,844 yyyy-MM-dd HH:mm:ss2026-09-05 11:13:10,844 yyyy-MM-dd HH:mm:ss2026-09-05 11:13:10,845 yyyy-MM-dd HH:mm:ss2026-09-05 11:13:10,846 yyyy-MM-dd HH:mm:ss2026-09-05 11:13:10,847 yyyy-MM-dd HH:mm:ss2026-09-05 11:13:10,847 yyyy-MM-dd HH:mm:ss2026-09-05 11:13:10,862 yyyy-MM-dd HH:mm:ss2026-09-05 11:13:10,869 yyyy-MM-dd HH:mm:ss2026-09-05 11:13:10,870 yyyy-MM-dd HH:mm:ss2026-09-05 11:13:10,873 yyyy-MM-dd HH:mm:ss2026-09-05 11:13:10,875 yyyy-MM-dd HH:mm:ss2026-09-05 11:13:10,876 yyyy-MM-dd HH:mm:ss2026-09-05 11:13:10,878 yyyy-MM-dd HH:mm:ss2026-09-05 11:13:10,879 yyyy-MM-dd HH:mm:ss2026-09-05 11:13:10,880 yyyy-MM-dd HH:mm:ss2026-09-05 11:13:10,883 yyyy-MM-dd HH:mm:ss2026-09-05 11:13:10,906 yyyy-MM-dd HH:mm:ss2026-09-05 11:13:10,908 yyyy-MM-dd HH:mm:ss2026-09-05 11:13:10,909 yyyy-MM-dd HH:mm:ss2026-09-05 11:13:10,913 yyyy-MM-dd HH:mm:ss2026-09-05 11:13:10,914 yyyy-MM-dd HH:mm:ss2026-09-05 11:13:10,915 yyyy-MM-dd HH:mm:ss2026-09-05 11:13:10,916 yyyy-MM-dd HH:mm:ss2026-09-05 11:13:10,917 yyyy-MM-dd HH:mm:ss2026-09-05 11:13:10,919 yyyy-MM-dd HH:mm:ss2026-09-05 11:13:10,920 yyyy-MM-dd HH:mm:ss2026-09-05 11:13:10,925 yyyy-MM-dd HH:mm:ss2026-09-05 11:13:10,925 yyyy-MM-dd HH:mm:ss2026-09-05 11:13:10,926 yyyy-MM-dd HH:mm:ss2026-09-05 11:13:10,930 yyyy-MM-dd HH:mm:ss2026-09-05 11:13:10,930 yyyy-MM-dd HH:mm:ss2026-09-05 11:13:10,932 yyyy-MM-dd HH:mm:ss2026-09-05 11:13:10,932 yyyy-MM-dd HH:mm:ss2026-09-05 11:13:10,932 yyyy-MM-dd HH:mm:ss2026-09-05 11:13:10,934 yyyy-MM-dd HH:mm:ss2026-09-05 11:13:10,945 yyyy-MM-dd HH:mm:ss2026-09-05 11:13:10,945 yyyy-MM-dd HH:mm:ss2026-09-05 11:13:10,945 yyyy-MM-dd HH:mm:ss2026-09-05 11:13:10,955 yyyy-MM-dd HH:mm:ss2026-09-05 11:13:10,957 yyyy-MM-dd HH:mm:ss2026-09-05 11:13:10,957 yyyy-MM-dd HH:mm:ss2026-09-05 11:13:10,959 yyyy-MM-dd HH:mm:ss2026-09-05 11:13:10,962 yyyy-MM-dd HH:mm:ss2026-09-05 11:13:10,964 yyyy-MM-dd HH:mm:ss2026-09-05 11:13:10,964 yyyy-MM-dd HH:mm:ss2026-09-05 11:13:10,967 yyyy-MM-dd HH:mm:ss2026-09-05 11:13:10,968 yyyy-MM-dd HH:mm:ss2026-09-05 11:13:10,969 yyyy-MM-dd HH:mm:ss2026-09-05 11:13:10,973 yyyy-MM-dd HH:mm:ss2026-09-05 11:13:10,973 yyyy-MM-dd HH:mm:ss2026-09-05 11:13:10,973 yyyy-MM-dd HH:mm:ss2026-09-05 11:13:10,973 yyyy-MM-dd HH:mm:ss2026-09-05 11:13:10,973 yyyy-MM-dd HH:mm:ss2026-09-05 11:13:10,973 yyyy-MM-dd HH:mm:ss2026-09-05 11:13:10,973 yyyy-MM-dd HH:mm:ss2026-09-05 11:13:10,973 yyyy-MM-dd HH:mm:ss2026-09-05 11:13:10,974 yyyy-MM-dd HH:mm:ss2026-09-05 11:13:10,974 yyyy-MM-dd HH:mm:ss2026-09-05 11:13:11,012 yyyy-MM-dd HH:mm:ss2026-09-05 11:13:11,012 yyyy-MM-dd HH:mm:ss2026-09-05 11:13:11,015 yyyy-MM-dd HH:mm:ss2026-09-05 11:13:11,015 yyyy-MM-dd HH:mm:ss2026-09-05 11:13:11,015 yyyy-MM-dd HH:mm:ss2026-09-05 11:13:11,034 yyyy-MM-dd HH:mm:ss2026-09-05 11:13:11,036 yyyy-MM-dd HH:mm:ss2026-09-05 11:13:11,036 yyyy-MM-dd HH:mm:ss2026-09-05 11:13:11,045 yyyy-MM-dd HH:mm:ss2026-09-05 11:13:11,045 yyyy-MM-dd HH:mm:ss2026-09-05 11:13:11,045 yyyy-MM-dd HH:mm:ss2026-09-05 11:13:11,045 yyyy-MM-dd HH:mm:ss2026-09-05 11:13:11,052 yyyy-MM-dd HH:mm:ss2026-09-05 11:13:11,058 yyyy-MM-dd HH:mm:ss2026-09-05 11:13:11,059 yyyy-MM-dd HH:mm:ss2026-09-05 11:13:11,061 yyyy-MM-dd HH:mm:ss2026-09-05 11:13:11,062 yyyy-MM-dd HH:mm:ss2026-09-05 11:13:11,069 yyyy-MM-dd HH:mm:ss2026-09-05 11:13:11,073 yyyy-MM-dd HH:mm:ss2026-09-05 11:13:11,073 yyyy-MM-dd HH:mm:ss2026-09-05 11:13:11,073 yyyy-MM-dd HH:mm:ss2026-09-05 11:13:11,082 yyyy-MM-dd HH:mm:ss2026-09-05 11:13:11,086 yyyy-MM-dd HH:mm:ss2026-09-05 11:13:11,104 yyyy-MM-dd HH:mm:ss2026-09-05 11:13:11,106 yyyy-MM-dd HH:mm:ss2026-09-05 11:13:11,109 yyyy-MM-dd HH:mm:ss2026-09-05 11:13:11,114 yyyy-MM-dd HH:mm:ss2026-09-05 11:13:11,114 yyyy-MM-dd HH:mm:ss2026-09-05 11:13:11,114 yyyy-MM-dd HH:mm:ss2026-09-05 11:13:11,119 yyyy-MM-dd HH:mm:ss2026-09-05 11:13:11,123 yyyy-MM-dd HH:mm:ss2026-09-05 11:13:11,124 yyyy-MM-dd HH:mm:ss2026-09-05 11:13:11,129 yyyy-MM-dd HH:mm:ss2026-09-05 11:13:11,130 yyyy-MM-dd HH:mm:ss2026-09-05 11:13:11,134 yyyy-MM-dd HH:mm:ss2026-09-05 11:13:11,135 yyyy-MM-dd HH:mm:ss2026-09-05 11:13:11,141 yyyy-MM-dd HH:mm:ss2026-09-05 11:13:11,145 yyyy-MM-dd HH:mm:ss2026-09-05 11:13:11,146 yyyy-MM-dd HH:mm:ss2026-09-05 11:13:11,148 yyyy-MM-dd HH:mm:ss2026-09-05 11:13:11,148 yyyy-MM-dd HH:mm:ss2026-09-05 11:13:11,148 yyyy-MM-dd HH:mm:ss2026-09-05 11:13:11,148 yyyy-MM-dd HH:mm:ss2026-09-05 11:13:11,148 yyyy-MM-dd HH:mm:ss2026-09-05 11:13:11,163 yyyy-MM-dd HH:mm:ss2026-09-05 11:13:11,164 yyyy-MM-dd HH:mm:ss2026-09-05 11:13:11,164 yyyy-MM-dd HH:mm:ss2026-09-05 11:13:11,165 yyyy-MM-dd HH:mm:ss2026-09-05 11:13:11,177 yyyy-MM-dd HH:mm:ss2026-09-05 11:13:11,178 yyyy-MM-dd HH:mm:ss2026-09-05 11:13:11,178 yyyy-MM-dd HH:mm:ss2026-09-05 11:13:11,178 yyyy-MM-dd HH:mm:ss2026-09-05 11:13:11,178 yyyy-MM-dd HH:mm:ss2026-09-05 11:13:11,178 yyyy-MM-dd HH:mm:ss2026-09-05 11:13:11,189 yyyy-MM-dd HH:mm:ss2026-09-05 11:13:11,192 yyyy-MM-dd HH:mm:ss2026-09-05 11:13:11,194 yyyy-MM-dd HH:mm:ss2026-09-05 11:13:11,198 yyyy-MM-dd HH:mm:ss2026-09-05 11:13:11,202 yyyy-MM-dd HH:mm:ss2026-09-05 11:13:11,209 yyyy-MM-dd HH:mm:ss2026-09-05 11:13:11,210 yyyy-MM-dd HH:mm:ss2026-09-05 11:13:11,210 yyyy-MM-dd HH:mm:ss2026-09-05 11:13:11,210 yyyy-MM-dd HH:mm:ss2026-09-05 11:13:11,234 yyyy-MM-dd HH:mm:ss2026-09-05 11:13:11,234 yyyy-MM-dd HH:mm:ss2026-09-05 11:13:11,235 yyyy-MM-dd HH:mm:ss2026-09-05 11:13:11,235 yyyy-MM-dd HH:mm:ss2026-09-05 11:13:11,235 yyyy-MM-dd HH:mm:ss2026-09-05 11:13:11,238 yyyy-MM-dd HH:mm:ss2026-09-05 11:13:11,239 yyyy-MM-dd HH:mm:ss2026-09-05 11:13:11,240 yyyy-MM-dd HH:mm:ss2026-09-05 11:13:11,241 yyyy-MM-dd HH:mm:ss2026-09-05 11:13:11,242 yyyy-MM-dd HH:mm:ss2026-09-05 11:13:11,244 yyyy-MM-dd HH:mm:ss2026-09-05 11:13:11,245 yyyy-MM-dd HH:mm:ss2026-09-05 11:13:11,246 yyyy-MM-dd HH:mm:ss2026-09-05 11:13:11,253 yyyy-MM-dd HH:mm:ss2026-09-05 11:13:11,255 yyyy-MM-dd HH:mm:ss2026-09-05 11:13:11,255 yyyy-MM-dd HH:mm:ss2026-09-05 11:13:11,257 yyyy-MM-dd HH:mm:ss2026-09-05 11:13:11,258 yyyy-MM-dd HH:mm:ss2026-09-05 11:13:11,261 yyyy-MM-dd HH:mm:ss2026-09-05 11:13:11,264 yyyy-MM-dd HH:mm:ss2026-09-05 11:13:11,283 yyyy-MM-dd HH:mm:ss2026-09-05 11:13:11,285 yyyy-MM-dd HH:mm:ss2026-09-05 11:13:11,286 yyyy-MM-dd HH:mm:ss2026-09-05 11:13:11,288 yyyy-MM-dd HH:mm:ss2026-09-05 11:13:11,294 yyyy-MM-dd HH:mm:ss2026-09-05 11:13:11,294 yyyy-MM-dd HH:mm:ss2026-09-05 11:13:11,298 yyyy-MM-dd HH:mm:ss2026-09-05 11:13:11,302 yyyy-MM-dd HH:mm:ss2026-09-05 11:13:11,304 yyyy-MM-dd HH:mm:ss2026-09-05 11:13:11,304 yyyy-MM-dd HH:mm:ss2026-09-05 11:13:11,308 yyyy-MM-dd HH:mm:ss2026-09-05 11:13:11,309 yyyy-MM-dd HH:mm:ss2026-09-05 11:13:11,312 yyyy-MM-dd HH:mm:ss2026-09-05 11:13:11,319 yyyy-MM-dd HH:mm:ss2026-09-05 11:13:11,320 yyyy-MM-dd HH:mm:ss2026-09-05 11:13:11,324 yyyy-MM-dd HH:mm:ss2026-09-05 11:13:11,325 yyyy-MM-dd HH:mm:ss2026-09-05 11:13:11,336 yyyy-MM-dd HH:mm:ss2026-09-05 11:13:11,337 yyyy-MM-dd HH:mm:ss2026-09-05 11:13:11,349 yyyy-MM-dd HH:mm:ss2026-09-05 11:13:11,349 yyyy-MM-dd HH:mm:ss2026-09-05 11:13:11,350 yyyy-MM-dd HH:mm:ss2026-09-05 11:13:11,357 yyyy-MM-dd HH:mm:ss2026-09-05 11:13:11,360 yyyy-MM-dd HH:mm:ss2026-09-05 11:13:11,361 yyyy-MM-dd HH:mm:ss2026-09-05 11:13:11,367 yyyy-MM-dd HH:mm:ss2026-09-05 11:13:11,370 yyyy-MM-dd HH:mm:ss2026-09-05 11:13:11,370 yyyy-MM-dd HH:mm:ss2026-09-05 11:13:11,370 yyyy-MM-dd HH:mm:ss2026-09-05 11:13:11,392 yyyy-MM-dd HH:mm:ss2026-09-05 11:13:11,392 yyyy-MM-dd HH:mm:ss2026-09-05 11:13:11,394 yyyy-MM-dd HH:mm:ss2026-09-05 11:13:11,398 yyyy-MM-dd HH:mm:ss2026-09-05 11:13:11,398 yyyy-MM-dd HH:mm:ss2026-09-05 11:13:11,405 yyyy-MM-dd HH:mm:ss2026-09-05 11:13:11,406 yyyy-MM-dd HH:mm:ss2026-09-05 11:13:11,407 yyyy-MM-dd HH:mm:ss2026-09-05 11:13:11,410 yyyy-MM-dd HH:mm:ss2026-09-05 11:13:11,412 yyyy-MM-dd HH:mm:ss2026-09-05 11:13:11,418 yyyy-MM-dd HH:mm:ss2026-09-05 11:13:11,421 yyyy-MM-dd HH:mm:ss2026-09-05 11:13:11,421 yyyy-MM-dd HH:mm:ss2026-09-05 11:13:11,424 yyyy-MM-dd HH:mm:ss2026-09-05 11:13:11,424 yyyy-MM-dd HH:mm:ss2026-09-05 11:13:11,424 yyyy-MM-dd HH:mm:ss2026-09-05 11:13:11,430 yyyy-MM-dd HH:mm:ss2026-09-05 11:13:11,437 yyyy-MM-dd HH:mm:ss2026-09-05 11:13:11,437 yyyy-MM-dd HH:mm:ss2026-09-05 11:13:11,440 yyyy-MM-dd HH:mm:ss2026-09-05 11:13:11,441 yyyy-MM-dd HH:mm:ss2026-09-05 11:13:11,443 yyyy-MM-dd HH:mm:ss2026-09-05 11:13:11,445 yyyy-MM-dd HH:mm:ss2026-09-05 11:13:11,447 yyyy-MM-dd HH:mm:ss2026-09-05 11:13:11,447 yyyy-MM-dd HH:mm:ss2026-09-05 11:13:11,448 yyyy-MM-dd HH:mm:ss2026-09-05 11:13:11,451 yyyy-MM-dd HH:mm:ss2026-09-05 11:13:11,454 yyyy-MM-dd HH:mm:ss2026-09-05 11:13:11,472 yyyy-MM-dd HH:mm:ss2026-09-05 11:13:11,472 yyyy-MM-dd HH:mm:ss2026-09-05 11:13:11,476 yyyy-MM-dd HH:mm:ss2026-09-05 11:13:11,477 yyyy-MM-dd HH:mm:ss2026-09-05 11:13:11,478 yyyy-MM-dd HH:mm:ss2026-09-05 11:13:11,479 yyyy-MM-dd HH:mm:ss2026-09-05 11:13:11,484 yyyy-MM-dd HH:mm:ss2026-09-05 11:13:11,486 yyyy-MM-dd HH:mm:ss2026-09-05 11:13:11,487 yyyy-MM-dd HH:mm:ss2026-09-05 11:13:11,500 yyyy-MM-dd HH:mm:ss2026-09-05 11:13:11,502 yyyy-MM-dd HH:mm:ss2026-09-05 11:13:11,502 yyyy-MM-dd HH:mm:ss2026-09-05 11:13:11,502 yyyy-MM-dd HH:mm:ss2026-09-05 11:13:11,502 yyyy-MM-dd HH:mm:ss2026-09-05 11:13:11,503 yyyy-MM-dd HH:mm:ss2026-09-05 11:13:11,503 yyyy-MM-dd HH:mm:ss2026-09-05 11:13:11,503 yyyy-MM-dd HH:mm:ss2026-09-05 11:13:11,516 yyyy-MM-dd HH:mm:ss2026-09-05 11:13:11,516 yyyy-MM-dd HH:mm:ss2026-09-05 11:13:11,516 yyyy-MM-dd HH:mm:ss2026-09-05 11:13:11,571 yyyy-MM-dd HH:mm:ss2026-09-05 11:13:11,573 yyyy-MM-dd HH:mm:ss2026-09-05 11:13:11,573 yyyy-MM-dd HH:mm:ss2026-09-05 11:13:11,577 yyyy-MM-dd HH:mm:ss2026-09-05 11:13:11,577 yyyy-MM-dd HH:mm:ss2026-09-05 11:13:11,579 yyyy-MM-dd HH:mm:ss2026-09-05 11:13:11,580 yyyy-MM-dd HH:mm:ss2026-09-05 11:13:11,581 yyyy-MM-dd HH:mm:ss2026-09-05 11:13:11,583 yyyy-MM-dd HH:mm:ss2026-09-05 11:13:11,587 yyyy-MM-dd HH:mm:ss2026-09-05 11:13:11,591 yyyy-MM-dd HH:mm:ss2026-09-05 11:13:11,591 yyyy-MM-dd HH:mm:ss2026-09-05 11:13:11,593 yyyy-MM-dd HH:mm:ss2026-09-05 11:13:11,594 yyyy-MM-dd HH:mm:ss2026-09-05 11:13:11,598 yyyy-MM-dd HH:mm:ss2026-09-05 11:13:11,598 yyyy-MM-dd HH:mm:ss2026-09-05 11:13:11,600 yyyy-MM-dd HH:mm:ss2026-09-05 11:13:11,611 yyyy-MM-dd HH:mm:ss2026-09-05 11:13:11,611 yyyy-MM-dd HH:mm:ss2026-09-05 11:13:11,619 yyyy-MM-dd HH:mm:ss2026-09-05 11:13:11,620 yyyy-MM-dd HH:mm:ss2026-09-05 11:13:11,623 yyyy-MM-dd HH:mm:ss2026-09-05 11:13:11,623 yyyy-MM-dd HH:mm:ss2026-09-05 11:13:11,629 yyyy-MM-dd HH:mm:ss2026-09-05 11:13:11,629 yyyy-MM-dd HH:mm:ss2026-09-05 11:13:11,630 yyyy-MM-dd HH:mm:ss2026-09-05 11:13:11,631 yyyy-MM-dd HH:mm:ss2026-09-05 11:13:11,631 yyyy-MM-dd HH:mm:ss2026-09-05 11:13:11,633 yyyy-MM-dd HH:mm:ss2026-09-05 11:13:11,634 yyyy-MM-dd HH:mm:ss2026-09-05 11:13:11,634 yyyy-MM-dd HH:mm:ss2026-09-05 11:13:11,649 yyyy-MM-dd HH:mm:ss2026-09-05 11:13:11,649 yyyy-MM-dd HH:mm:ss2026-09-05 11:13:11,650 yyyy-MM-dd HH:mm:ss2026-09-05 11:13:11,651 yyyy-MM-dd HH:mm:ss2026-09-05 11:13:11,651 yyyy-MM-dd HH:mm:ss2026-09-05 11:13:11,656 yyyy-MM-dd HH:mm:ss2026-09-05 11:13:11,656 yyyy-MM-dd HH:mm:ss2026-09-05 11:13:11,658 yyyy-MM-dd HH:mm:ss2026-09-05 11:13:11,664 yyyy-MM-dd HH:mm:ss2026-09-05 11:13:11,666 yyyy-MM-dd HH:mm:ss2026-09-05 11:13:11,668 yyyy-MM-dd HH:mm:ss2026-09-05 11:13:11,669 yyyy-MM-dd HH:mm:ss2026-09-05 11:13:11,673 yyyy-MM-dd HH:mm:ss2026-09-05 11:13:11,674 yyyy-MM-dd HH:mm:ss2026-09-05 11:13:11,675 yyyy-MM-dd HH:mm:ss2026-09-05 11:13:11,676 yyyy-MM-dd HH:mm:ss2026-09-05 11:13:11,677 yyyy-MM-dd HH:mm:ss2026-09-05 11:13:11,678 yyyy-MM-dd HH:mm:ss2026-09-05 11:13:11,679 yyyy-MM-dd HH:mm:ss2026-09-05 11:13:11,680 yyyy-MM-dd HH:mm:ss2026-09-05 11:13:11,682 yyyy-MM-dd HH:mm:ss2026-09-05 11:13:11,688 yyyy-MM-dd HH:mm:ss2026-09-05 11:13:11,689 yyyy-MM-dd HH:mm:ss2026-09-05 11:13:11,691 yyyy-MM-dd HH:mm:ss2026-09-05 11:13:11,693 yyyy-MM-dd HH:mm:ss2026-09-05 11:13:11,698 yyyy-MM-dd HH:mm:ss2026-09-05 11:13:11,700 yyyy-MM-dd HH:mm:ss2026-09-05 11:13:11,701 yyyy-MM-dd HH:mm:ss2026-09-05 11:13:11,706 yyyy-MM-dd HH:mm:ss2026-09-05 11:13:11,707 yyyy-MM-dd HH:mm:ss2026-09-05 11:13:11,708 yyyy-MM-dd HH:mm:ss2026-09-05 11:13:11,708 yyyy-MM-dd HH:mm:ss2026-09-05 11:13:11,710 yyyy-MM-dd HH:mm:ss2026-09-05 11:13:11,711 yyyy-MM-dd HH:mm:ss2026-09-05 11:13:11,712 yyyy-MM-dd HH:mm:ss2026-09-05 11:13:11,717 yyyy-MM-dd HH:mm:ss2026-09-05 11:13:11,718 yyyy-MM-dd HH:mm:ss2026-09-05 11:13:11,724 yyyy-MM-dd HH:mm:ss2026-09-05 11:13:11,727 yyyy-MM-dd HH:mm:ss2026-09-05 11:13:11,728 yyyy-MM-dd HH:mm:ss2026-09-05 11:13:11,729 yyyy-MM-dd HH:mm:ss2026-09-05 11:13:11,730 yyyy-MM-dd HH:mm:ss2026-09-05 11:13:11,731 yyyy-MM-dd HH:mm:ss2026-09-05 11:13:11,732 yyyy-MM-dd HH:mm:ss2026-09-05 11:13:11,735 yyyy-MM-dd HH:mm:ss2026-09-05 11:13:11,738 yyyy-MM-dd HH:mm:ss2026-09-05 11:13:11,739 yyyy-MM-dd HH:mm:ss2026-09-05 11:13:11,754 yyyy-MM-dd HH:mm:ss2026-09-05 11:13:11,755 yyyy-MM-dd HH:mm:ss2026-09-05 11:13:11,756 yyyy-MM-dd HH:mm:ss2026-09-05 11:13:11,757 yyyy-MM-dd HH:mm:ss2026-09-05 11:13:11,758 yyyy-MM-dd HH:mm:ss2026-09-05 11:13:11,760 yyyy-MM-dd HH:mm:ss2026-09-05 11:13:11,776 yyyy-MM-dd HH:mm:ss2026-09-05 11:13:11,777 yyyy-MM-dd HH:mm:ss2026-09-05 11:13:11,779 yyyy-MM-dd HH:mm:ss2026-09-05 11:13:11,786 yyyy-MM-dd HH:mm:ss2026-09-05 11:13:11,787 yyyy-MM-dd HH:mm:ss2026-09-05 11:13:11,788 yyyy-MM-dd HH:mm:ss2026-09-05 11:13:11,790 yyyy-MM-dd HH:mm:ss2026-09-05 11:13:11,792 yyyy-MM-dd HH:mm:ss2026-09-05 11:13:11,793 yyyy-MM-dd HH:mm:ss2026-09-05 11:13:11,797 yyyy-MM-dd HH:mm:ss2026-09-05 11:13:11,797 yyyy-MM-dd HH:mm:ss2026-09-05 11:13:11,828 yyyy-MM-dd HH:mm:ss2026-09-05 11:13:11,829 yyyy-MM-dd HH:mm:ss2026-09-05 11:13:11,830 yyyy-MM-dd HH:mm:ss2026-09-05 11:13:11,832 yyyy-MM-dd HH:mm:ss2026-09-05 11:13:11,833 yyyy-MM-dd HH:mm:ss2026-09-05 11:13:11,833 yyyy-MM-dd HH:mm:ss2026-09-05 11:13:11,835 yyyy-MM-dd HH:mm:ss2026-09-05 11:13:11,837 yyyy-MM-dd HH:mm:ss2026-09-05 11:13:11,837 yyyy-MM-dd HH:mm:ss2026-09-05 11:13:11,839 yyyy-MM-dd HH:mm:ss2026-09-05 11:13:11,842 yyyy-MM-dd HH:mm:ss2026-09-05 11:13:11,843 yyyy-MM-dd HH:mm:ss2026-09-05 11:13:11,844 yyyy-MM-dd HH:mm:ss2026-09-05 11:13:11,846 yyyy-MM-dd HH:mm:ss2026-09-05 11:13:11,846 yyyy-MM-dd HH:mm:ss2026-09-05 11:13:11,856 yyyy-MM-dd HH:mm:ss2026-09-05 11:13:11,858 yyyy-MM-dd HH:mm:ss2026-09-05 11:13:11,858 yyyy-MM-dd HH:mm:ss2026-09-05 11:13:11,867 yyyy-MM-dd HH:mm:ss2026-09-05 11:13:11,868 yyyy-MM-dd HH:mm:ss2026-09-05 11:13:11,869 yyyy-MM-dd HH:mm:ss2026-09-05 11:13:11,871 yyyy-MM-dd HH:mm:ss2026-09-05 11:13:11,875 yyyy-MM-dd HH:mm:ss2026-09-05 11:13:11,876 yyyy-MM-dd HH:mm:ss2026-09-05 11:13:11,878 yyyy-MM-dd HH:mm:ss2026-09-05 11:13:11,878 yyyy-MM-dd HH:mm:ss2026-09-05 11:13:11,879 yyyy-MM-dd HH:mm:ss2026-09-05 11:13:11,881 yyyy-MM-dd HH:mm:ss2026-09-05 11:13:11,882 yyyy-MM-dd HH:mm:ss2026-09-05 11:13:11,884 yyyy-MM-dd HH:mm:ss2026-09-05 11:13:11,884 yyyy-MM-dd HH:mm:ss2026-09-05 11:13:11,901 yyyy-MM-dd HH:mm:ss2026-09-05 11:13:11,911 yyyy-MM-dd HH:mm:ss2026-09-05 11:13:11,915 yyyy-MM-dd HH:mm:ss2026-09-05 11:13:11,920 yyyy-MM-dd HH:mm:ss2026-09-05 11:13:11,924 yyyy-MM-dd HH:mm:ss2026-09-05 11:13:11,925 yyyy-MM-dd HH:mm:ss2026-09-05 11:13:11,926 yyyy-MM-dd HH:mm:ss2026-09-05 11:13:11,926 yyyy-MM-dd HH:mm:ss2026-09-05 11:13:11,930 yyyy-MM-dd HH:mm:ss2026-09-05 11:13:11,930 yyyy-MM-dd HH:mm:ss2026-09-05 11:13:11,931 yyyy-MM-dd HH:mm:ss2026-09-05 11:13:11,936 yyyy-MM-dd HH:mm:ss2026-09-05 11:13:11,936 yyyy-MM-dd HH:mm:ss2026-09-05 11:13:11,937 yyyy-MM-dd HH:mm:ss2026-09-05 11:13:11,938 yyyy-MM-dd HH:mm:ss2026-09-05 11:13:11,939 yyyy-MM-dd HH:mm:ss2026-09-05 11:13:11,940 yyyy-MM-dd HH:mm:ss2026-09-05 11:13:11,946 yyyy-MM-dd HH:mm:ss2026-09-05 11:13:11,949 yyyy-MM-dd HH:mm:ss2026-09-05 11:13:11,949 yyyy-MM-dd HH:mm:ss2026-09-05 11:13:11,950 yyyy-MM-dd HH:mm:ss2026-09-05 11:13:11,973 yyyy-MM-dd HH:mm:ss2026-09-05 11:13:11,974 yyyy-MM-dd HH:mm:ss2026-09-05 11:13:11,975 yyyy-MM-dd HH:mm:ss2026-09-05 11:13:11,976 yyyy-MM-dd HH:mm:ss2026-09-05 11:13:11,978 yyyy-MM-dd HH:mm:ss2026-09-05 11:13:11,979 yyyy-MM-dd HH:mm:ss2026-09-05 11:13:11,982 yyyy-MM-dd HH:mm:ss2026-09-05 11:13:11,982 yyyy-MM-dd HH:mm:ss2026-09-05 11:13:11,983 yyyy-MM-dd HH:mm:ss2026-09-05 11:13:11,984 yyyy-MM-dd HH:mm:ss2026-09-05 11:13:11,985 yyyy-MM-dd HH:mm:ss2026-09-05 11:13:11,985 yyyy-MM-dd HH:mm:ss2026-09-05 11:13:11,986 yyyy-MM-dd HH:mm:ss2026-09-05 11:13:11,989 yyyy-MM-dd HH:mm:ss2026-09-05 11:13:11,990 yyyy-MM-dd HH:mm:ss2026-09-05 11:13:11,990 yyyy-MM-dd HH:mm:ss2026-09-05 11:13:11,991 yyyy-MM-dd HH:mm:ss2026-09-05 11:13:11,991 yyyy-MM-dd HH:mm:ss2026-09-05 11:13:11,992 yyyy-MM-dd HH:mm:ss2026-09-05 11:13:11,994 yyyy-MM-dd HH:mm:ss2026-09-05 11:13:11,997 yyyy-MM-dd HH:mm:ss2026-09-05 11:13:11,998 yyyy-MM-dd HH:mm:ss2026-09-05 11:13:11,999 yyyy-MM-dd HH:mm:ss2026-09-05 11:13:11,999 yyyy-MM-dd HH:mm:ss2026-09-05 11:13:12,013 yyyy-MM-dd HH:mm:ss2026-09-05 11:13:12,014 yyyy-MM-dd HH:mm:ss2026-09-05 11:13:12,016 yyyy-MM-dd HH:mm:ss2026-09-05 11:13:12,016 yyyy-MM-dd HH:mm:ss2026-09-05 11:13:12,016 yyyy-MM-dd HH:mm:ss2026-09-05 11:13:12,016 yyyy-MM-dd HH:mm:ss2026-09-05 11:13:12,016 yyyy-MM-dd HH:mm:ss2026-09-05 11:13:12,016 yyyy-MM-dd HH:mm:ss2026-09-05 11:13:12,016 yyyy-MM-dd HH:mm:ss2026-09-05 11:13:12,028 yyyy-MM-dd HH:mm:ss2026-09-05 11:13:12,065 yyyy-MM-dd HH:mm:ss2026-09-05 11:13:12,066 yyyy-MM-dd HH:mm:ss2026-09-05 11:13:12,067 yyyy-MM-dd HH:mm:ss2026-09-05 11:13:12,068 yyyy-MM-dd HH:mm:ss2026-09-05 11:13:12,084 yyyy-MM-dd HH:mm:ss2026-09-05 11:13:12,088 yyyy-MM-dd HH:mm:ss2026-09-05 11:13:12,226 yyyy-MM-dd HH:mm:ss2026-09-05 11:13:12,226 yyyy-MM-dd HH:mm:ss2026-09-05 11:13:12,226 yyyy-MM-dd HH:mm:ss2026-09-05 11:13:12,226 yyyy-MM-dd HH:mm:ss2026-09-05 11:13:12,227 yyyy-MM-dd HH:mm:ss2026-09-05 11:13:12,268 yyyy-MM-dd HH:mm:ss2026-09-05 11:13:12,274 yyyy-MM-dd HH:mm:ss2026-09-05 11:13:12,275 yyyy-MM-dd HH:mm:ss2026-09-05 11:13:12,275 yyyy-MM-dd HH:mm:ss2026-09-05 11:13:12,333 yyyy-MM-dd HH:mm:ss2026-09-05 11:13:12,342 yyyy-MM-dd HH:mm:ss2026-09-05 11:13:12,589 yyyy-MM-dd HH:mm:ss2026-09-05 11:13:12,590 yyyy-MM-dd HH:mm:ss2026-09-05 11:13:12,594 yyyy-MM-dd HH:mm:ss2026-09-05 11:13:12,595 yyyy-MM-dd HH:mm:ss2026-09-05 11:13:12,605 yyyy-MM-dd HH:mm:ss2026-09-05 11:13:12,607 yyyy-MM-dd HH:mm:ss2026-09-05 11:13:12,612 yyyy-MM-dd HH:mm:ss2026-09-05 11:13:12,612 yyyy-MM-dd HH:mm:ss2026-09-05 11:13:12,781 yyyy-MM-dd HH:mm:ss2026-09-05 11:13:12,831 yyyy-MM-dd HH:mm:ss2026-09-05 11:13:12,844 yyyy-MM-dd HH:mm:ss2026-09-05 11:13:12,845 yyyy-MM-dd HH:mm:ss2026-09-05 11:13:12,854 yyyy-MM-dd HH:mm:ss2026-09-05 11:13:12,864 yyyy-MM-dd HH:mm:ss2026-09-05 11:13:12,864 yyyy-MM-dd HH:mm:ss2026-09-05 11:13:12,864 yyyy-MM-dd HH:mm:ss2026-09-05 11:13:12,866 yyyy-MM-dd HH:mm:ss2026-09-05 11:13:12,869 yyyy-MM-dd HH:mm:ss2026-09-05 11:13:13,066 yyyy-MM-dd HH:mm:ss2026-09-05 11:13:13,069 yyyy-MM-dd HH:mm:ss2026-09-05 11:13:13,071 yyyy-MM-dd HH:mm:ss2026-09-05 11:13:13,262 yyyy-MM-dd HH:mm:ss2026-09-05 11:13:13,298 yyyy-MM-dd HH:mm:ss2026-09-05 11:13:13,299 yyyy-MM-dd HH:mm:ss2026-09-05 11:13:13,299 yyyy-MM-dd HH:mm:ss2026-09-05 11:13:13,545 yyyy-MM-dd HH:mm:ss2026-09-05 11:13:13,546 yyyy-MM-dd HH:mm:ss2026-09-05 11:13:13,546 yyyy-MM-dd HH:mm:ss2026-09-05 11:13:13,928 yyyy-MM-dd HH:mm:ss2026-09-05 11:13:13,940 yyyy-MM-dd HH:mm:ss2026-09-05 11:13:13,940 yyyy-MM-dd HH:mm:ss2026-09-05 11:13:13,940 yyyy-MM-dd HH:mm:ss2026-09-05 11:13:14,008 yyyy-MM-dd HH:mm:ss2026-09-05 11:13:14,012 yyyy-MM-dd HH:mm:ss2026-09-05 11:13:14,093 yyyy-MM-dd HH:mm:ss2026-09-05 11:13:14,094 yyyy-MM-dd HH:mm:ss2026-09-05 11:13:14,094 yyyy-MM-dd HH:mm:ss2026-09-05 11:13:14,107 yyyy-MM-dd HH:mm:ss2026-09-05 11:13:14,108 yyyy-MM-dd HH:mm:ss2026-09-05 11:13:14,108 yyyy-MM-dd HH:mm:ss2026-09-05 11:13:14,108 yyyy-MM-dd HH:mm:ss2026-09-05 11:13:14,516 yyyy-MM-dd HH:mm:ss2026-09-05 11:13:14,546 yyyy-MM-dd HH:mm:ss2026-09-05 11:13:14,547 yyyy-MM-dd HH:mm:ss2026-09-05 11:13:14,548 yyyy-MM-dd HH:mm:ss2026-09-05 11:13:14,548 yyyy-MM-dd HH:mm:ss2026-09-05 11:13:14,548 yyyy-MM-dd HH:mm:ss2026-09-05 11:13:19,170 yyyy-MM-dd HH:mm:ss2026-09-05 11:13:19,171 yyyy-MM-dd HH:mm:ss2026-09-05 11:13:19,177 yyyy-MM-dd HH:mm:ss2026-09-05 11:13:19,179 yyyy-MM-dd HH:mm:ss2026-09-05 11:13:19,198 yyyy-MM-dd HH:mm:ss2026-09-05 11:13:19,199 yyyy-MM-dd HH:mm:ss2026-09-05 11:13:19,199 yyyy-MM-dd HH:mm:ss2026-09-05 11:13:19,203 yyyy-MM-dd HH:mm:ss2026-09-05 11:13:19,203 yyyy-MM-dd HH:mm:ss2026-09-05 11:13:19,204 yyyy-MM-dd HH:mm:ss2026-09-05 11:13:19,204 yyyy-MM-dd HH:mm:ss2026-09-05 11:13:19,204 yyyy-MM-dd HH:mm:ss2026-09-05 11:13:19,214 yyyy-MM-dd HH:mm:ss2026-09-05 11:13:19,214 yyyy-MM-dd HH:mm:ss2026-09-05 11:13:19,221 yyyy-MM-dd HH:mm:ss2026-09-05 11:13:19,221 yyyy-MM-dd HH:mm:ss2026-09-05 11:13:25,034 yyyy-MM-dd HH:mm:ss2026-09-05 11:13:25,045 yyyy-MM-dd HH:mm:ss2026-09-05 11:13:25,046 yyyy-MM-dd HH:mm:ss2026-09-05 11:13:25,050 yyyy-MM-dd HH:mm:ss2026-09-05 11:13:25,234 yyyy-MM-dd HH:mm:ss2026-09-05 11:13:25,234 yyyy-MM-dd HH:mm:ss2026-09-05 11:13:25,234 yyyy-MM-dd HH:mm:ss2026-09-05 11:13:25,235 yyyy-MM-dd HH:mm:ss2026-09-05 11:13:25,235 yyyy-MM-dd HH:mm:ss2026-09-05 11:13:25,237 yyyy-MM-dd HH:mm:ss2026-09-05 11:13:25,298 yyyy-MM-dd HH:mm:ss2026-09-05 11:13:25,341 yyyy-MM-dd HH:mm:ss2026-09-05 11:13:25,690 yyyy-MM-dd HH:mm:ss2026-09-05 11:13:25,707 yyyy-MM-dd HH:mm:ss2026-09-05 11:13:25,750 yyyy-MM-dd HH:mm:ss2026-09-05 11:13:25,754 yyyy-MM-dd HH:mm:ss2026-09-05 11:13:25,795 yyyy-MM-dd HH:mm:ss2026-09-05 11:13:25,814 yyyy-MM-dd HH:mm:ss2026-09-05 11:13:25,859 yyyy-MM-dd HH:mm:ss2026-09-05 11:13:25,861 yyyy-MM-dd HH:mm:ss2026-09-05 11:13:26,806 yyyy-MM-dd HH:mm:ss2026-09-05 11:13:26,808 yyyy-MM-dd HH:mm:ss2026-09-05 11:13:26,833 yyyy-MM-dd HH:mm:ss2026-09-05 11:13:26,836 yyyy-MM-dd HH:mm:ss2026-09-05 11:13:26,838 yyyy-MM-dd HH:mm:ss2026-09-05 11:13:26,839 yyyy-MM-dd HH:mm:ss2026-09-05 11:13:26,858 yyyy-MM-dd HH:mm:ss2026-09-05 11:13:26,860 yyyy-MM-dd HH:mm:ss2026-09-05 11:13:26,995 yyyy-MM-dd HH:mm:ss2026-09-05 11:13:27,373 yyyy-MM-dd HH:mm:ss2026-09-05 11:13:27,388 yyyy-MM-dd HH:mm:ss2026-09-05 11:13:27,389 yyyy-MM-dd HH:mm:ss2026-09-05 11:13:27,389 yyyy-MM-dd HH:mm:ss2026-09-05 11:13:27,391 yyyy-MM-dd HH:mm:ss2026-09-05 11:13:27,392 yyyy-MM-dd HH:mm:ss2026-09-05 11:13:29,558 yyyy-MM-dd HH:mm:ss2026-09-05 11:13:29,614 yyyy-MM-dd HH:mm:ss2026-09-05 11:13:29,645 yyyy-MM-dd HH:mm:ss2026-09-05 11:13:29,650 yyyy-MM-dd HH:mm:ss2026-09-05 11:13:29,761 yyyy-MM-dd HH:mm:ss2026-09-05 11:13:29,859 yyyy-MM-dd HH:mm:ss2026-09-05 11:13:29,860 yyyy-MM-dd HH:mm:ss2026-09-05 11:13:29,860 yyyy-MM-dd HH:mm:ss2026-09-05 11:13:29,898 yyyy-MM-dd HH:mm:ss2026-09-05 11:13:31,092 yyyy-MM-dd HH:mm:ss2026-09-05 11:13:31,107 yyyy-MM-dd HH:mm:ss2026-09-05 11:13:31,108 yyyy-MM-dd HH:mm:ss2026-09-05 11:13:31,291 yyyy-MM-dd HH:mm:ss2026-09-05 11:13:31,294 yyyy-MM-dd HH:mm:ss2026-09-05 11:13:31,295 yyyy-MM-dd HH:mm:ss2026-09-05 11:13:31,298 yyyy-MM-dd HH:mm:ss2026-09-05 11:13:31,308 yyyy-MM-dd HH:mm:ss2026-09-05 11:13:31,309 yyyy-MM-dd HH:mm:ss2026-09-05 11:13:31,329 yyyy-MM-dd HH:mm:ss2026-09-05 11:13:31,333 yyyy-MM-dd HH:mm:ss2026-09-05 11:13:31,348 yyyy-MM-dd HH:mm:ss2026-09-05 11:13:31,350 yyyy-MM-dd HH:mm:ss2026-09-05 11:13:31,351 yyyy-MM-dd HH:mm:ss2026-09-05 11:13:31,359 yyyy-MM-dd HH:mm:ss2026-09-05 11:13:31,375 yyyy-MM-dd HH:mm:ss2026-09-05 11:13:31,379 yyyy-MM-dd HH:mm:ss2026-09-05 11:13:31,415 yyyy-MM-dd HH:mm:ss2026-09-05 11:13:31,447 yyyy-MM-dd HH:mm:ss2026-09-05 11:13:31,481 yyyy-MM-dd HH:mm:ss2026-09-05 11:13:31,526 yyyy-MM-dd HH:mm:ss2026-09-05 11:13:31,527 yyyy-MM-dd HH:mm:ss2026-09-05 11:13:31,540 yyyy-MM-dd HH:mm:ss2026-09-05 11:13:31,548 yyyy-MM-dd HH:mm:ss2026-09-05 11:13:31,549 yyyy-MM-dd HH:mm:ss2026-09-05 11:13:31,591 yyyy-MM-dd HH:mm:ss2026-09-05 11:13:31,595 yyyy-MM-dd HH:mm:ss2026-09-05 11:13:31,596 yyyy-MM-dd HH:mm:ss2026-09-05 11:13:31,877 yyyy-MM-dd HH:mm:ss2026-09-05 11:13:31,880 yyyy-MM-dd HH:mm:ss2026-09-05 11:13:31,886 yyyy-MM-dd HH:mm:ss2026-09-05 11:13:31,891 yyyy-MM-dd HH:mm:ss2026-09-05 11:13:31,901 yyyy-MM-dd HH:mm:ss2026-09-05 11:13:31,901 yyyy-MM-dd HH:mm:ss2026-09-05 11:13:31,919 yyyy-MM-dd HH:mm:ss2026-09-05 11:13:31,920 yyyy-MM-dd HH:mm:ss2026-09-05 11:13:31,930 yyyy-MM-dd HH:mm:ss2026-09-05 11:13:31,948 yyyy-MM-dd HH:mm:ss2026-09-05 11:13:31,951 yyyy-MM-dd HH:mm:ss2026-09-05 11:13:31,996 yyyy-MM-dd HH:mm:ss2026-09-05 11:13:31,999 yyyy-MM-dd HH:mm:ss2026-09-05 11:13:32,006 yyyy-MM-dd HH:mm:ss2026-09-05 11:13:32,007 yyyy-MM-dd HH:mm:ss2026-09-05 11:13:32,012 yyyy-MM-dd HH:mm:ss2026-09-05 11:13:32,012 yyyy-MM-dd HH:mm:ss2026-09-05 11:13:32,015 yyyy-MM-dd HH:mm:ss2026-09-05 11:13:32,022 yyyy-MM-dd HH:mm:ss2026-09-05 11:13:32,080 yyyy-MM-dd HH:mm:ss2026-09-05 11:13:32,155 yyyy-MM-dd HH:mm:ss2026-09-05 11:13:32,156 yyyy-MM-dd HH:mm:ss2026-09-05 11:13:32,164 yyyy-MM-dd HH:mm:ss2026-09-05 11:13:32,218 yyyy-MM-dd HH:mm:ss2026-09-05 11:13:32,225 yyyy-MM-dd HH:mm:ss2026-09-05 11:13:32,226 yyyy-MM-dd HH:mm:ss2026-09-05 11:13:32,229 yyyy-MM-dd HH:mm:ss2026-09-05 11:13:32,246 yyyy-MM-dd HH:mm:ss2026-09-05 11:13:32,246 yyyy-MM-dd HH:mm:ss2026-09-05 11:13:32,257 yyyy-MM-dd HH:mm:ss2026-09-05 11:13:32,257 yyyy-MM-dd HH:mm:ss2026-09-05 11:13:32,262 yyyy-MM-dd HH:mm:ss2026-09-05 11:13:32,291 yyyy-MM-dd HH:mm:ss2026-09-05 11:13:32,291 yyyy-MM-dd HH:mm:ss2026-09-05 11:13:32,295 yyyy-MM-dd HH:mm:ss2026-09-05 11:13:32,298 yyyy-MM-dd HH:mm:ss2026-09-05 11:13:32,305 yyyy-MM-dd HH:mm:ss2026-09-05 11:13:32,375 yyyy-MM-dd HH:mm:ss2026-09-05 11:13:32,375 yyyy-MM-dd HH:mm:ss2026-09-05 11:13:32,375 yyyy-MM-dd HH:mm:ss2026-09-05 11:13:32,375 yyyy-MM-dd HH:mm:ss2026-09-05 11:13:32,393 yyyy-MM-dd HH:mm:ss2026-09-05 11:13:32,397 yyyy-MM-dd HH:mm:ss2026-09-05 11:13:32,539 yyyy-MM-dd HH:mm:ss2026-09-05 11:13:32,539 yyyy-MM-dd HH:mm:ss2026-09-05 11:13:32,541 yyyy-MM-dd HH:mm:ss2026-09-05 11:13:32,556 yyyy-MM-dd HH:mm:ss2026-09-05 11:13:32,557 yyyy-MM-dd HH:mm:ss2026-09-05 11:13:32,559 yyyy-MM-dd HH:mm:ss2026-09-05 11:13:32,559 yyyy-MM-dd HH:mm:ss2026-09-05 11:13:32,562 yyyy-MM-dd HH:mm:ss2026-09-05 11:13:32,584 yyyy-MM-dd HH:mm:ss2026-09-05 11:13:32,624 yyyy-MM-dd HH:mm:ss2026-09-05 11:13:32,624 yyyy-MM-dd HH:mm:ss2026-09-05 11:13:32,638 yyyy-MM-dd HH:mm:ss2026-09-05 11:13:32,639 yyyy-MM-dd HH:mm:ss2026-09-05 11:13:32,640 yyyy-MM-dd HH:mm:ss2026-09-05 11:13:32,650 yyyy-MM-dd HH:mm:ss2026-09-05 11:13:32,675 yyyy-MM-dd HH:mm:ss2026-09-05 11:13:33,115 yyyy-MM-dd HH:mm:ss2026-09-05 11:13:33,116 yyyy-MM-dd HH:mm:ss2026-09-05 11:13:33,117 yyyy-MM-dd HH:mm:ss2026-09-05 11:13:33,387 yyyy-MM-dd HH:mm:ss2026-09-05 11:13:33,429 yyyy-MM-dd HH:mm:ss2026-09-05 11:13:33,440 yyyy-MM-dd HH:mm:ss2026-09-05 11:13:33,440 yyyy-MM-dd HH:mm:ss2026-09-05 11:13:33,701 yyyy-MM-dd HH:mm:ss2026-09-05 11:13:33,705 yyyy-MM-dd HH:mm:ss2026-09-05 11:13:33,715 yyyy-MM-dd HH:mm:ss2026-09-05 11:13:33,716 yyyy-MM-dd HH:mm:ss2026-09-05 11:13:33,719 yyyy-MM-dd HH:mm:ss2026-09-05 11:13:33,719 yyyy-MM-dd HH:mm:ss2026-09-05 11:13:33,729 yyyy-MM-dd HH:mm:ss2026-09-05 11:13:33,731 yyyy-MM-dd HH:mm:ss2026-09-05 11:13:33,738 yyyy-MM-dd HH:mm:ss2026-09-05 11:13:33,749 yyyy-MM-dd HH:mm:ss2026-09-05 11:13:33,751 yyyy-MM-dd HH:mm:ss2026-09-05 11:13:33,758 yyyy-MM-dd HH:mm:ss2026-09-05 11:13:33,759 yyyy-MM-dd HH:mm:ss2026-09-05 11:13:33,762 yyyy-MM-dd HH:mm:ss2026-09-05 11:13:33,770 yyyy-MM-dd HH:mm:ss2026-09-05 11:13:33,770 yyyy-MM-dd HH:mm:ss2026-09-05 11:13:33,775 yyyy-MM-dd HH:mm:ss2026-09-05 11:13:33,776 yyyy-MM-dd HH:mm:ss2026-09-05 11:13:33,778 yyyy-MM-dd HH:mm:ss2026-09-05 11:13:33,779 yyyy-MM-dd HH:mm:ss2026-09-05 11:13:33,782 yyyy-MM-dd HH:mm:ss2026-09-05 11:13:33,791 yyyy-MM-dd HH:mm:ss2026-09-05 11:13:33,792 yyyy-MM-dd HH:mm:ss2026-09-05 11:13:33,811 yyyy-MM-dd HH:mm:ss2026-09-05 11:13:33,858 yyyy-MM-dd HH:mm:ss2026-09-05 11:13:33,859 yyyy-MM-dd HH:mm:ss2026-09-05 11:13:33,866 yyyy-MM-dd HH:mm:ss2026-09-05 11:13:33,867 yyyy-MM-dd HH:mm:ss2026-09-05 11:13:33,874 yyyy-MM-dd HH:mm:ss2026-09-05 11:13:33,875 yyyy-MM-dd HH:mm:ss2026-09-05 11:13:33,906 yyyy-MM-dd HH:mm:ss2026-09-05 11:13:33,906 yyyy-MM-dd HH:mm:ss2026-09-05 11:13:33,936 yyyy-MM-dd HH:mm:ss2026-09-05 11:13:33,936 yyyy-MM-dd HH:mm:ss2026-09-05 11:13:33,939 yyyy-MM-dd HH:mm:ss2026-09-05 11:13:33,949 yyyy-MM-dd HH:mm:ss2026-09-05 11:13:33,949 yyyy-MM-dd HH:mm:ss2026-09-05 11:13:33,952 yyyy-MM-dd HH:mm:ss2026-09-05 11:13:33,957 yyyy-MM-dd HH:mm:ss2026-09-05 11:13:33,958 yyyy-MM-dd HH:mm:ss2026-09-05 11:13:33,971 yyyy-MM-dd HH:mm:ss2026-09-05 11:13:33,971 yyyy-MM-dd HH:mm:ss2026-09-05 11:13:33,977 yyyy-MM-dd HH:mm:ss2026-09-05 11:13:33,978 yyyy-MM-dd HH:mm:ss2026-09-05 11:13:33,979 yyyy-MM-dd HH:mm:ss2026-09-05 11:13:34,026 yyyy-MM-dd HH:mm:ss2026-09-05 11:13:34,026 yyyy-MM-dd HH:mm:ss2026-09-05 11:13:34,027 yyyy-MM-dd HH:mm:ss2026-09-05 11:13:34,038 yyyy-MM-dd HH:mm:ss2026-09-05 11:13:34,038 yyyy-MM-dd HH:mm:ss2026-09-05 11:13:34,038 yyyy-MM-dd HH:mm:ss2026-09-05 11:13:34,038 yyyy-MM-dd HH:mm:ss2026-09-05 11:13:34,131 yyyy-MM-dd HH:mm:ss2026-09-05 11:13:34,164 yyyy-MM-dd HH:mm:ss2026-09-05 11:13:34,171 yyyy-MM-dd HH:mm:ss2026-09-05 11:13:34,247 yyyy-MM-dd HH:mm:ss2026-09-05 11:13:34,248 yyyy-MM-dd HH:mm:ss2026-09-05 11:13:34,267 yyyy-MM-dd HH:mm:ss2026-09-05 11:13:34,276 yyyy-MM-dd HH:mm:ss2026-09-05 11:13:34,337 yyyy-MM-dd HH:mm:ss2026-09-05 11:13:34,338 yyyy-MM-dd HH:mm:ss2026-09-05 11:13:34,488 yyyy-MM-dd HH:mm:ss2026-09-05 11:13:34,511 yyyy-MM-dd HH:mm:ss2026-09-05 11:13:34,513 yyyy-MM-dd HH:mm:ss2026-09-05 11:13:34,513 yyyy-MM-dd HH:mm:ss2026-09-05 11:13:34,566 yyyy-MM-dd HH:mm:ss2026-09-05 11:13:34,567 yyyy-MM-dd HH:mm:ss2026-09-05 11:13:34,577 yyyy-MM-dd HH:mm:ss2026-09-05 11:13:34,578 yyyy-MM-dd HH:mm:ss2026-09-05 11:13:34,585 yyyy-MM-dd HH:mm:ss2026-09-05 11:13:34,592 yyyy-MM-dd HH:mm:ss2026-09-05 11:13:34,608 yyyy-MM-dd HH:mm:ss2026-09-05 11:13:34,631 yyyy-MM-dd HH:mm:ss2026-09-05 11:13:34,647 yyyy-MM-dd HH:mm:ss2026-09-05 11:13:34,648 yyyy-MM-dd HH:mm:ss2026-09-05 11:13:34,649 yyyy-MM-dd HH:mm:ss2026-09-05 11:13:34,650 yyyy-MM-dd HH:mm:ss2026-09-05 11:13:34,659 yyyy-MM-dd HH:mm:ss2026-09-05 11:13:34,694 yyyy-MM-dd HH:mm:ss2026-09-05 11:13:34,695 yyyy-MM-dd HH:mm:ss2026-09-05 11:13:34,698 yyyy-MM-dd HH:mm:ss2026-09-05 11:13:34,700 yyyy-MM-dd HH:mm:ss2026-09-05 11:13:34,700 yyyy-MM-dd HH:mm:ss2026-09-05 11:13:34,700 yyyy-MM-dd HH:mm:ss2026-09-05 11:13:34,730 yyyy-MM-dd HH:mm:ss2026-09-05 11:13:34,839 yyyy-MM-dd HH:mm:ss2026-09-05 11:13:34,840 yyyy-MM-dd HH:mm:ss2026-09-05 11:13:34,842 yyyy-MM-dd HH:mm:ss2026-09-05 11:13:34,843 yyyy-MM-dd HH:mm:ss2026-09-05 11:13:34,848 yyyy-MM-dd HH:mm:ss2026-09-05 11:13:34,861 yyyy-MM-dd HH:mm:ss2026-09-05 11:13:34,861 yyyy-MM-dd HH:mm:ss2026-09-05 11:13:34,983 yyyy-MM-dd HH:mm:ss2026-09-05 11:13:34,987 yyyy-MM-dd HH:mm:ss2026-09-05 11:13:34,988 yyyy-MM-dd HH:mm:ss2026-09-05 11:13:35,007 yyyy-MM-dd HH:mm:ss2026-09-05 11:13:35,029 yyyy-MM-dd HH:mm:ss2026-09-05 11:13:35,040 yyyy-MM-dd HH:mm:ss2026-09-05 11:13:35,040 yyyy-MM-dd HH:mm:ss2026-09-05 11:13:35,040 yyyy-MM-dd HH:mm:ss2026-09-05 11:13:35,054 yyyy-MM-dd HH:mm:ss2026-09-05 11:13:35,054 yyyy-MM-dd HH:mm:ss2026-09-05 11:13:35,074 yyyy-MM-dd HH:mm:ss2026-09-05 11:13:35,077 yyyy-MM-dd HH:mm:ss2026-09-05 11:13:35,191 yyyy-MM-dd HH:mm:ss2026-09-05 11:13:35,191 yyyy-MM-dd HH:mm:ss2026-09-05 11:13:35,205 yyyy-MM-dd HH:mm:ss2026-09-05 11:13:35,210 yyyy-MM-dd HH:mm:ss2026-09-05 11:13:35,210 yyyy-MM-dd HH:mm:ss2026-09-05 11:13:35,260 yyyy-MM-dd HH:mm:ss2026-09-05 11:13:35,260 yyyy-MM-dd HH:mm:ss2026-09-05 11:13:35,387 yyyy-MM-dd HH:mm:ss2026-09-05 11:13:35,417 yyyy-MM-dd HH:mm:ss2026-09-05 11:13:35,585 yyyy-MM-dd HH:mm:ss2026-09-05 11:13:35,589 yyyy-MM-dd HH:mm:ss2026-09-05 11:13:35,610 yyyy-MM-dd HH:mm:ss2026-09-05 11:13:35,733 yyyy-MM-dd HH:mm:ss2026-09-05 11:13:35,739 yyyy-MM-dd HH:mm:ss2026-09-05 11:13:35,842 yyyy-MM-dd HH:mm:ss2026-09-05 11:13:35,849 yyyy-MM-dd HH:mm:ss2026-09-05 11:13:35,850 yyyy-MM-dd HH:mm:ss2026-09-05 11:13:36,729 yyyy-MM-dd HH:mm:ss2026-09-05 11:13:37,381 yyyy-MM-dd HH:mm:ss2026-09-05 11:13:37,497 yyyy-MM-dd HH:mm:ss2026-09-05 11:13:37,501 yyyy-MM-dd HH:mm:ss2026-09-05 11:13:37,501 yyyy-MM-dd HH:mm:ss2026-09-05 11:13:37,504 yyyy-MM-dd HH:mm:ss2026-09-05 11:13:37,505 yyyy-MM-dd HH:mm:ss2026-09-05 11:13:37,505 yyyy-MM-dd HH:mm:ss2026-09-05 11:13:37,507 yyyy-MM-dd HH:mm:ss2026-09-05 11:13:37,507 yyyy-MM-dd HH:mm:ss2026-09-05 11:13:37,507 yyyy-MM-dd HH:mm:ss2026-09-05 11:13:37,507 yyyy-MM-dd HH:mm:ss2026-09-05 11:13:37,508 yyyy-MM-dd HH:mm:ss2026-09-05 11:13:37,508 yyyy-MM-dd HH:mm:ss2026-09-05 11:13:37,508 yyyy-MM-dd HH:mm:ss2026-09-05 11:13:37,508 yyyy-MM-dd HH:mm:ss2026-09-05 11:13:37,509 yyyy-MM-dd HH:mm:ss2026-09-05 11:13:37,510 yyyy-MM-dd HH:mm:ss2026-09-05 11:13:37,510 yyyy-MM-dd HH:mm:ss2026-09-05 11:13:37,511 yyyy-MM-dd HH:mm:ss2026-09-05 11:13:37,511 yyyy-MM-dd HH:mm:ss2026-09-05 11:13:37,511 yyyy-MM-dd HH:mm:ss2026-09-05 11:13:37,511 yyyy-MM-dd HH:mm:ss2026-09-05 11:13:37,511 yyyy-MM-dd HH:mm:ss2026-09-05 11:13:37,511 yyyy-MM-dd HH:mm:ss2026-09-05 11:13:37,512 yyyy-MM-dd HH:mm:ss2026-09-05 11:13:37,512 yyyy-MM-dd HH:mm:ss2026-09-05 11:13:37,513 yyyy-MM-dd HH:mm:ss2026-09-05 11:13:37,513 yyyy-MM-dd HH:mm:ss2026-09-05 11:13:37,514 yyyy-MM-dd HH:mm:ss2026-09-05 11:13:37,514 yyyy-MM-dd HH:mm:ss2026-09-05 11:13:37,514 yyyy-MM-dd HH:mm:ss2026-09-05 11:13:37,515 yyyy-MM-dd HH:mm:ss2026-09-05 11:13:37,515 yyyy-MM-dd HH:mm:ss2026-09-05 11:13:37,516 yyyy-MM-dd HH:mm:ss2026-09-05 11:13:37,516 yyyy-MM-dd HH:mm:ss2026-09-05 11:13:37,517 yyyy-MM-dd HH:mm:ss2026-09-05 11:13:37,517 yyyy-MM-dd HH:mm:ss2026-09-05 11:13:37,517 yyyy-MM-dd HH:mm:ss2026-09-05 11:13:37,518 yyyy-MM-dd HH:mm:ss2026-09-05 11:13:37,518 yyyy-MM-dd HH:mm:ss2026-09-05 11:13:37,519 yyyy-MM-dd HH:mm:ss2026-09-05 11:13:37,519 yyyy-MM-dd HH:mm:ss2026-09-05 11:13:37,573 yyyy-MM-dd HH:mm:ss2026-09-05 11:13:37,952 yyyy-MM-dd HH:mm:ss2026-09-05 11:13:37,955 yyyy-MM-dd HH:mm:ss2026-09-05 11:13:37,959 yyyy-MM-dd HH:mm:ss2026-09-05 11:13:37,969 yyyy-MM-dd HH:mm:ss2026-09-05 11:13:37,971 yyyy-MM-dd HH:mm:ss2026-09-05 11:13:38,072 yyyy-MM-dd HH:mm:ss2026-09-05 11:13:38,074 yyyy-MM-dd HH:mm:ss2026-09-05 11:13:38,081 yyyy-MM-dd HH:mm:ss2026-09-05 11:13:38,081 yyyy-MM-dd HH:mm:ss2026-09-05 11:13:38,102 yyyy-MM-dd HH:mm:ss2026-09-05 11:13:38,111 yyyy-MM-dd HH:mm:ss2026-09-05 11:13:38,117 yyyy-MM-dd HH:mm:ss2026-09-05 11:13:38,118 yyyy-MM-dd HH:mm:ss2026-09-05 11:13:38,129 yyyy-MM-dd HH:mm:ss2026-09-05 11:13:38,129 yyyy-MM-dd HH:mm:ss2026-09-05 11:13:38,132 yyyy-MM-dd HH:mm:ss2026-09-05 11:13:38,163 yyyy-MM-dd HH:mm:ss2026-09-05 11:13:38,166 yyyy-MM-dd HH:mm:ss2026-09-05 11:13:38,167 yyyy-MM-dd HH:mm:ss2026-09-05 11:13:38,194 yyyy-MM-dd HH:mm:ss2026-09-05 11:13:38,194 yyyy-MM-dd HH:mm:ss2026-09-05 11:13:38,226 yyyy-MM-dd HH:mm:ss2026-09-05 11:13:38,227 yyyy-MM-dd HH:mm:ss2026-09-05 11:13:38,236 yyyy-MM-dd HH:mm:ss2026-09-05 11:13:38,236 yyyy-MM-dd HH:mm:ss2026-09-05 11:13:38,273 yyyy-MM-dd HH:mm:ss2026-09-05 11:13:38,274 yyyy-MM-dd HH:mm:ss2026-09-05 11:13:38,284 yyyy-MM-dd HH:mm:ss2026-09-05 11:13:38,284 yyyy-MM-dd HH:mm:ss2026-09-05 11:13:38,319 yyyy-MM-dd HH:mm:ss2026-09-05 11:13:38,319 yyyy-MM-dd HH:mm:ss2026-09-05 11:13:38,329 yyyy-MM-dd HH:mm:ss2026-09-05 11:13:38,329 yyyy-MM-dd HH:mm:ss2026-09-05 11:13:38,366 yyyy-MM-dd HH:mm:ss2026-09-05 11:13:38,366 yyyy-MM-dd HH:mm:ss2026-09-05 11:13:38,429 yyyy-MM-dd HH:mm:ss2026-09-05 11:13:38,429 yyyy-MM-dd HH:mm:ss2026-09-05 11:13:38,479 yyyy-MM-dd HH:mm:ss2026-09-05 11:13:38,499 yyyy-MM-dd HH:mm:ss2026-09-05 11:13:38,519 yyyy-MM-dd HH:mm:ss2026-09-05 11:13:38,519 yyyy-MM-dd HH:mm:ss2026-09-05 11:13:38,552 yyyy-MM-dd HH:mm:ss2026-09-05 11:13:38,552 yyyy-MM-dd HH:mm:ss2026-09-05 11:13:38,576 yyyy-MM-dd HH:mm:ss2026-09-05 11:13:38,576 yyyy-MM-dd HH:mm:ss2026-09-05 11:13:38,615 yyyy-MM-dd HH:mm:ss2026-09-05 11:13:38,615 yyyy-MM-dd HH:mm:ss2026-09-05 11:13:38,898 yyyy-MM-dd HH:mm:ss2026-09-05 11:13:38,909 yyyy-MM-dd HH:mm:ss2026-09-05 11:13:38,912 yyyy-MM-dd HH:mm:ss2026-09-05 11:13:39,061 yyyy-MM-dd HH:mm:ss2026-09-05 11:13:39,061 yyyy-MM-dd HH:mm:ss2026-09-05 11:13:39,063 yyyy-MM-dd HH:mm:ss2026-09-05 11:13:39,338 yyyy-MM-dd HH:mm:ss2026-09-05 11:13:39,381 yyyy-MM-dd HH:mm:ss2026-09-05 11:13:39,382 yyyy-MM-dd HH:mm:ss2026-09-05 11:13:39,382 yyyy-MM-dd HH:mm:ss2026-09-05 11:13:39,383 yyyy-MM-dd HH:mm:ss2026-09-05 11:13:39,383 yyyy-MM-dd HH:mm:ss2026-09-05 11:13:39,384 yyyy-MM-dd HH:mm:ss2026-09-05 11:13:39,386 yyyy-MM-dd HH:mm:ss2026-09-05 11:13:39,389 yyyy-MM-dd HH:mm:ss2026-09-05 11:13:39,394 yyyy-MM-dd HH:mm:ss2026-09-05 11:13:39,394 yyyy-MM-dd HH:mm:ss2026-09-05 11:13:39,395 yyyy-MM-dd HH:mm:ss2026-09-05 11:13:39,395 yyyy-MM-dd HH:mm:ss2026-09-05 11:13:39,395 yyyy-MM-dd HH:mm:ss2026-09-05 11:13:39,834 yyyy-MM-dd HH:mm:ss2026-09-05 11:13:40,789 yyyy-MM-dd HH:mm:ss2026-09-05 11:13:41,235 yyyy-MM-dd HH:mm:ss2026-09-05 11:13:41,253 yyyy-MM-dd HH:mm:ss2026-09-05 11:13:41,299 yyyy-MM-dd HH:mm:ss2026-09-05 11:13:41,347 yyyy-MM-dd HH:mm:ss2026-09-05 11:13:41,381 yyyy-MM-dd HH:mm:ss2026-09-05 11:13:41,412 yyyy-MM-dd HH:mm:ss2026-09-05 11:13:41,448 yyyy-MM-dd HH:mm:ss2026-09-05 11:13:41,490 yyyy-MM-dd HH:mm:ss2026-09-05 11:13:41,552 yyyy-MM-dd HH:mm:ss2026-09-05 11:13:41,624 yyyy-MM-dd HH:mm:ss2026-09-05 11:13:41,720 yyyy-MM-dd HH:mm:ss2026-09-05 11:13:41,720 yyyy-MM-dd HH:mm:ss2026-09-05 11:13:41,782 yyyy-MM-dd HH:mm:ss2026-09-05 11:13:41,784 yyyy-MM-dd HH:mm:ss2026-09-05 11:13:41,793 yyyy-MM-dd HH:mm:ss2026-09-05 11:13:41,819 yyyy-MM-dd HH:mm:ss2026-09-05 11:13:41,819 yyyy-MM-dd HH:mm:ss2026-09-05 11:13:41,830 yyyy-MM-dd HH:mm:ss2026-09-05 11:13:42,622 yyyy-MM-dd HH:mm:ss2026-09-05 11:13:42,626 yyyy-MM-dd HH:mm:ss2026-09-05 11:13:42,634 yyyy-MM-dd HH:mm:ss2026-09-05 11:13:42,655 yyyy-MM-dd HH:mm:ss2026-09-05 11:13:42,687 yyyy-MM-dd HH:mm:ss2026-09-05 11:13:42,689 yyyy-MM-dd HH:mm:ss2026-09-05 11:13:42,715 yyyy-MM-dd HH:mm:ss2026-09-05 11:13:42,726 yyyy-MM-dd HH:mm:ss2026-09-05 11:13:42,740 yyyy-MM-dd HH:mm:ss2026-09-05 11:13:42,799 yyyy-MM-dd HH:mm:ss2026-09-05 11:13:42,805 yyyy-MM-dd HH:mm:ss2026-09-05 11:13:42,934 yyyy-MM-dd HH:mm:ss2026-09-05 11:13:43,023 yyyy-MM-dd HH:mm:ss2026-09-05 11:13:43,065 yyyy-MM-dd HH:mm:ss2026-09-05 11:13:43,065 yyyy-MM-dd HH:mm:ss2026-09-05 11:13:43,067 yyyy-MM-dd HH:mm:ss2026-09-05 11:13:43,072 yyyy-MM-dd HH:mm:ss2026-09-05 11:13:43,075 yyyy-MM-dd HH:mm:ss2026-09-05 11:13:43,079 yyyy-MM-dd HH:mm:ss2026-09-05 11:13:43,191 yyyy-MM-dd HH:mm:ss2026-09-05 11:13:43,408 yyyy-MM-dd HH:mm:ss2026-09-05 11:13:43,522 yyyy-MM-dd HH:mm:ss2026-09-05 11:13:43,534 yyyy-MM-dd HH:mm:ss2026-09-05 11:13:43,600 yyyy-MM-dd HH:mm:ss2026-09-05 11:13:43,601 yyyy-MM-dd HH:mm:ss2026-09-05 11:13:43,602 yyyy-MM-dd HH:mm:ss2026-09-05 11:13:43,605 yyyy-MM-dd HH:mm:ss2026-09-05 11:13:43,607 yyyy-MM-dd HH:mm:ss2026-09-05 11:13:43,656 yyyy-MM-dd HH:mm:ss2026-09-05 11:13:43,664 yyyy-MM-dd HH:mm:ss2026-09-05 11:13:43,666 yyyy-MM-dd HH:mm:ss2026-09-05 11:13:43,668 yyyy-MM-dd HH:mm:ss2026-09-05 11:13:43,669 yyyy-MM-dd HH:mm:ss2026-09-05 11:13:43,672 yyyy-MM-dd HH:mm:ss2026-09-05 11:13:43,673 yyyy-MM-dd HH:mm:ss2026-09-05 11:13:43,680 yyyy-MM-dd HH:mm:ss2026-09-05 11:13:43,681 yyyy-MM-dd HH:mm:ss2026-09-05 11:13:43,682 yyyy-MM-dd HH:mm:ss2026-09-05 11:13:43,684 yyyy-MM-dd HH:mm:ss2026-09-05 11:13:43,684 yyyy-MM-dd HH:mm:ss2026-09-05 11:13:43,685 yyyy-MM-dd HH:mm:ss2026-09-05 11:13:43,686 yyyy-MM-dd HH:mm:ss2026-09-05 11:13:43,686 yyyy-MM-dd HH:mm:ss2026-09-05 11:13:43,693 yyyy-MM-dd HH:mm:ss2026-09-05 11:13:43,695 yyyy-MM-dd HH:mm:ss2026-09-05 11:13:43,696 yyyy-MM-dd HH:mm:ss2026-09-05 11:13:43,698 yyyy-MM-dd HH:mm:ss2026-09-05 11:13:43,698 yyyy-MM-dd HH:mm:ss2026-09-05 11:13:43,699 yyyy-MM-dd HH:mm:ss2026-09-05 11:13:43,699 yyyy-MM-dd HH:mm:ss2026-09-05 11:13:43,699 yyyy-MM-dd HH:mm:ss2026-09-05 11:13:43,699 yyyy-MM-dd HH:mm:ss2026-09-05 11:13:43,699 yyyy-MM-dd HH:mm:ss2026-09-05 11:13:43,701 yyyy-MM-dd HH:mm:ss2026-09-05 11:13:43,702 yyyy-MM-dd HH:mm:ss2026-09-05 11:13:43,702 yyyy-MM-dd HH:mm:ss2026-09-05 11:13:43,702 yyyy-MM-dd HH:mm:ss2026-09-05 11:13:43,703 yyyy-MM-dd HH:mm:ss2026-09-05 11:13:43,703 yyyy-MM-dd HH:mm:ss2026-09-05 11:13:43,705 yyyy-MM-dd HH:mm:ss2026-09-05 11:13:43,707 yyyy-MM-dd HH:mm:ss2026-09-05 11:13:43,707 yyyy-MM-dd HH:mm:ss2026-09-05 11:13:43,710 yyyy-MM-dd HH:mm:ss2026-09-05 11:13:43,713 yyyy-MM-dd HH:mm:ss2026-09-05 11:13:43,713 yyyy-MM-dd HH:mm:ss2026-09-05 11:13:43,715 yyyy-MM-dd HH:mm:ss2026-09-05 11:13:43,719 yyyy-MM-dd HH:mm:ss2026-09-05 11:13:43,722 yyyy-MM-dd HH:mm:ss2026-09-05 11:13:43,723 yyyy-MM-dd HH:mm:ss2026-09-05 11:13:43,728 yyyy-MM-dd HH:mm:ss2026-09-05 11:13:43,732 yyyy-MM-dd HH:mm:ss2026-09-05 11:13:43,732 yyyy-MM-dd HH:mm:ss2026-09-05 11:13:43,732 yyyy-MM-dd HH:mm:ss2026-09-05 11:13:43,740 yyyy-MM-dd HH:mm:ss2026-09-05 11:13:43,743 yyyy-MM-dd HH:mm:ss2026-09-05 11:13:43,743 yyyy-MM-dd HH:mm:ss2026-09-05 11:13:43,743 yyyy-MM-dd HH:mm:ss2026-09-05 11:13:43,746 yyyy-MM-dd HH:mm:ss2026-09-05 11:13:43,746 yyyy-MM-dd HH:mm:ss2026-09-05 11:13:43,747 yyyy-MM-dd HH:mm:ss2026-09-05 11:13:43,752 yyyy-MM-dd HH:mm:ss2026-09-05 11:13:43,752 yyyy-MM-dd HH:mm:ss2026-09-05 11:13:43,755 yyyy-MM-dd HH:mm:ss2026-09-05 11:13:43,779 yyyy-MM-dd HH:mm:ss2026-09-05 11:13:43,782 yyyy-MM-dd HH:mm:ss2026-09-05 11:13:43,788 yyyy-MM-dd HH:mm:ss2026-09-05 11:13:43,790 yyyy-MM-dd HH:mm:ss2026-09-05 11:13:43,815 yyyy-MM-dd HH:mm:ss2026-09-05 11:13:43,815 yyyy-MM-dd HH:mm:ss2026-09-05 11:13:43,879 yyyy-MM-dd HH:mm:ss2026-09-05 11:13:43,880 yyyy-MM-dd HH:mm:ss2026-09-05 11:13:43,895 yyyy-MM-dd HH:mm:ss2026-09-05 11:13:43,947 yyyy-MM-dd HH:mm:ss2026-09-05 11:13:43,947 yyyy-MM-dd HH:mm:ss2026-09-05 11:13:43,947 yyyy-MM-dd HH:mm:ss2026-09-05 11:13:43,947 yyyy-MM-dd HH:mm:ss2026-09-05 11:13:43,952 yyyy-MM-dd HH:mm:ss2026-09-05 11:13:43,953 yyyy-MM-dd HH:mm:ss2026-09-05 11:13:43,959 yyyy-MM-dd HH:mm:ss2026-09-05 11:13:43,959 yyyy-MM-dd HH:mm:ss2026-09-05 11:13:43,959 yyyy-MM-dd HH:mm:ss2026-09-05 11:13:43,959 yyyy-MM-dd HH:mm:ss2026-09-05 11:13:43,975 yyyy-MM-dd HH:mm:ss2026-09-05 11:13:43,976 yyyy-MM-dd HH:mm:ss2026-09-05 11:13:43,979 yyyy-MM-dd HH:mm:ss2026-09-05 11:13:43,980 yyyy-MM-dd HH:mm:ss2026-09-05 11:13:43,981 yyyy-MM-dd HH:mm:ss2026-09-05 11:13:43,981 yyyy-MM-dd HH:mm:ss2026-09-05 11:13:43,982 yyyy-MM-dd HH:mm:ss2026-09-05 11:13:43,986 yyyy-MM-dd HH:mm:ss2026-09-05 11:13:43,988 yyyy-MM-dd HH:mm:ss2026-09-05 11:13:43,988 yyyy-MM-dd HH:mm:ss2026-09-05 11:13:43,989 yyyy-MM-dd HH:mm:ss2026-09-05 11:13:43,991 yyyy-MM-dd HH:mm:ss2026-09-05 11:13:43,992 yyyy-MM-dd HH:mm:ss2026-09-05 11:13:43,993 yyyy-MM-dd HH:mm:ss2026-09-05 11:13:43,993 yyyy-MM-dd HH:mm:ss2026-09-05 11:13:43,995 yyyy-MM-dd HH:mm:ss2026-09-05 11:13:43,998 yyyy-MM-dd HH:mm:ss2026-09-05 11:13:43,999 yyyy-MM-dd HH:mm:ss2026-09-05 11:13:44,025 yyyy-MM-dd HH:mm:ss2026-09-05 11:13:44,029 yyyy-MM-dd HH:mm:ss2026-09-05 11:13:44,029 yyyy-MM-dd HH:mm:ss2026-09-05 11:13:44,029 yyyy-MM-dd HH:mm:ss2026-09-05 11:13:44,064 yyyy-MM-dd HH:mm:ss2026-09-05 11:13:44,066 yyyy-MM-dd HH:mm:ss2026-09-05 11:13:44,066 yyyy-MM-dd HH:mm:ss2026-09-05 11:13:44,066 yyyy-MM-dd HH:mm:ss2026-09-05 11:13:44,076 yyyy-MM-dd HH:mm:ss2026-09-05 11:13:44,079 yyyy-MM-dd HH:mm:ss2026-09-05 11:13:44,086 yyyy-MM-dd HH:mm:ss2026-09-05 11:13:44,089 yyyy-MM-dd HH:mm:ss2026-09-05 11:13:44,093 yyyy-MM-dd HH:mm:ss2026-09-05 11:13:44,095 yyyy-MM-dd HH:mm:ss2026-09-05 11:13:44,099 yyyy-MM-dd HH:mm:ss2026-09-05 11:13:44,099 yyyy-MM-dd HH:mm:ss2026-09-05 11:13:44,103 yyyy-MM-dd HH:mm:ss2026-09-05 11:13:44,105 yyyy-MM-dd HH:mm:ss2026-09-05 11:13:44,107 yyyy-MM-dd HH:mm:ss2026-09-05 11:13:44,108 yyyy-MM-dd HH:mm:ss2026-09-05 11:13:44,111 yyyy-MM-dd HH:mm:ss2026-09-05 11:13:44,111 yyyy-MM-dd HH:mm:ss2026-09-05 11:13:44,116 yyyy-MM-dd HH:mm:ss2026-09-05 11:13:44,116 yyyy-MM-dd HH:mm:ss2026-09-05 11:13:44,119 yyyy-MM-dd HH:mm:ss2026-09-05 11:13:44,119 yyyy-MM-dd HH:mm:ss2026-09-05 11:13:44,119 yyyy-MM-dd HH:mm:ss2026-09-05 11:13:44,129 yyyy-MM-dd HH:mm:ss2026-09-05 11:13:44,129 yyyy-MM-dd HH:mm:ss2026-09-05 11:13:44,135 yyyy-MM-dd HH:mm:ss2026-09-05 11:13:44,135 yyyy-MM-dd HH:mm:ss2026-09-05 11:13:44,138 yyyy-MM-dd HH:mm:ss2026-09-05 11:13:44,138 yyyy-MM-dd HH:mm:ss2026-09-05 11:13:44,139 yyyy-MM-dd HH:mm:ss2026-09-05 11:13:44,143 yyyy-MM-dd HH:mm:ss2026-09-05 11:13:44,163 yyyy-MM-dd HH:mm:ss2026-09-05 11:13:44,169 yyyy-MM-dd HH:mm:ss2026-09-05 11:13:44,169 yyyy-MM-dd HH:mm:ss2026-09-05 11:13:44,172 yyyy-MM-dd HH:mm:ss2026-09-05 11:13:44,173 yyyy-MM-dd HH:mm:ss2026-09-05 11:13:44,191 yyyy-MM-dd HH:mm:ss2026-09-05 11:13:44,191 yyyy-MM-dd HH:mm:ss2026-09-05 11:13:44,194 yyyy-MM-dd HH:mm:ss2026-09-05 11:13:44,202 yyyy-MM-dd HH:mm:ss2026-09-05 11:13:44,204 yyyy-MM-dd HH:mm:ss2026-09-05 11:13:44,206 yyyy-MM-dd HH:mm:ss2026-09-05 11:13:44,225 yyyy-MM-dd HH:mm:ss2026-09-05 11:13:44,225 yyyy-MM-dd HH:mm:ss2026-09-05 11:13:44,225 yyyy-MM-dd HH:mm:ss2026-09-05 11:13:44,244 yyyy-MM-dd HH:mm:ss2026-09-05 11:13:44,260 yyyy-MM-dd HH:mm:ss2026-09-05 11:13:44,260 yyyy-MM-dd HH:mm:ss2026-09-05 11:13:44,260 yyyy-MM-dd HH:mm:ss2026-09-05 11:13:44,280 yyyy-MM-dd HH:mm:ss2026-09-05 11:13:44,291 yyyy-MM-dd HH:mm:ss2026-09-05 11:13:44,291 yyyy-MM-dd HH:mm:ss2026-09-05 11:13:44,291 yyyy-MM-dd HH:mm:ss2026-09-05 11:13:44,291 yyyy-MM-dd HH:mm:ss2026-09-05 11:13:44,418 yyyy-MM-dd HH:mm:ss2026-09-05 11:13:44,445 yyyy-MM-dd HH:mm:ss2026-09-05 11:13:44,467 yyyy-MM-dd HH:mm:ss2026-09-05 11:13:44,533 yyyy-MM-dd HH:mm:ss2026-09-05 11:13:44,549 yyyy-MM-dd HH:mm:ss2026-09-05 11:13:44,552 yyyy-MM-dd HH:mm:ss2026-09-05 11:13:44,561 yyyy-MM-dd HH:mm:ss2026-09-05 11:13:44,576 yyyy-MM-dd HH:mm:ss2026-09-05 11:13:44,579 yyyy-MM-dd HH:mm:ss2026-09-05 11:13:44,581 yyyy-MM-dd HH:mm:ss2026-09-05 11:13:44,583 yyyy-MM-dd HH:mm:ss2026-09-05 11:13:44,587 yyyy-MM-dd HH:mm:ss2026-09-05 11:13:44,588 yyyy-MM-dd HH:mm:ss2026-09-05 11:13:44,594 yyyy-MM-dd HH:mm:ss2026-09-05 11:13:44,595 yyyy-MM-dd HH:mm:ss2026-09-05 11:13:44,595 yyyy-MM-dd HH:mm:ss2026-09-05 11:13:44,601 yyyy-MM-dd HH:mm:ss2026-09-05 11:13:44,612 yyyy-MM-dd HH:mm:ss2026-09-05 11:13:44,615 yyyy-MM-dd HH:mm:ss2026-09-05 11:13:44,615 yyyy-MM-dd HH:mm:ss2026-09-05 11:13:44,615 yyyy-MM-dd HH:mm:ss2026-09-05 11:13:44,632 yyyy-MM-dd HH:mm:ss2026-09-05 11:13:44,634 yyyy-MM-dd HH:mm:ss2026-09-05 11:13:44,634 yyyy-MM-dd HH:mm:ss2026-09-05 11:13:44,634 yyyy-MM-dd HH:mm:ss2026-09-05 11:13:44,726 yyyy-MM-dd HH:mm:ss2026-09-05 11:13:44,728 yyyy-MM-dd HH:mm:ss2026-09-05 11:13:44,729 yyyy-MM-dd HH:mm:ss2026-09-05 11:13:44,732 yyyy-MM-dd HH:mm:ss2026-09-05 11:13:44,732 yyyy-MM-dd HH:mm:ss2026-09-05 11:13:44,732 yyyy-MM-dd HH:mm:ss2026-09-05 11:13:44,751 yyyy-MM-dd HH:mm:ss2026-09-05 11:13:44,757 yyyy-MM-dd HH:mm:ss2026-09-05 11:13:44,760 yyyy-MM-dd HH:mm:ss2026-09-05 11:13:44,765 yyyy-MM-dd HH:mm:ss2026-09-05 11:13:44,782 yyyy-MM-dd HH:mm:ss2026-09-05 11:13:44,786 yyyy-MM-dd HH:mm:ss2026-09-05 11:13:44,800 yyyy-MM-dd HH:mm:ss2026-09-05 11:13:44,871 yyyy-MM-dd HH:mm:ss2026-09-05 11:13:44,873 yyyy-MM-dd HH:mm:ss2026-09-05 11:13:44,879 yyyy-MM-dd HH:mm:ss2026-09-05 11:13:44,894 yyyy-MM-dd HH:mm:ss2026-09-05 11:13:44,894 yyyy-MM-dd HH:mm:ss2026-09-05 11:13:44,897 yyyy-MM-dd HH:mm:ss2026-09-05 11:13:44,923 yyyy-MM-dd HH:mm:ss2026-09-05 11:13:44,943 yyyy-MM-dd HH:mm:ss2026-09-05 11:13:44,948 yyyy-MM-dd HH:mm:ss2026-09-05 11:13:44,948 yyyy-MM-dd HH:mm:ss2026-09-05 11:13:44,953 yyyy-MM-dd HH:mm:ss2026-09-05 11:13:44,956 yyyy-MM-dd HH:mm:ss2026-09-05 11:13:44,958 yyyy-MM-dd HH:mm:ss2026-09-05 11:13:44,959 yyyy-MM-dd HH:mm:ss2026-09-05 11:13:44,977 yyyy-MM-dd HH:mm:ss2026-09-05 11:13:44,982 yyyy-MM-dd HH:mm:ss2026-09-05 11:13:44,983 yyyy-MM-dd HH:mm:ss2026-09-05 11:13:44,986 yyyy-MM-dd HH:mm:ss2026-09-05 11:13:44,987 yyyy-MM-dd HH:mm:ss2026-09-05 11:13:44,987 yyyy-MM-dd HH:mm:ss2026-09-05 11:13:44,989 yyyy-MM-dd HH:mm:ss2026-09-05 11:13:44,991 yyyy-MM-dd HH:mm:ss2026-09-05 11:13:44,993 yyyy-MM-dd HH:mm:ss2026-09-05 11:13:44,995 yyyy-MM-dd HH:mm:ss2026-09-05 11:13:45,016 yyyy-MM-dd HH:mm:ss2026-09-05 11:13:45,018 yyyy-MM-dd HH:mm:ss2026-09-05 11:13:45,021 yyyy-MM-dd HH:mm:ss2026-09-05 11:13:45,025 yyyy-MM-dd HH:mm:ss2026-09-05 11:13:45,025 yyyy-MM-dd HH:mm:ss2026-09-05 11:13:45,027 yyyy-MM-dd HH:mm:ss2026-09-05 11:13:45,027 yyyy-MM-dd HH:mm:ss2026-09-05 11:13:45,029 yyyy-MM-dd HH:mm:ss2026-09-05 11:13:45,030 yyyy-MM-dd HH:mm:ss2026-09-05 11:13:45,030 yyyy-MM-dd HH:mm:ss2026-09-05 11:13:45,034 yyyy-MM-dd HH:mm:ss2026-09-05 11:13:45,035 yyyy-MM-dd HH:mm:ss2026-09-05 11:13:45,036 yyyy-MM-dd HH:mm:ss2026-09-05 11:13:45,038 yyyy-MM-dd HH:mm:ss2026-09-05 11:13:45,039 yyyy-MM-dd HH:mm:ss2026-09-05 11:13:45,039 yyyy-MM-dd HH:mm:ss2026-09-05 11:13:45,039 yyyy-MM-dd HH:mm:ss2026-09-05 11:13:45,039 yyyy-MM-dd HH:mm:ss2026-09-05 11:13:45,042 yyyy-MM-dd HH:mm:ss2026-09-05 11:13:45,052 yyyy-MM-dd HH:mm:ss2026-09-05 11:13:45,052 yyyy-MM-dd HH:mm:ss2026-09-05 11:13:45,053 yyyy-MM-dd HH:mm:ss2026-09-05 11:13:45,059 yyyy-MM-dd HH:mm:ss2026-09-05 11:13:45,061 yyyy-MM-dd HH:mm:ss2026-09-05 11:13:45,061 yyyy-MM-dd HH:mm:ss2026-09-05 11:13:45,062 yyyy-MM-dd HH:mm:ss2026-09-05 11:13:45,064 yyyy-MM-dd HH:mm:ss2026-09-05 11:13:45,066 yyyy-MM-dd HH:mm:ss2026-09-05 11:13:45,066 yyyy-MM-dd HH:mm:ss2026-09-05 11:13:45,069 yyyy-MM-dd HH:mm:ss2026-09-05 11:13:45,069 yyyy-MM-dd HH:mm:ss2026-09-05 11:13:45,071 yyyy-MM-dd HH:mm:ss2026-09-05 11:13:45,073 yyyy-MM-dd HH:mm:ss2026-09-05 11:13:45,073 yyyy-MM-dd HH:mm:ss2026-09-05 11:13:45,073 yyyy-MM-dd HH:mm:ss2026-09-05 11:13:45,073 yyyy-MM-dd HH:mm:ss2026-09-05 11:13:45,074 yyyy-MM-dd HH:mm:ss2026-09-05 11:13:45,074 yyyy-MM-dd HH:mm:ss2026-09-05 11:13:45,074 yyyy-MM-dd HH:mm:ss2026-09-05 11:13:45,074 yyyy-MM-dd HH:mm:ss2026-09-05 11:13:45,074 yyyy-MM-dd HH:mm:ss2026-09-05 11:13:45,074 yyyy-MM-dd HH:mm:ss2026-09-05 11:13:45,099 yyyy-MM-dd HH:mm:ss2026-09-05 11:13:45,099 yyyy-MM-dd HH:mm:ss2026-09-05 11:13:45,101 yyyy-MM-dd HH:mm:ss2026-09-05 11:13:45,101 yyyy-MM-dd HH:mm:ss2026-09-05 11:13:45,101 yyyy-MM-dd HH:mm:ss2026-09-05 11:13:45,109 yyyy-MM-dd HH:mm:ss2026-09-05 11:13:45,109 yyyy-MM-dd HH:mm:ss2026-09-05 11:13:45,109 yyyy-MM-dd HH:mm:ss2026-09-05 11:13:45,114 yyyy-MM-dd HH:mm:ss2026-09-05 11:13:45,114 yyyy-MM-dd HH:mm:ss2026-09-05 11:13:45,114 yyyy-MM-dd HH:mm:ss2026-09-05 11:13:45,114 yyyy-MM-dd HH:mm:ss2026-09-05 11:13:45,117 yyyy-MM-dd HH:mm:ss2026-09-05 11:13:45,122 yyyy-MM-dd HH:mm:ss2026-09-05 11:13:45,122 yyyy-MM-dd HH:mm:ss2026-09-05 11:13:45,124 yyyy-MM-dd HH:mm:ss2026-09-05 11:13:45,125 yyyy-MM-dd HH:mm:ss2026-09-05 11:13:45,129 yyyy-MM-dd HH:mm:ss2026-09-05 11:13:45,132 yyyy-MM-dd HH:mm:ss2026-09-05 11:13:45,132 yyyy-MM-dd HH:mm:ss2026-09-05 11:13:45,132 yyyy-MM-dd HH:mm:ss2026-09-05 11:13:45,138 yyyy-MM-dd HH:mm:ss2026-09-05 11:13:45,140 yyyy-MM-dd HH:mm:ss2026-09-05 11:13:45,153 yyyy-MM-dd HH:mm:ss2026-09-05 11:13:45,155 yyyy-MM-dd HH:mm:ss2026-09-05 11:13:45,157 yyyy-MM-dd HH:mm:ss2026-09-05 11:13:45,161 yyyy-MM-dd HH:mm:ss2026-09-05 11:13:45,161 yyyy-MM-dd HH:mm:ss2026-09-05 11:13:45,161 yyyy-MM-dd HH:mm:ss2026-09-05 11:13:45,164 yyyy-MM-dd HH:mm:ss2026-09-05 11:13:45,168 yyyy-MM-dd HH:mm:ss2026-09-05 11:13:45,168 yyyy-MM-dd HH:mm:ss2026-09-05 11:13:45,170 yyyy-MM-dd HH:mm:ss2026-09-05 11:13:45,172 yyyy-MM-dd HH:mm:ss2026-09-05 11:13:45,175 yyyy-MM-dd HH:mm:ss2026-09-05 11:13:45,176 yyyy-MM-dd HH:mm:ss2026-09-05 11:13:45,178 yyyy-MM-dd HH:mm:ss2026-09-05 11:13:45,181 yyyy-MM-dd HH:mm:ss2026-09-05 11:13:45,182 yyyy-MM-dd HH:mm:ss2026-09-05 11:13:45,183 yyyy-MM-dd HH:mm:ss2026-09-05 11:13:45,183 yyyy-MM-dd HH:mm:ss2026-09-05 11:13:45,183 yyyy-MM-dd HH:mm:ss2026-09-05 11:13:45,183 yyyy-MM-dd HH:mm:ss2026-09-05 11:13:45,183 yyyy-MM-dd HH:mm:ss2026-09-05 11:13:45,189 yyyy-MM-dd HH:mm:ss2026-09-05 11:13:45,190 yyyy-MM-dd HH:mm:ss2026-09-05 11:13:45,190 yyyy-MM-dd HH:mm:ss2026-09-05 11:13:45,190 yyyy-MM-dd HH:mm:ss2026-09-05 11:13:45,196 yyyy-MM-dd HH:mm:ss2026-09-05 11:13:45,196 yyyy-MM-dd HH:mm:ss2026-09-05 11:13:45,196 yyyy-MM-dd HH:mm:ss2026-09-05 11:13:45,196 yyyy-MM-dd HH:mm:ss2026-09-05 11:13:45,196 yyyy-MM-dd HH:mm:ss2026-09-05 11:13:45,196 yyyy-MM-dd HH:mm:ss2026-09-05 11:13:45,203 yyyy-MM-dd HH:mm:ss2026-09-05 11:13:45,207 yyyy-MM-dd HH:mm:ss2026-09-05 11:13:45,208 yyyy-MM-dd HH:mm:ss2026-09-05 11:13:45,211 yyyy-MM-dd HH:mm:ss2026-09-05 11:13:45,215 yyyy-MM-dd HH:mm:ss2026-09-05 11:13:45,217 yyyy-MM-dd HH:mm:ss2026-09-05 11:13:45,218 yyyy-MM-dd HH:mm:ss2026-09-05 11:13:45,218 yyyy-MM-dd HH:mm:ss2026-09-05 11:13:45,218 yyyy-MM-dd HH:mm:ss2026-09-05 11:13:45,233 yyyy-MM-dd HH:mm:ss2026-09-05 11:13:45,233 yyyy-MM-dd HH:mm:ss2026-09-05 11:13:45,233 yyyy-MM-dd HH:mm:ss2026-09-05 11:13:45,233 yyyy-MM-dd HH:mm:ss2026-09-05 11:13:45,233 yyyy-MM-dd HH:mm:ss2026-09-05 11:13:45,235 yyyy-MM-dd HH:mm:ss2026-09-05 11:13:45,237 yyyy-MM-dd HH:mm:ss2026-09-05 11:13:45,238 yyyy-MM-dd HH:mm:ss2026-09-05 11:13:45,238 yyyy-MM-dd HH:mm:ss2026-09-05 11:13:45,239 yyyy-MM-dd HH:mm:ss2026-09-05 11:13:45,240 yyyy-MM-dd HH:mm:ss2026-09-05 11:13:45,240 yyyy-MM-dd HH:mm:ss2026-09-05 11:13:45,242 yyyy-MM-dd HH:mm:ss2026-09-05 11:13:45,246 yyyy-MM-dd HH:mm:ss2026-09-05 11:13:45,247 yyyy-MM-dd HH:mm:ss2026-09-05 11:13:45,248 yyyy-MM-dd HH:mm:ss2026-09-05 11:13:45,249 yyyy-MM-dd HH:mm:ss2026-09-05 11:13:45,249 yyyy-MM-dd HH:mm:ss2026-09-05 11:13:45,255 yyyy-MM-dd HH:mm:ss2026-09-05 11:13:45,258 yyyy-MM-dd HH:mm:ss2026-09-05 11:13:45,275 yyyy-MM-dd HH:mm:ss2026-09-05 11:13:45,276 yyyy-MM-dd HH:mm:ss2026-09-05 11:13:45,276 yyyy-MM-dd HH:mm:ss2026-09-05 11:13:45,278 yyyy-MM-dd HH:mm:ss2026-09-05 11:13:45,282 yyyy-MM-dd HH:mm:ss2026-09-05 11:13:45,282 yyyy-MM-dd HH:mm:ss2026-09-05 11:13:45,285 yyyy-MM-dd HH:mm:ss2026-09-05 11:13:45,287 yyyy-MM-dd HH:mm:ss2026-09-05 11:13:45,288 yyyy-MM-dd HH:mm:ss2026-09-05 11:13:45,289 yyyy-MM-dd HH:mm:ss2026-09-05 11:13:45,290 yyyy-MM-dd HH:mm:ss2026-09-05 11:13:45,292 yyyy-MM-dd HH:mm:ss2026-09-05 11:13:45,293 yyyy-MM-dd HH:mm:ss2026-09-05 11:13:45,295 yyyy-MM-dd HH:mm:ss2026-09-05 11:13:45,295 yyyy-MM-dd HH:mm:ss2026-09-05 11:13:45,297 yyyy-MM-dd HH:mm:ss2026-09-05 11:13:45,298 yyyy-MM-dd HH:mm:ss2026-09-05 11:13:45,305 yyyy-MM-dd HH:mm:ss2026-09-05 11:13:45,305 yyyy-MM-dd HH:mm:ss2026-09-05 11:13:45,313 yyyy-MM-dd HH:mm:ss2026-09-05 11:13:45,313 yyyy-MM-dd HH:mm:ss2026-09-05 11:13:45,314 yyyy-MM-dd HH:mm:ss2026-09-05 11:13:45,319 yyyy-MM-dd HH:mm:ss2026-09-05 11:13:45,320 yyyy-MM-dd HH:mm:ss2026-09-05 11:13:45,320 yyyy-MM-dd HH:mm:ss2026-09-05 11:13:45,324 yyyy-MM-dd HH:mm:ss2026-09-05 11:13:45,326 yyyy-MM-dd HH:mm:ss2026-09-05 11:13:45,326 yyyy-MM-dd HH:mm:ss2026-09-05 11:13:45,326 yyyy-MM-dd HH:mm:ss2026-09-05 11:13:45,340 yyyy-MM-dd HH:mm:ss2026-09-05 11:13:45,341 yyyy-MM-dd HH:mm:ss2026-09-05 11:13:45,342 yyyy-MM-dd HH:mm:ss2026-09-05 11:13:45,345 yyyy-MM-dd HH:mm:ss2026-09-05 11:13:45,345 yyyy-MM-dd HH:mm:ss2026-09-05 11:13:45,348 yyyy-MM-dd HH:mm:ss2026-09-05 11:13:45,348 yyyy-MM-dd HH:mm:ss2026-09-05 11:13:45,349 yyyy-MM-dd HH:mm:ss2026-09-05 11:13:45,350 yyyy-MM-dd HH:mm:ss2026-09-05 11:13:45,352 yyyy-MM-dd HH:mm:ss2026-09-05 11:13:45,356 yyyy-MM-dd HH:mm:ss2026-09-05 11:13:45,357 yyyy-MM-dd HH:mm:ss2026-09-05 11:13:45,358 yyyy-MM-dd HH:mm:ss2026-09-05 11:13:45,359 yyyy-MM-dd HH:mm:ss2026-09-05 11:13:45,360 yyyy-MM-dd HH:mm:ss2026-09-05 11:13:45,360 yyyy-MM-dd HH:mm:ss2026-09-05 11:13:45,364 yyyy-MM-dd HH:mm:ss2026-09-05 11:13:45,368 yyyy-MM-dd HH:mm:ss2026-09-05 11:13:45,368 yyyy-MM-dd HH:mm:ss2026-09-05 11:13:45,369 yyyy-MM-dd HH:mm:ss2026-09-05 11:13:45,371 yyyy-MM-dd HH:mm:ss2026-09-05 11:13:45,371 yyyy-MM-dd HH:mm:ss2026-09-05 11:13:45,372 yyyy-MM-dd HH:mm:ss2026-09-05 11:13:45,373 yyyy-MM-dd HH:mm:ss2026-09-05 11:13:45,374 yyyy-MM-dd HH:mm:ss2026-09-05 11:13:45,374 yyyy-MM-dd HH:mm:ss2026-09-05 11:13:45,376 yyyy-MM-dd HH:mm:ss2026-09-05 11:13:45,378 yyyy-MM-dd HH:mm:ss2026-09-05 11:13:45,379 yyyy-MM-dd HH:mm:ss2026-09-05 11:13:45,380 yyyy-MM-dd HH:mm:ss2026-09-05 11:13:45,382 yyyy-MM-dd HH:mm:ss2026-09-05 11:13:45,382 yyyy-MM-dd HH:mm:ss2026-09-05 11:13:45,384 yyyy-MM-dd HH:mm:ss2026-09-05 11:13:45,384 yyyy-MM-dd HH:mm:ss2026-09-05 11:13:45,387 yyyy-MM-dd HH:mm:ss2026-09-05 11:13:45,388 yyyy-MM-dd HH:mm:ss2026-09-05 11:13:45,389 yyyy-MM-dd HH:mm:ss2026-09-05 11:13:45,398 yyyy-MM-dd HH:mm:ss2026-09-05 11:13:45,399 yyyy-MM-dd HH:mm:ss2026-09-05 11:13:45,399 yyyy-MM-dd HH:mm:ss2026-09-05 11:13:45,399 yyyy-MM-dd HH:mm:ss2026-09-05 11:13:45,399 yyyy-MM-dd HH:mm:ss2026-09-05 11:13:45,399 yyyy-MM-dd HH:mm:ss2026-09-05 11:13:45,399 yyyy-MM-dd HH:mm:ss2026-09-05 11:13:45,399 yyyy-MM-dd HH:mm:ss2026-09-05 11:13:45,407 yyyy-MM-dd HH:mm:ss2026-09-05 11:13:45,407 yyyy-MM-dd HH:mm:ss2026-09-05 11:13:45,407 yyyy-MM-dd HH:mm:ss2026-09-05 11:13:45,448 yyyy-MM-dd HH:mm:ss2026-09-05 11:13:45,449 yyyy-MM-dd HH:mm:ss2026-09-05 11:13:45,449 yyyy-MM-dd HH:mm:ss2026-09-05 11:13:45,454 yyyy-MM-dd HH:mm:ss2026-09-05 11:13:45,454 yyyy-MM-dd HH:mm:ss2026-09-05 11:13:45,455 yyyy-MM-dd HH:mm:ss2026-09-05 11:13:45,455 yyyy-MM-dd HH:mm:ss2026-09-05 11:13:45,457 yyyy-MM-dd HH:mm:ss2026-09-05 11:13:45,458 yyyy-MM-dd HH:mm:ss2026-09-05 11:13:45,461 yyyy-MM-dd HH:mm:ss2026-09-05 11:13:45,463 yyyy-MM-dd HH:mm:ss2026-09-05 11:13:45,463 yyyy-MM-dd HH:mm:ss2026-09-05 11:13:45,464 yyyy-MM-dd HH:mm:ss2026-09-05 11:13:45,465 yyyy-MM-dd HH:mm:ss2026-09-05 11:13:45,468 yyyy-MM-dd HH:mm:ss2026-09-05 11:13:45,468 yyyy-MM-dd HH:mm:ss2026-09-05 11:13:45,469 yyyy-MM-dd HH:mm:ss2026-09-05 11:13:45,479 yyyy-MM-dd HH:mm:ss2026-09-05 11:13:45,479 yyyy-MM-dd HH:mm:ss2026-09-05 11:13:45,494 yyyy-MM-dd HH:mm:ss2026-09-05 11:13:45,494 yyyy-MM-dd HH:mm:ss2026-09-05 11:13:45,498 yyyy-MM-dd HH:mm:ss2026-09-05 11:13:45,498 yyyy-MM-dd HH:mm:ss2026-09-05 11:13:45,504 yyyy-MM-dd HH:mm:ss2026-09-05 11:13:45,504 yyyy-MM-dd HH:mm:ss2026-09-05 11:13:45,505 yyyy-MM-dd HH:mm:ss2026-09-05 11:13:45,507 yyyy-MM-dd HH:mm:ss2026-09-05 11:13:45,507 yyyy-MM-dd HH:mm:ss2026-09-05 11:13:45,509 yyyy-MM-dd HH:mm:ss2026-09-05 11:13:45,509 yyyy-MM-dd HH:mm:ss2026-09-05 11:13:45,510 yyyy-MM-dd HH:mm:ss2026-09-05 11:13:45,523 yyyy-MM-dd HH:mm:ss2026-09-05 11:13:45,523 yyyy-MM-dd HH:mm:ss2026-09-05 11:13:45,524 yyyy-MM-dd HH:mm:ss2026-09-05 11:13:45,525 yyyy-MM-dd HH:mm:ss2026-09-05 11:13:45,525 yyyy-MM-dd HH:mm:ss2026-09-05 11:13:45,528 yyyy-MM-dd HH:mm:ss2026-09-05 11:13:45,528 yyyy-MM-dd HH:mm:ss2026-09-05 11:13:45,529 yyyy-MM-dd HH:mm:ss2026-09-05 11:13:45,539 yyyy-MM-dd HH:mm:ss2026-09-05 11:13:45,541 yyyy-MM-dd HH:mm:ss2026-09-05 11:13:45,545 yyyy-MM-dd HH:mm:ss2026-09-05 11:13:45,548 yyyy-MM-dd HH:mm:ss2026-09-05 11:13:45,555 yyyy-MM-dd HH:mm:ss2026-09-05 11:13:45,558 yyyy-MM-dd HH:mm:ss2026-09-05 11:13:45,560 yyyy-MM-dd HH:mm:ss2026-09-05 11:13:45,560 yyyy-MM-dd HH:mm:ss2026-09-05 11:13:45,562 yyyy-MM-dd HH:mm:ss2026-09-05 11:13:45,563 yyyy-MM-dd HH:mm:ss2026-09-05 11:13:45,564 yyyy-MM-dd HH:mm:ss2026-09-05 11:13:45,565 yyyy-MM-dd HH:mm:ss2026-09-05 11:13:45,568 yyyy-MM-dd HH:mm:ss2026-09-05 11:13:45,574 yyyy-MM-dd HH:mm:ss2026-09-05 11:13:45,576 yyyy-MM-dd HH:mm:ss2026-09-05 11:13:45,578 yyyy-MM-dd HH:mm:ss2026-09-05 11:13:45,581 yyyy-MM-dd HH:mm:ss2026-09-05 11:13:45,586 yyyy-MM-dd HH:mm:ss2026-09-05 11:13:45,588 yyyy-MM-dd HH:mm:ss2026-09-05 11:13:45,589 yyyy-MM-dd HH:mm:ss2026-09-05 11:13:45,593 yyyy-MM-dd HH:mm:ss2026-09-05 11:13:45,594 yyyy-MM-dd HH:mm:ss2026-09-05 11:13:45,596 yyyy-MM-dd HH:mm:ss2026-09-05 11:13:45,596 yyyy-MM-dd HH:mm:ss2026-09-05 11:13:45,597 yyyy-MM-dd HH:mm:ss2026-09-05 11:13:45,598 yyyy-MM-dd HH:mm:ss2026-09-05 11:13:45,599 yyyy-MM-dd HH:mm:ss2026-09-05 11:13:45,604 yyyy-MM-dd HH:mm:ss2026-09-05 11:13:45,606 yyyy-MM-dd HH:mm:ss2026-09-05 11:13:45,611 yyyy-MM-dd HH:mm:ss2026-09-05 11:13:45,613 yyyy-MM-dd HH:mm:ss2026-09-05 11:13:45,614 yyyy-MM-dd HH:mm:ss2026-09-05 11:13:45,614 yyyy-MM-dd HH:mm:ss2026-09-05 11:13:45,615 yyyy-MM-dd HH:mm:ss2026-09-05 11:13:45,616 yyyy-MM-dd HH:mm:ss2026-09-05 11:13:45,617 yyyy-MM-dd HH:mm:ss2026-09-05 11:13:45,620 yyyy-MM-dd HH:mm:ss2026-09-05 11:13:45,622 yyyy-MM-dd HH:mm:ss2026-09-05 11:13:45,623 yyyy-MM-dd HH:mm:ss2026-09-05 11:13:45,632 yyyy-MM-dd HH:mm:ss2026-09-05 11:13:45,633 yyyy-MM-dd HH:mm:ss2026-09-05 11:13:45,634 yyyy-MM-dd HH:mm:ss2026-09-05 11:13:45,635 yyyy-MM-dd HH:mm:ss2026-09-05 11:13:45,636 yyyy-MM-dd HH:mm:ss2026-09-05 11:13:45,639 yyyy-MM-dd HH:mm:ss2026-09-05 11:13:45,651 yyyy-MM-dd HH:mm:ss2026-09-05 11:13:45,652 yyyy-MM-dd HH:mm:ss2026-09-05 11:13:45,653 yyyy-MM-dd HH:mm:ss2026-09-05 11:13:45,659 yyyy-MM-dd HH:mm:ss2026-09-05 11:13:45,659 yyyy-MM-dd HH:mm:ss2026-09-05 11:13:45,660 yyyy-MM-dd HH:mm:ss2026-09-05 11:13:45,662 yyyy-MM-dd HH:mm:ss2026-09-05 11:13:45,664 yyyy-MM-dd HH:mm:ss2026-09-05 11:13:45,664 yyyy-MM-dd HH:mm:ss2026-09-05 11:13:45,666 yyyy-MM-dd HH:mm:ss2026-09-05 11:13:45,667 yyyy-MM-dd HH:mm:ss2026-09-05 11:13:45,689 yyyy-MM-dd HH:mm:ss2026-09-05 11:13:45,691 yyyy-MM-dd HH:mm:ss2026-09-05 11:13:45,691 yyyy-MM-dd HH:mm:ss2026-09-05 11:13:45,692 yyyy-MM-dd HH:mm:ss2026-09-05 11:13:45,693 yyyy-MM-dd HH:mm:ss2026-09-05 11:13:45,693 yyyy-MM-dd HH:mm:ss2026-09-05 11:13:45,694 yyyy-MM-dd HH:mm:ss2026-09-05 11:13:45,695 yyyy-MM-dd HH:mm:ss2026-09-05 11:13:45,696 yyyy-MM-dd HH:mm:ss2026-09-05 11:13:45,696 yyyy-MM-dd HH:mm:ss2026-09-05 11:13:45,698 yyyy-MM-dd HH:mm:ss2026-09-05 11:13:45,698 yyyy-MM-dd HH:mm:ss2026-09-05 11:13:45,699 yyyy-MM-dd HH:mm:ss2026-09-05 11:13:45,701 yyyy-MM-dd HH:mm:ss2026-09-05 11:13:45,701 yyyy-MM-dd HH:mm:ss2026-09-05 11:13:45,709 yyyy-MM-dd HH:mm:ss2026-09-05 11:13:45,709 yyyy-MM-dd HH:mm:ss2026-09-05 11:13:45,709 yyyy-MM-dd HH:mm:ss2026-09-05 11:13:45,714 yyyy-MM-dd HH:mm:ss2026-09-05 11:13:45,715 yyyy-MM-dd HH:mm:ss2026-09-05 11:13:45,715 yyyy-MM-dd HH:mm:ss2026-09-05 11:13:45,716 yyyy-MM-dd HH:mm:ss2026-09-05 11:13:45,718 yyyy-MM-dd HH:mm:ss2026-09-05 11:13:45,719 yyyy-MM-dd HH:mm:ss2026-09-05 11:13:45,720 yyyy-MM-dd HH:mm:ss2026-09-05 11:13:45,720 yyyy-MM-dd HH:mm:ss2026-09-05 11:13:45,722 yyyy-MM-dd HH:mm:ss2026-09-05 11:13:45,723 yyyy-MM-dd HH:mm:ss2026-09-05 11:13:45,724 yyyy-MM-dd HH:mm:ss2026-09-05 11:13:45,725 yyyy-MM-dd HH:mm:ss2026-09-05 11:13:45,725 yyyy-MM-dd HH:mm:ss2026-09-05 11:13:45,736 yyyy-MM-dd HH:mm:ss2026-09-05 11:13:45,743 yyyy-MM-dd HH:mm:ss2026-09-05 11:13:45,747 yyyy-MM-dd HH:mm:ss2026-09-05 11:13:45,751 yyyy-MM-dd HH:mm:ss2026-09-05 11:13:45,754 yyyy-MM-dd HH:mm:ss2026-09-05 11:13:45,756 yyyy-MM-dd HH:mm:ss2026-09-05 11:13:45,757 yyyy-MM-dd HH:mm:ss2026-09-05 11:13:45,758 yyyy-MM-dd HH:mm:ss2026-09-05 11:13:45,760 yyyy-MM-dd HH:mm:ss2026-09-05 11:13:45,762 yyyy-MM-dd HH:mm:ss2026-09-05 11:13:45,762 yyyy-MM-dd HH:mm:ss2026-09-05 11:13:45,766 yyyy-MM-dd HH:mm:ss2026-09-05 11:13:45,766 yyyy-MM-dd HH:mm:ss2026-09-05 11:13:45,767 yyyy-MM-dd HH:mm:ss2026-09-05 11:13:45,767 yyyy-MM-dd HH:mm:ss2026-09-05 11:13:45,768 yyyy-MM-dd HH:mm:ss2026-09-05 11:13:45,769 yyyy-MM-dd HH:mm:ss2026-09-05 11:13:45,774 yyyy-MM-dd HH:mm:ss2026-09-05 11:13:45,775 yyyy-MM-dd HH:mm:ss2026-09-05 11:13:45,775 yyyy-MM-dd HH:mm:ss2026-09-05 11:13:45,776 yyyy-MM-dd HH:mm:ss2026-09-05 11:13:45,800 yyyy-MM-dd HH:mm:ss2026-09-05 11:13:45,805 yyyy-MM-dd HH:mm:ss2026-09-05 11:13:45,806 yyyy-MM-dd HH:mm:ss2026-09-05 11:13:45,807 yyyy-MM-dd HH:mm:ss2026-09-05 11:13:45,809 yyyy-MM-dd HH:mm:ss2026-09-05 11:13:45,809 yyyy-MM-dd HH:mm:ss2026-09-05 11:13:45,810 yyyy-MM-dd HH:mm:ss2026-09-05 11:13:45,814 yyyy-MM-dd HH:mm:ss2026-09-05 11:13:45,814 yyyy-MM-dd HH:mm:ss2026-09-05 11:13:45,815 yyyy-MM-dd HH:mm:ss2026-09-05 11:13:45,816 yyyy-MM-dd HH:mm:ss2026-09-05 11:13:45,816 yyyy-MM-dd HH:mm:ss2026-09-05 11:13:45,817 yyyy-MM-dd HH:mm:ss2026-09-05 11:13:45,821 yyyy-MM-dd HH:mm:ss2026-09-05 11:13:45,821 yyyy-MM-dd HH:mm:ss2026-09-05 11:13:45,822 yyyy-MM-dd HH:mm:ss2026-09-05 11:13:45,824 yyyy-MM-dd HH:mm:ss2026-09-05 11:13:45,824 yyyy-MM-dd HH:mm:ss2026-09-05 11:13:45,824 yyyy-MM-dd HH:mm:ss2026-09-05 11:13:45,826 yyyy-MM-dd HH:mm:ss2026-09-05 11:13:45,827 yyyy-MM-dd HH:mm:ss2026-09-05 11:13:45,827 yyyy-MM-dd HH:mm:ss2026-09-05 11:13:45,828 yyyy-MM-dd HH:mm:ss2026-09-05 11:13:45,834 yyyy-MM-dd HH:mm:ss2026-09-05 11:13:45,844 yyyy-MM-dd HH:mm:ss2026-09-05 11:13:45,845 yyyy-MM-dd HH:mm:ss2026-09-05 11:13:45,848 yyyy-MM-dd HH:mm:ss2026-09-05 11:13:45,848 yyyy-MM-dd HH:mm:ss2026-09-05 11:13:45,848 yyyy-MM-dd HH:mm:ss2026-09-05 11:13:45,848 yyyy-MM-dd HH:mm:ss2026-09-05 11:13:45,848 yyyy-MM-dd HH:mm:ss2026-09-05 11:13:45,849 yyyy-MM-dd HH:mm:ss2026-09-05 11:13:45,849 yyyy-MM-dd HH:mm:ss2026-09-05 11:13:45,859 yyyy-MM-dd HH:mm:ss2026-09-05 11:13:45,891 yyyy-MM-dd HH:mm:ss2026-09-05 11:13:45,892 yyyy-MM-dd HH:mm:ss2026-09-05 11:13:45,893 yyyy-MM-dd HH:mm:ss2026-09-05 11:13:45,893 yyyy-MM-dd HH:mm:ss2026-09-05 11:13:45,913 yyyy-MM-dd HH:mm:ss2026-09-05 11:13:45,918 yyyy-MM-dd HH:mm:ss2026-09-05 11:13:46,120 yyyy-MM-dd HH:mm:ss2026-09-05 11:13:46,122 yyyy-MM-dd HH:mm:ss2026-09-05 11:13:46,122 yyyy-MM-dd HH:mm:ss2026-09-05 11:13:46,122 yyyy-MM-dd HH:mm:ss2026-09-05 11:13:46,123 yyyy-MM-dd HH:mm:ss2026-09-05 11:13:46,150 yyyy-MM-dd HH:mm:ss2026-09-05 11:13:46,155 yyyy-MM-dd HH:mm:ss2026-09-05 11:13:46,155 yyyy-MM-dd HH:mm:ss2026-09-05 11:13:46,155 yyyy-MM-dd HH:mm:ss2026-09-05 11:13:46,193 yyyy-MM-dd HH:mm:ss2026-09-05 11:13:46,216 yyyy-MM-dd HH:mm:ss2026-09-05 11:13:46,486 yyyy-MM-dd HH:mm:ss2026-09-05 11:13:46,486 yyyy-MM-dd HH:mm:ss2026-09-05 11:13:46,487 yyyy-MM-dd HH:mm:ss2026-09-05 11:13:46,487 yyyy-MM-dd HH:mm:ss2026-09-05 11:13:46,492 yyyy-MM-dd HH:mm:ss2026-09-05 11:13:46,493 yyyy-MM-dd HH:mm:ss2026-09-05 11:13:46,495 yyyy-MM-dd HH:mm:ss2026-09-05 11:13:46,496 yyyy-MM-dd HH:mm:ss2026-09-05 11:13:46,518 yyyy-MM-dd HH:mm:ss2026-09-05 11:13:46,524 yyyy-MM-dd HH:mm:ss2026-09-05 11:13:46,524 yyyy-MM-dd HH:mm:ss2026-09-05 11:13:46,524 yyyy-MM-dd HH:mm:ss2026-09-05 11:13:46,527 yyyy-MM-dd HH:mm:ss2026-09-05 11:13:46,528 yyyy-MM-dd HH:mm:ss2026-09-05 11:13:46,564 yyyy-MM-dd HH:mm:ss2026-09-05 11:13:46,592 yyyy-MM-dd HH:mm:ss2026-09-05 11:13:46,598 yyyy-MM-dd HH:mm:ss2026-09-05 11:13:46,599 yyyy-MM-dd HH:mm:ss2026-09-05 11:13:46,726 yyyy-MM-dd HH:mm:ss2026-09-05 11:13:46,729 yyyy-MM-dd HH:mm:ss2026-09-05 11:13:46,729 yyyy-MM-dd HH:mm:ss2026-09-05 11:13:46,778 yyyy-MM-dd HH:mm:ss2026-09-05 11:13:46,779 yyyy-MM-dd HH:mm:ss2026-09-05 11:13:46,782 yyyy-MM-dd HH:mm:ss2026-09-05 11:13:46,782 yyyy-MM-dd HH:mm:ss2026-09-05 11:13:46,782 yyyy-MM-dd HH:mm:ss2026-09-05 11:13:46,782 yyyy-MM-dd HH:mm:ss2026-09-05 11:13:46,782 yyyy-MM-dd HH:mm:ss2026-09-05 11:13:46,782 yyyy-MM-dd HH:mm:ss2026-09-05 11:13:46,789 yyyy-MM-dd HH:mm:ss2026-09-05 11:13:46,790 yyyy-MM-dd HH:mm:ss2026-09-05 11:13:46,790 yyyy-MM-dd HH:mm:ss2026-09-05 11:13:46,796 yyyy-MM-dd HH:mm:ss2026-09-05 11:13:46,799 yyyy-MM-dd HH:mm:ss2026-09-05 11:13:46,800 yyyy-MM-dd HH:mm:ss2026-09-05 11:13:46,801 yyyy-MM-dd HH:mm:ss2026-09-05 11:13:46,801 yyyy-MM-dd HH:mm:ss2026-09-05 11:13:46,804 yyyy-MM-dd HH:mm:ss2026-09-05 11:13:46,805 yyyy-MM-dd HH:mm:ss2026-09-05 11:13:46,805 yyyy-MM-dd HH:mm:ss2026-09-05 11:13:46,807 yyyy-MM-dd HH:mm:ss2026-09-05 11:13:46,807 yyyy-MM-dd HH:mm:ss2026-09-05 11:13:46,807 yyyy-MM-dd HH:mm:ss2026-09-05 11:13:46,808 yyyy-MM-dd HH:mm:ss2026-09-05 11:13:46,809 yyyy-MM-dd HH:mm:ss2026-09-05 11:13:46,810 yyyy-MM-dd HH:mm:ss2026-09-05 11:13:46,812 yyyy-MM-dd HH:mm:ss2026-09-05 11:13:46,828 yyyy-MM-dd HH:mm:ss2026-09-05 11:13:46,829 yyyy-MM-dd HH:mm:ss2026-09-05 11:13:46,829 yyyy-MM-dd HH:mm:ss2026-09-05 11:13:46,830 yyyy-MM-dd HH:mm:ss2026-09-05 11:13:46,831 yyyy-MM-dd HH:mm:ss2026-09-05 11:13:46,831 yyyy-MM-dd HH:mm:ss2026-09-05 11:13:46,896 yyyy-MM-dd HH:mm:ss2026-09-05 11:13:46,897 yyyy-MM-dd HH:mm:ss2026-09-05 11:13:46,897 yyyy-MM-dd HH:mm:ss2026-09-05 11:13:47,592 yyyy-MM-dd HH:mm:ss2026-09-05 11:13:47,600 yyyy-MM-dd HH:mm:ss2026-09-05 11:13:47,601 yyyy-MM-dd HH:mm:ss2026-09-05 11:13:47,601 yyyy-MM-dd HH:mm:ss2026-09-05 11:13:47,647 yyyy-MM-dd HH:mm:ss2026-09-05 11:13:47,655 yyyy-MM-dd HH:mm:ss2026-09-05 11:13:47,657 yyyy-MM-dd HH:mm:ss2026-09-05 11:13:47,657 yyyy-MM-dd HH:mm:ss2026-09-05 11:13:47,667 yyyy-MM-dd HH:mm:ss2026-09-05 11:13:47,669 yyyy-MM-dd HH:mm:ss2026-09-05 11:13:47,669 yyyy-MM-dd HH:mm:ss2026-09-05 11:13:47,729 yyyy-MM-dd HH:mm:ss2026-09-05 11:13:47,735 yyyy-MM-dd HH:mm:ss2026-09-05 11:13:47,844 yyyy-MM-dd HH:mm:ss2026-09-05 11:13:47,845 yyyy-MM-dd HH:mm:ss2026-09-05 11:13:47,845 yyyy-MM-dd HH:mm:ss2026-09-05 11:13:47,868 yyyy-MM-dd HH:mm:ss2026-09-05 11:13:47,876 yyyy-MM-dd HH:mm:ss2026-09-05 11:13:47,876 yyyy-MM-dd HH:mm:ss2026-09-05 11:13:47,876 yyyy-MM-dd HH:mm:ss2026-09-05 11:13:48,309 yyyy-MM-dd HH:mm:ss2026-09-05 11:13:48,380 yyyy-MM-dd HH:mm:ss2026-09-05 11:13:48,658 yyyy-MM-dd HH:mm:ss2026-09-05 11:13:48,661 yyyy-MM-dd HH:mm:ss2026-09-05 11:13:48,678 yyyy-MM-dd HH:mm:ss2026-09-05 11:13:48,710 yyyy-MM-dd HH:mm:ss2026-09-05 11:13:48,745 yyyy-MM-dd HH:mm:ss2026-09-05 11:13:48,746 yyyy-MM-dd HH:mm:ss2026-09-05 11:13:48,766 yyyy-MM-dd HH:mm:ss2026-09-05 11:13:48,768 yyyy-MM-dd HH:mm:ss2026-09-05 11:13:48,776 yyyy-MM-dd HH:mm:ss2026-09-05 11:13:48,787 yyyy-MM-dd HH:mm:ss2026-09-05 11:13:48,794 yyyy-MM-dd HH:mm:ss2026-09-05 11:13:48,796 yyyy-MM-dd HH:mm:ss2026-09-05 11:13:48,799 yyyy-MM-dd HH:mm:ss2026-09-05 11:13:48,834 yyyy-MM-dd HH:mm:ss2026-09-05 11:13:48,925 yyyy-MM-dd HH:mm:ss2026-09-05 11:13:48,927 yyyy-MM-dd HH:mm:ss2026-09-05 11:13:48,928 yyyy-MM-dd HH:mm:ss2026-09-05 11:13:48,928 yyyy-MM-dd HH:mm:ss2026-09-05 11:13:48,929 yyyy-MM-dd HH:mm:ss2026-09-05 11:14:02,117 yyyy-MM-dd HH:mm:ss2026-09-05 11:14:02,118 yyyy-MM-dd HH:mm:ss2026-09-05 11:14:02,119 yyyy-MM-dd HH:mm:ss2026-09-05 11:14:02,122 yyyy-MM-dd HH:mm:ss2026-09-05 11:14:02,123 yyyy-MM-dd HH:mm:ss2026-09-05 11:14:02,124 yyyy-MM-dd HH:mm:ss2026-09-05 11:14:02,134 yyyy-MM-dd HH:mm:ss2026-09-05 11:14:02,139 yyyy-MM-dd HH:mm:ss2026-09-05 11:14:02,142 yyyy-MM-dd HH:mm:ss2026-09-05 11:14:02,241 yyyy-MM-dd HH:mm:ss2026-09-05 11:14:02,242 yyyy-MM-dd HH:mm:ss2026-09-05 11:14:02,242 yyyy-MM-dd HH:mm:ss2026-09-05 11:14:02,243 yyyy-MM-dd HH:mm:ss2026-09-05 11:14:02,250 yyyy-MM-dd HH:mm:ss2026-09-05 11:14:02,251 yyyy-MM-dd HH:mm:ss2026-09-05 11:14:02,251 yyyy-MM-dd HH:mm:ss2026-09-05 11:14:02,251 yyyy-MM-dd HH:mm:ss2026-09-05 11:14:02,251 yyyy-MM-dd HH:mm:ss2026-09-05 11:14:02,280 yyyy-MM-dd HH:mm:ss2026-09-05 11:14:02,280 yyyy-MM-dd HH:mm:ss2026-09-05 11:14:02,302 yyyy-MM-dd HH:mm:ss2026-09-05 11:14:02,302 yyyy-MM-dd HH:mm:ss2026-09-05 11:14:02,309 yyyy-MM-dd HH:mm:ss2026-09-05 11:14:02,326 yyyy-MM-dd HH:mm:ss2026-09-05 11:14:02,329 yyyy-MM-dd HH:mm:ss2026-09-05 11:14:02,330 yyyy-MM-dd HH:mm:ss2026-09-05 11:14:02,332 yyyy-MM-dd HH:mm:ss2026-09-05 11:14:02,336 yyyy-MM-dd HH:mm:ss2026-09-05 11:14:02,339 yyyy-MM-dd HH:mm:ss2026-09-05 11:14:02,341 yyyy-MM-dd HH:mm:ss2026-09-05 11:14:02,342 yyyy-MM-dd HH:mm:ss2026-09-05 11:14:02,344 yyyy-MM-dd HH:mm:ss2026-09-05 11:14:02,347 yyyy-MM-dd HH:mm:ss2026-09-05 11:14:02,348 yyyy-MM-dd HH:mm:ss2026-09-05 11:14:02,349 yyyy-MM-dd HH:mm:ss2026-09-05 11:14:02,357 yyyy-MM-dd HH:mm:ss2026-09-05 11:14:02,677 yyyy-MM-dd HH:mm:ss2026-09-05 11:14:02,956 yyyy-MM-dd HH:mm:ss2026-09-05 11:14:02,957 yyyy-MM-dd HH:mm:ss2026-09-05 11:14:02,957 yyyy-MM-dd HH:mm:ss2026-09-05 11:14:02,957 yyyy-MM-dd HH:mm:ss2026-09-05 11:14:02,965 yyyy-MM-dd HH:mm:ss2026-09-05 11:14:02,968 yyyy-MM-dd HH:mm:ss2026-09-05 11:14:02,969 yyyy-MM-dd HH:mm:ss2026-09-05 11:14:02,990 yyyy-MM-dd HH:mm:ss2026-09-05 11:14:02,996 yyyy-MM-dd HH:mm:ss2026-09-05 11:14:03,001 yyyy-MM-dd HH:mm:ss2026-09-05 11:14:03,003 yyyy-MM-dd HH:mm:ss2026-09-05 11:14:03,005 yyyy-MM-dd HH:mm:ss2026-09-05 11:14:03,008 yyyy-MM-dd HH:mm:ss2026-09-05 11:14:03,016 yyyy-MM-dd HH:mm:ss2026-09-05 11:14:03,019 yyyy-MM-dd HH:mm:ss2026-09-05 11:14:03,780 yyyy-MM-dd HH:mm:ss2026-09-05 11:14:03,783 yyyy-MM-dd HH:mm:ss2026-09-05 11:14:03,784 yyyy-MM-dd HH:mm:ss2026-09-05 11:14:03,785 yyyy-MM-dd HH:mm:ss2026-09-05 11:14:03,800 yyyy-MM-dd HH:mm:ss2026-09-05 11:14:03,816 yyyy-MM-dd HH:mm:ss2026-09-05 11:14:03,816 yyyy-MM-dd HH:mm:ss2026-09-05 11:14:03,816 yyyy-MM-dd HH:mm:ss2026-09-05 11:14:03,819 yyyy-MM-dd HH:mm:ss2026-09-05 11:14:04,047 yyyy-MM-dd HH:mm:ss2026-09-05 11:14:04,049 yyyy-MM-dd HH:mm:ss2026-09-05 11:14:04,049 yyyy-MM-dd HH:mm:ss2026-09-05 11:14:04,062 yyyy-MM-dd HH:mm:ss2026-09-05 11:14:04,063 yyyy-MM-dd HH:mm:ss2026-09-05 11:14:04,063 yyyy-MM-dd HH:mm:ss2026-09-05 11:14:04,063 yyyy-MM-dd HH:mm:ss2026-09-05 11:14:04,064 yyyy-MM-dd HH:mm:ss2026-09-05 11:14:04,064 yyyy-MM-dd HH:mm:ss2026-09-05 11:14:04,067 yyyy-MM-dd HH:mm:ss2026-09-05 11:14:04,068 yyyy-MM-dd HH:mm:ss2026-09-05 11:14:04,069 yyyy-MM-dd HH:mm:ss2026-09-05 11:14:04,069 yyyy-MM-dd HH:mm:ss2026-09-05 11:14:04,069 yyyy-MM-dd HH:mm:ss2026-09-05 11:14:04,070 yyyy-MM-dd HH:mm:ss2026-09-05 11:14:04,071 yyyy-MM-dd HH:mm:ss2026-09-05 11:14:04,071 yyyy-MM-dd HH:mm:ss2026-09-05 11:14:04,074 yyyy-MM-dd HH:mm:ss2026-09-05 11:14:04,075 yyyy-MM-dd HH:mm:ss2026-09-05 11:14:04,077 yyyy-MM-dd HH:mm:ss2026-09-05 11:14:04,078 yyyy-MM-dd HH:mm:ss2026-09-05 11:14:04,079 yyyy-MM-dd HH:mm:ss2026-09-05 11:14:04,080 yyyy-MM-dd HH:mm:ss2026-09-05 11:14:04,080 yyyy-MM-dd HH:mm:ss2026-09-05 11:14:04,081 yyyy-MM-dd HH:mm:ss2026-09-05 11:14:04,085 yyyy-MM-dd HH:mm:ss2026-09-05 11:14:04,086 yyyy-MM-dd HH:mm:ss2026-09-05 11:14:04,086 yyyy-MM-dd HH:mm:ss2026-09-05 11:14:04,095 yyyy-MM-dd HH:mm:ss2026-09-05 11:14:04,097 yyyy-MM-dd HH:mm:ss2026-09-05 11:14:04,100 yyyy-MM-dd HH:mm:ss2026-09-05 11:14:04,100 yyyy-MM-dd HH:mm:ss2026-09-05 11:14:04,101 yyyy-MM-dd HH:mm:ss2026-09-05 11:14:04,102 yyyy-MM-dd HH:mm:ss2026-09-05 11:14:04,102 yyyy-MM-dd HH:mm:ss2026-09-05 11:14:04,103 yyyy-MM-dd HH:mm:ss2026-09-05 11:14:04,104 yyyy-MM-dd HH:mm:ss2026-09-05 11:14:04,106 yyyy-MM-dd HH:mm:ss2026-09-05 11:14:04,106 yyyy-MM-dd HH:mm:ss2026-09-05 11:14:04,107 yyyy-MM-dd HH:mm:ss2026-09-05 11:14:04,108 yyyy-MM-dd HH:mm:ss2026-09-05 11:14:04,108 yyyy-MM-dd HH:mm:ss2026-09-05 11:14:04,109 yyyy-MM-dd HH:mm:ss2026-09-05 11:14:04,110 yyyy-MM-dd HH:mm:ss2026-09-05 11:14:04,110 yyyy-MM-dd HH:mm:ss2026-09-05 11:14:04,111 yyyy-MM-dd HH:mm:ss2026-09-05 11:14:04,112 yyyy-MM-dd HH:mm:ss2026-09-05 11:14:04,119 yyyy-MM-dd HH:mm:ss2026-09-05 11:14:04,123 yyyy-MM-dd HH:mm:ss2026-09-05 11:14:04,124 yyyy-MM-dd HH:mm:ss2026-09-05 11:14:04,125 yyyy-MM-dd HH:mm:ss2026-09-05 11:14:04,136 yyyy-MM-dd HH:mm:ss2026-09-05 11:14:04,139 yyyy-MM-dd HH:mm:ss2026-09-05 11:14:04,140 yyyy-MM-dd HH:mm:ss2026-09-05 11:14:04,141 yyyy-MM-dd HH:mm:ss2026-09-05 11:14:04,143 yyyy-MM-dd HH:mm:ss2026-09-05 11:14:04,143 yyyy-MM-dd HH:mm:ss2026-09-05 11:14:04,145 yyyy-MM-dd HH:mm:ss2026-09-05 11:14:04,145 yyyy-MM-dd HH:mm:ss2026-09-05 11:14:04,146 yyyy-MM-dd HH:mm:ss2026-09-05 11:14:04,147 yyyy-MM-dd HH:mm:ss2026-09-05 11:14:04,147 yyyy-MM-dd HH:mm:ss2026-09-05 11:14:04,148 yyyy-MM-dd HH:mm:ss2026-09-05 11:14:04,148 yyyy-MM-dd HH:mm:ss2026-09-05 11:14:04,151 yyyy-MM-dd HH:mm:ss2026-09-05 11:14:04,160 yyyy-MM-dd HH:mm:ss2026-09-05 11:14:04,160 yyyy-MM-dd HH:mm:ss2026-09-05 11:14:04,160 yyyy-MM-dd HH:mm:ss2026-09-05 11:14:04,160 yyyy-MM-dd HH:mm:ss2026-09-05 11:14:04,161 yyyy-MM-dd HH:mm:ss2026-09-05 11:14:04,161 yyyy-MM-dd HH:mm:ss2026-09-05 11:14:04,163 yyyy-MM-dd HH:mm:ss2026-09-05 11:14:04,164 yyyy-MM-dd HH:mm:ss2026-09-05 11:14:04,164 yyyy-MM-dd HH:mm:ss2026-09-05 11:14:04,166 yyyy-MM-dd HH:mm:ss2026-09-05 11:14:04,166 yyyy-MM-dd HH:mm:ss2026-09-05 11:14:04,167 yyyy-MM-dd HH:mm:ss2026-09-05 11:14:04,167 yyyy-MM-dd HH:mm:ss2026-09-05 11:14:04,168 yyyy-MM-dd HH:mm:ss2026-09-05 11:14:04,173 yyyy-MM-dd HH:mm:ss2026-09-05 11:14:04,175 yyyy-MM-dd HH:mm:ss2026-09-05 11:14:04,175 yyyy-MM-dd HH:mm:ss2026-09-05 11:14:04,176 yyyy-MM-dd HH:mm:ss2026-09-05 11:14:04,176 yyyy-MM-dd HH:mm:ss2026-09-05 11:14:04,177 yyyy-MM-dd HH:mm:ss2026-09-05 11:14:04,180 yyyy-MM-dd HH:mm:ss2026-09-05 11:14:04,182 yyyy-MM-dd HH:mm:ss2026-09-05 11:14:04,197 yyyy-MM-dd HH:mm:ss2026-09-05 11:14:04,197 yyyy-MM-dd HH:mm:ss2026-09-05 11:14:04,198 yyyy-MM-dd HH:mm:ss2026-09-05 11:14:04,224 yyyy-MM-dd HH:mm:ss2026-09-05 11:14:04,225 yyyy-MM-dd HH:mm:ss2026-09-05 11:14:04,227 yyyy-MM-dd HH:mm:ss2026-09-05 11:14:04,228 yyyy-MM-dd HH:mm:ss2026-09-05 11:14:04,320 yyyy-MM-dd HH:mm:ss2026-09-05 11:14:04,320 yyyy-MM-dd HH:mm:ss2026-09-05 11:14:04,322 yyyy-MM-dd HH:mm:ss2026-09-05 11:14:04,322 yyyy-MM-dd HH:mm:ss2026-09-05 11:14:04,324 yyyy-MM-dd HH:mm:ss2026-09-05 11:14:04,324 yyyy-MM-dd HH:mm:ss2026-09-05 11:14:04,326 yyyy-MM-dd HH:mm:ss2026-09-05 11:14:04,327 yyyy-MM-dd HH:mm:ss2026-09-05 11:14:04,329 yyyy-MM-dd HH:mm:ss2026-09-05 11:14:04,331 yyyy-MM-dd HH:mm:ss2026-09-05 11:14:04,331 yyyy-MM-dd HH:mm:ss2026-09-05 11:14:04,333 yyyy-MM-dd HH:mm:ss2026-09-05 11:14:04,334 yyyy-MM-dd HH:mm:ss2026-09-05 11:14:04,336 yyyy-MM-dd HH:mm:ss2026-09-05 11:14:04,338 yyyy-MM-dd HH:mm:ss2026-09-05 11:14:04,338 yyyy-MM-dd HH:mm:ss2026-09-05 11:14:04,339 yyyy-MM-dd HH:mm:ss2026-09-05 11:14:04,339 yyyy-MM-dd HH:mm:ss2026-09-05 11:14:04,340 yyyy-MM-dd HH:mm:ss2026-09-05 11:14:04,341 yyyy-MM-dd HH:mm:ss2026-09-05 11:14:04,343 yyyy-MM-dd HH:mm:ss2026-09-05 11:14:04,345 yyyy-MM-dd HH:mm:ss2026-09-05 11:14:04,345 yyyy-MM-dd HH:mm:ss2026-09-05 11:14:04,348 yyyy-MM-dd HH:mm:ss2026-09-05 11:14:04,349 yyyy-MM-dd HH:mm:ss2026-09-05 11:14:04,349 yyyy-MM-dd HH:mm:ss2026-09-05 11:14:04,350 yyyy-MM-dd HH:mm:ss2026-09-05 11:14:04,352 yyyy-MM-dd HH:mm:ss2026-09-05 11:14:04,352 yyyy-MM-dd HH:mm:ss2026-09-05 11:14:04,357 yyyy-MM-dd HH:mm:ss2026-09-05 11:14:04,357 yyyy-MM-dd HH:mm:ss2026-09-05 11:14:04,358 yyyy-MM-dd HH:mm:ss2026-09-05 11:14:04,358 yyyy-MM-dd HH:mm:ss2026-09-05 11:14:04,359 yyyy-MM-dd HH:mm:ss2026-09-05 11:14:04,368 yyyy-MM-dd HH:mm:ss2026-09-05 11:14:04,368 yyyy-MM-dd HH:mm:ss2026-09-05 11:14:04,369 yyyy-MM-dd HH:mm:ss2026-09-05 11:14:04,370 yyyy-MM-dd HH:mm:ss2026-09-05 11:14:04,370 yyyy-MM-dd HH:mm:ss2026-09-05 11:14:04,371 yyyy-MM-dd HH:mm:ss2026-09-05 11:14:04,371 yyyy-MM-dd HH:mm:ss2026-09-05 11:14:04,373 yyyy-MM-dd HH:mm:ss2026-09-05 11:14:04,374 yyyy-MM-dd HH:mm:ss2026-09-05 11:14:04,375 yyyy-MM-dd HH:mm:ss2026-09-05 11:14:04,379 yyyy-MM-dd HH:mm:ss2026-09-05 11:14:04,380 yyyy-MM-dd HH:mm:ss2026-09-05 11:14:04,381 yyyy-MM-dd HH:mm:ss2026-09-05 11:14:04,381 yyyy-MM-dd HH:mm:ss2026-09-05 11:14:04,382 yyyy-MM-dd HH:mm:ss2026-09-05 11:14:04,382 yyyy-MM-dd HH:mm:ss2026-09-05 11:14:04,382 yyyy-MM-dd HH:mm:ss2026-09-05 11:14:04,392 yyyy-MM-dd HH:mm:ss2026-09-05 11:14:04,393 yyyy-MM-dd HH:mm:ss2026-09-05 11:14:04,393 yyyy-MM-dd HH:mm:ss2026-09-05 11:14:04,397 yyyy-MM-dd HH:mm:ss2026-09-05 11:14:04,397 yyyy-MM-dd HH:mm:ss2026-09-05 11:14:04,398 yyyy-MM-dd HH:mm:ss2026-09-05 11:14:04,399 yyyy-MM-dd HH:mm:ss2026-09-05 11:14:04,405 yyyy-MM-dd HH:mm:ss2026-09-05 11:14:04,405 yyyy-MM-dd HH:mm:ss2026-09-05 11:14:04,406 yyyy-MM-dd HH:mm:ss2026-09-05 11:14:04,406 yyyy-MM-dd HH:mm:ss2026-09-05 11:14:04,407 yyyy-MM-dd HH:mm:ss2026-09-05 11:14:04,407 yyyy-MM-dd HH:mm:ss2026-09-05 11:14:04,409 yyyy-MM-dd HH:mm:ss2026-09-05 11:14:04,409 yyyy-MM-dd HH:mm:ss2026-09-05 11:14:04,410 yyyy-MM-dd HH:mm:ss2026-09-05 11:14:04,410 yyyy-MM-dd HH:mm:ss2026-09-05 11:14:04,411 yyyy-MM-dd HH:mm:ss2026-09-05 11:14:04,413 yyyy-MM-dd HH:mm:ss2026-09-05 11:14:04,414 yyyy-MM-dd HH:mm:ss2026-09-05 11:14:04,415 yyyy-MM-dd HH:mm:ss2026-09-05 11:14:04,417 yyyy-MM-dd HH:mm:ss2026-09-05 11:14:04,417 yyyy-MM-dd HH:mm:ss2026-09-05 11:14:04,418 yyyy-MM-dd HH:mm:ss2026-09-05 11:14:04,418 yyyy-MM-dd HH:mm:ss2026-09-05 11:14:04,419 yyyy-MM-dd HH:mm:ss2026-09-05 11:14:04,422 yyyy-MM-dd HH:mm:ss2026-09-05 11:14:04,423 yyyy-MM-dd HH:mm:ss2026-09-05 11:14:04,423 yyyy-MM-dd HH:mm:ss2026-09-05 11:14:04,424 yyyy-MM-dd HH:mm:ss2026-09-05 11:14:04,424 yyyy-MM-dd HH:mm:ss2026-09-05 11:14:04,424 yyyy-MM-dd HH:mm:ss2026-09-05 11:14:04,424 yyyy-MM-dd HH:mm:ss2026-09-05 11:14:04,430 yyyy-MM-dd HH:mm:ss2026-09-05 11:14:04,430 yyyy-MM-dd HH:mm:ss2026-09-05 11:14:04,431 yyyy-MM-dd HH:mm:ss2026-09-05 11:14:04,431 yyyy-MM-dd HH:mm:ss2026-09-05 11:14:04,432 yyyy-MM-dd HH:mm:ss2026-09-05 11:14:04,434 yyyy-MM-dd HH:mm:ss2026-09-05 11:14:04,434 yyyy-MM-dd HH:mm:ss2026-09-05 11:14:04,436 yyyy-MM-dd HH:mm:ss2026-09-05 11:14:04,437 yyyy-MM-dd HH:mm:ss2026-09-05 11:14:04,438 yyyy-MM-dd HH:mm:ss2026-09-05 11:14:04,439 yyyy-MM-dd HH:mm:ss2026-09-05 11:14:04,443 yyyy-MM-dd HH:mm:ss2026-09-05 11:14:04,445 yyyy-MM-dd HH:mm:ss2026-09-05 11:14:04,445 yyyy-MM-dd HH:mm:ss2026-09-05 11:14:04,445 yyyy-MM-dd HH:mm:ss2026-09-05 11:14:04,447 yyyy-MM-dd HH:mm:ss2026-09-05 11:14:04,447 yyyy-MM-dd HH:mm:ss2026-09-05 11:14:04,452 yyyy-MM-dd HH:mm:ss2026-09-05 11:14:04,453 yyyy-MM-dd HH:mm:ss2026-09-05 11:14:04,456 yyyy-MM-dd HH:mm:ss2026-09-05 11:14:04,456 yyyy-MM-dd HH:mm:ss2026-09-05 11:14:04,458 yyyy-MM-dd HH:mm:ss2026-09-05 11:14:04,461 yyyy-MM-dd HH:mm:ss2026-09-05 11:14:04,461 yyyy-MM-dd HH:mm:ss2026-09-05 11:14:04,472 yyyy-MM-dd HH:mm:ss2026-09-05 11:14:04,473 yyyy-MM-dd HH:mm:ss2026-09-05 11:14:04,474 yyyy-MM-dd HH:mm:ss2026-09-05 11:14:04,475 yyyy-MM-dd HH:mm:ss2026-09-05 11:14:04,484 yyyy-MM-dd HH:mm:ss2026-09-05 11:14:04,484 yyyy-MM-dd HH:mm:ss2026-09-05 11:14:04,491 yyyy-MM-dd HH:mm:ss2026-09-05 11:14:04,502 yyyy-MM-dd HH:mm:ss2026-09-05 11:14:04,502 yyyy-MM-dd HH:mm:ss2026-09-05 11:14:04,502 yyyy-MM-dd HH:mm:ss2026-09-05 11:14:04,543 yyyy-MM-dd HH:mm:ss2026-09-05 11:14:04,561 yyyy-MM-dd HH:mm:ss2026-09-05 11:14:04,563 yyyy-MM-dd HH:mm:ss2026-09-05 11:14:04,564 yyyy-MM-dd HH:mm:ss2026-09-05 11:14:04,564 yyyy-MM-dd HH:mm:ss2026-09-05 11:14:04,564 yyyy-MM-dd HH:mm:ss2026-09-05 11:14:04,564 yyyy-MM-dd HH:mm:ss2026-09-05 11:14:04,564 yyyy-MM-dd HH:mm:ss2026-09-05 11:14:04,564 yyyy-MM-dd HH:mm:ss2026-09-05 11:14:04,564 yyyy-MM-dd HH:mm:ss2026-09-05 11:14:04,564 yyyy-MM-dd HH:mm:ss2026-09-05 11:14:04,565 yyyy-MM-dd HH:mm:ss2026-09-05 11:14:04,565 yyyy-MM-dd HH:mm:ss2026-09-05 11:14:04,565 yyyy-MM-dd HH:mm:ss2026-09-05 11:14:04,565 yyyy-MM-dd HH:mm:ss2026-09-05 11:14:04,565 yyyy-MM-dd HH:mm:ss2026-09-05 11:14:04,565 yyyy-MM-dd HH:mm:ss2026-09-05 11:14:04,565 yyyy-MM-dd HH:mm:ss2026-09-05 11:14:04,565 yyyy-MM-dd HH:mm:ss2026-09-05 11:14:04,565 yyyy-MM-dd HH:mm:ss2026-09-05 11:14:04,565 yyyy-MM-dd HH:mm:ss2026-09-05 11:14:04,565 yyyy-MM-dd HH:mm:ss2026-09-05 11:14:04,565 yyyy-MM-dd HH:mm:ss2026-09-05 11:14:04,565 yyyy-MM-dd HH:mm:ss2026-09-05 11:14:04,565 yyyy-MM-dd HH:mm:ss2026-09-05 11:14:04,566 yyyy-MM-dd HH:mm:ss2026-09-05 11:14:04,566 yyyy-MM-dd HH:mm:ss2026-09-05 11:14:04,566 yyyy-MM-dd HH:mm:ss2026-09-05 11:14:04,566 yyyy-MM-dd HH:mm:ss2026-09-05 11:14:04,566 yyyy-MM-dd HH:mm:ss2026-09-05 11:14:04,566 yyyy-MM-dd HH:mm:ss2026-09-05 11:14:04,566 yyyy-MM-dd HH:mm:ss2026-09-05 11:14:04,566 yyyy-MM-dd HH:mm:ss2026-09-05 11:14:04,566 yyyy-MM-dd HH:mm:ss2026-09-05 11:14:04,566 yyyy-MM-dd HH:mm:ss2026-09-05 11:14:04,566 yyyy-MM-dd HH:mm:ss2026-09-05 11:14:04,566 yyyy-MM-dd HH:mm:ss2026-09-05 11:14:04,566 yyyy-MM-dd HH:mm:ss2026-09-05 11:14:04,566 yyyy-MM-dd HH:mm:ss2026-09-05 11:14:04,566 yyyy-MM-dd HH:mm:ss2026-09-05 11:14:04,567 yyyy-MM-dd HH:mm:ss2026-09-05 11:14:04,567 yyyy-MM-dd HH:mm:ss2026-09-05 11:14:04,567 yyyy-MM-dd HH:mm:ss2026-09-05 11:14:04,567 yyyy-MM-dd HH:mm:ss2026-09-05 11:14:04,577 yyyy-MM-dd HH:mm:ss2026-09-05 11:14:04,578 yyyy-MM-dd HH:mm:ss2026-09-05 11:14:04,578 yyyy-MM-dd HH:mm:ss2026-09-05 11:14:04,578 yyyy-MM-dd HH:mm:ss2026-09-05 11:14:04,578 yyyy-MM-dd HH:mm:ss2026-09-05 11:14:04,580 yyyy-MM-dd HH:mm:ss2026-09-05 11:14:04,580 yyyy-MM-dd HH:mm:ss2026-09-05 11:14:04,581 yyyy-MM-dd HH:mm:ss2026-09-05 11:14:04,582 yyyy-MM-dd HH:mm:ss2026-09-05 11:14:04,613 yyyy-MM-dd HH:mm:ss2026-09-05 11:14:04,613 yyyy-MM-dd HH:mm:ss2026-09-05 11:14:04,613 yyyy-MM-dd HH:mm:ss2026-09-05 11:14:04,620 yyyy-MM-dd HH:mm:ss2026-09-05 11:14:04,621 yyyy-MM-dd HH:mm:ss2026-09-05 11:14:04,622 yyyy-MM-dd HH:mm:ss2026-09-05 11:14:04,652 yyyy-MM-dd HH:mm:ss2026-09-05 11:14:04,655 yyyy-MM-dd HH:mm:ss2026-09-05 11:14:04,655 yyyy-MM-dd HH:mm:ss2026-09-05 11:14:04,655 yyyy-MM-dd HH:mm:ss2026-09-05 11:14:04,655 yyyy-MM-dd HH:mm:ss2026-09-05 11:14:04,655 yyyy-MM-dd HH:mm:ss2026-09-05 11:14:04,655 yyyy-MM-dd HH:mm:ss2026-09-05 11:14:04,657 yyyy-MM-dd HH:mm:ss2026-09-05 11:14:04,658 yyyy-MM-dd HH:mm:ss2026-09-05 11:14:04,659 yyyy-MM-dd HH:mm:ss2026-09-05 11:14:04,659 yyyy-MM-dd HH:mm:ss2026-09-05 11:14:04,659 yyyy-MM-dd HH:mm:ss2026-09-05 11:14:04,659 yyyy-MM-dd HH:mm:ss2026-09-05 11:14:04,659 yyyy-MM-dd HH:mm:ss2026-09-05 11:14:04,682 yyyy-MM-dd HH:mm:ss2026-09-05 11:14:04,683 yyyy-MM-dd HH:mm:ss2026-09-05 11:14:04,686 yyyy-MM-dd HH:mm:ss2026-09-05 11:14:04,695 yyyy-MM-dd HH:mm:ss2026-09-05 11:14:04,695 yyyy-MM-dd HH:mm:ss2026-09-05 11:14:04,722 yyyy-MM-dd HH:mm:ss2026-09-05 11:14:04,731 yyyy-MM-dd HH:mm:ss2026-09-05 11:14:04,731 yyyy-MM-dd HH:mm:ss2026-09-05 11:14:04,739 yyyy-MM-dd HH:mm:ss2026-09-05 11:14:04,739 yyyy-MM-dd HH:mm:ss2026-09-05 11:14:04,742 yyyy-MM-dd HH:mm:ss2026-09-05 11:14:04,744 yyyy-MM-dd HH:mm:ss2026-09-05 11:14:04,745 yyyy-MM-dd HH:mm:ss2026-09-05 11:14:04,770 yyyy-MM-dd HH:mm:ss2026-09-05 11:14:04,778 yyyy-MM-dd HH:mm:ss2026-09-05 11:14:04,778 yyyy-MM-dd HH:mm:ss2026-09-05 11:14:04,786 yyyy-MM-dd HH:mm:ss2026-09-05 11:14:04,786 yyyy-MM-dd HH:mm:ss2026-09-05 11:14:04,789 yyyy-MM-dd HH:mm:ss2026-09-05 11:14:04,811 yyyy-MM-dd HH:mm:ss2026-09-05 11:14:04,823 yyyy-MM-dd HH:mm:ss2026-09-05 11:14:04,823 yyyy-MM-dd HH:mm:ss2026-09-05 11:14:04,832 yyyy-MM-dd HH:mm:ss2026-09-05 11:14:04,833 yyyy-MM-dd HH:mm:ss2026-09-05 11:14:04,833 yyyy-MM-dd HH:mm:ss2026-09-05 11:14:04,865 yyyy-MM-dd HH:mm:ss2026-09-05 11:14:04,871 yyyy-MM-dd HH:mm:ss2026-09-05 11:14:04,871 yyyy-MM-dd HH:mm:ss2026-09-05 11:14:04,878 yyyy-MM-dd HH:mm:ss2026-09-05 11:14:04,879 yyyy-MM-dd HH:mm:ss2026-09-05 11:14:04,897 yyyy-MM-dd HH:mm:ss2026-09-05 11:14:04,917 yyyy-MM-dd HH:mm:ss2026-09-05 11:14:04,917 yyyy-MM-dd HH:mm:ss2026-09-05 11:14:04,926 yyyy-MM-dd HH:mm:ss2026-09-05 11:14:04,926 yyyy-MM-dd HH:mm:ss2026-09-05 11:14:04,930 yyyy-MM-dd HH:mm:ss2026-09-05 11:14:04,964 yyyy-MM-dd HH:mm:ss2026-09-05 11:14:04,964 yyyy-MM-dd HH:mm:ss2026-09-05 11:14:04,978 yyyy-MM-dd HH:mm:ss2026-09-05 11:14:04,978 yyyy-MM-dd HH:mm:ss2026-09-05 11:14:05,011 yyyy-MM-dd HH:mm:ss2026-09-05 11:14:05,011 yyyy-MM-dd HH:mm:ss2026-09-05 11:14:05,021 yyyy-MM-dd HH:mm:ss2026-09-05 11:14:05,021 yyyy-MM-dd HH:mm:ss2026-09-05 11:14:05,023 yyyy-MM-dd HH:mm:ss2026-09-05 11:14:05,023 yyyy-MM-dd HH:mm:ss2026-09-05 11:14:05,049 yyyy-MM-dd HH:mm:ss2026-09-05 11:14:05,049 yyyy-MM-dd HH:mm:ss2026-09-05 11:14:05,051 yyyy-MM-dd HH:mm:ss2026-09-05 11:14:05,057 yyyy-MM-dd HH:mm:ss2026-09-05 11:14:05,057 yyyy-MM-dd HH:mm:ss2026-09-05 11:14:05,057 yyyy-MM-dd HH:mm:ss2026-09-05 11:14:05,057 yyyy-MM-dd HH:mm:ss2026-09-05 11:14:05,061 yyyy-MM-dd HH:mm:ss2026-09-05 11:14:05,067 yyyy-MM-dd HH:mm:ss2026-09-05 11:14:05,067 yyyy-MM-dd HH:mm:ss2026-09-05 11:14:05,073 yyyy-MM-dd HH:mm:ss2026-09-05 11:14:05,074 yyyy-MM-dd HH:mm:ss2026-09-05 11:14:05,075 yyyy-MM-dd HH:mm:ss2026-09-05 11:14:05,079 yyyy-MM-dd HH:mm:ss2026-09-05 11:14:05,081 yyyy-MM-dd HH:mm:ss2026-09-05 11:14:05,081 yyyy-MM-dd HH:mm:ss2026-09-05 11:14:05,086 yyyy-MM-dd HH:mm:ss2026-09-05 11:14:05,089 yyyy-MM-dd HH:mm:ss2026-09-05 11:14:05,090 yyyy-MM-dd HH:mm:ss2026-09-05 11:14:05,095 yyyy-MM-dd HH:mm:ss2026-09-05 11:14:05,095 yyyy-MM-dd HH:mm:ss2026-09-05 11:14:05,096 yyyy-MM-dd HH:mm:ss2026-09-05 11:14:05,098 yyyy-MM-dd HH:mm:ss2026-09-05 11:14:05,099 yyyy-MM-dd HH:mm:ss2026-09-05 11:14:05,099 yyyy-MM-dd HH:mm:ss2026-09-05 11:14:05,100 yyyy-MM-dd HH:mm:ss2026-09-05 11:14:05,103 yyyy-MM-dd HH:mm:ss2026-09-05 11:14:05,103 yyyy-MM-dd HH:mm:ss2026-09-05 11:14:05,104 yyyy-MM-dd HH:mm:ss2026-09-05 11:14:05,106 yyyy-MM-dd HH:mm:ss2026-09-05 11:14:05,113 yyyy-MM-dd HH:mm:ss2026-09-05 11:14:05,125 yyyy-MM-dd HH:mm:ss2026-09-05 11:14:05,127 yyyy-MM-dd HH:mm:ss2026-09-05 11:14:05,128 yyyy-MM-dd HH:mm:ss2026-09-05 11:14:05,128 yyyy-MM-dd HH:mm:ss2026-09-05 11:14:05,129 yyyy-MM-dd HH:mm:ss2026-09-05 11:14:05,130 yyyy-MM-dd HH:mm:ss2026-09-05 11:14:05,131 yyyy-MM-dd HH:mm:ss2026-09-05 11:14:05,142 yyyy-MM-dd HH:mm:ss2026-09-05 11:14:05,147 yyyy-MM-dd HH:mm:ss2026-09-05 11:14:05,150 yyyy-MM-dd HH:mm:ss2026-09-05 11:14:05,151 yyyy-MM-dd HH:mm:ss2026-09-05 11:14:05,152 yyyy-MM-dd HH:mm:ss2026-09-05 11:14:05,153 yyyy-MM-dd HH:mm:ss2026-09-05 11:14:05,153 yyyy-MM-dd HH:mm:ss2026-09-05 11:14:05,155 yyyy-MM-dd HH:mm:ss2026-09-05 11:14:05,156 yyyy-MM-dd HH:mm:ss2026-09-05 11:14:05,157 yyyy-MM-dd HH:mm:ss2026-09-05 11:14:05,158 yyyy-MM-dd HH:mm:ss2026-09-05 11:14:05,158 yyyy-MM-dd HH:mm:ss2026-09-05 11:14:05,159 yyyy-MM-dd HH:mm:ss2026-09-05 11:14:05,160 yyyy-MM-dd HH:mm:ss2026-09-05 11:14:05,161 yyyy-MM-dd HH:mm:ss2026-09-05 11:14:05,161 yyyy-MM-dd HH:mm:ss2026-09-05 11:14:05,162 yyyy-MM-dd HH:mm:ss2026-09-05 11:14:05,162 yyyy-MM-dd HH:mm:ss2026-09-05 11:14:05,163 yyyy-MM-dd HH:mm:ss2026-09-05 11:14:05,163 yyyy-MM-dd HH:mm:ss2026-09-05 11:14:05,163 yyyy-MM-dd HH:mm:ss2026-09-05 11:14:05,163 yyyy-MM-dd HH:mm:ss2026-09-05 11:14:05,163 yyyy-MM-dd HH:mm:ss2026-09-05 11:14:05,163 yyyy-MM-dd HH:mm:ss2026-09-05 11:14:05,163 yyyy-MM-dd HH:mm:ss2026-09-05 11:14:05,165 yyyy-MM-dd HH:mm:ss2026-09-05 11:14:05,166 yyyy-MM-dd HH:mm:ss2026-09-05 11:14:05,166 yyyy-MM-dd HH:mm:ss2026-09-05 11:14:05,166 yyyy-MM-dd HH:mm:ss2026-09-05 11:14:05,166 yyyy-MM-dd HH:mm:ss2026-09-05 11:14:05,166 yyyy-MM-dd HH:mm:ss2026-09-05 11:14:05,169 yyyy-MM-dd HH:mm:ss2026-09-05 11:14:05,169 yyyy-MM-dd HH:mm:ss2026-09-05 11:14:05,170 yyyy-MM-dd HH:mm:ss2026-09-05 11:14:05,171 yyyy-MM-dd HH:mm:ss2026-09-05 11:14:05,172 yyyy-MM-dd HH:mm:ss2026-09-05 11:14:05,172 yyyy-MM-dd HH:mm:ss2026-09-05 11:14:05,172 yyyy-MM-dd HH:mm:ss2026-09-05 11:14:05,173 yyyy-MM-dd HH:mm:ss2026-09-05 11:14:05,174 yyyy-MM-dd HH:mm:ss2026-09-05 11:14:05,174 yyyy-MM-dd HH:mm:ss2026-09-05 11:14:05,176 yyyy-MM-dd HH:mm:ss2026-09-05 11:14:05,177 yyyy-MM-dd HH:mm:ss2026-09-05 11:14:05,177 yyyy-MM-dd HH:mm:ss2026-09-05 11:14:05,177 yyyy-MM-dd HH:mm:ss2026-09-05 11:14:05,180 yyyy-MM-dd HH:mm:ss2026-09-05 11:14:05,181 yyyy-MM-dd HH:mm:ss2026-09-05 11:14:05,181 yyyy-MM-dd HH:mm:ss2026-09-05 11:14:05,181 yyyy-MM-dd HH:mm:ss2026-09-05 11:14:05,182 yyyy-MM-dd HH:mm:ss2026-09-05 11:14:05,182 yyyy-MM-dd HH:mm:ss2026-09-05 11:14:05,183 yyyy-MM-dd HH:mm:ss2026-09-05 11:14:05,185 yyyy-MM-dd HH:mm:ss2026-09-05 11:14:05,185 yyyy-MM-dd HH:mm:ss2026-09-05 11:14:05,186 yyyy-MM-dd HH:mm:ss2026-09-05 11:14:05,192 yyyy-MM-dd HH:mm:ss2026-09-05 11:14:05,193 yyyy-MM-dd HH:mm:ss2026-09-05 11:14:05,202 yyyy-MM-dd HH:mm:ss2026-09-05 11:14:05,203 yyyy-MM-dd HH:mm:ss2026-09-05 11:14:05,212 yyyy-MM-dd HH:mm:ss2026-09-05 11:14:05,212 yyyy-MM-dd HH:mm:ss2026-09-05 11:14:05,215 yyyy-MM-dd HH:mm:ss2026-09-05 11:14:05,215 yyyy-MM-dd HH:mm:ss2026-09-05 11:14:05,217 yyyy-MM-dd HH:mm:ss2026-09-05 11:14:05,217 yyyy-MM-dd HH:mm:ss2026-09-05 11:14:05,217 yyyy-MM-dd HH:mm:ss2026-09-05 11:14:05,217 yyyy-MM-dd HH:mm:ss2026-09-05 11:14:05,217 yyyy-MM-dd HH:mm:ss2026-09-05 11:14:05,218 yyyy-MM-dd HH:mm:ss2026-09-05 11:14:05,218 yyyy-MM-dd HH:mm:ss2026-09-05 11:14:05,220 yyyy-MM-dd HH:mm:ss2026-09-05 11:14:05,220 yyyy-MM-dd HH:mm:ss2026-09-05 11:14:05,220 yyyy-MM-dd HH:mm:ss2026-09-05 11:14:05,220 yyyy-MM-dd HH:mm:ss2026-09-05 11:14:05,221 yyyy-MM-dd HH:mm:ss2026-09-05 11:14:05,221 yyyy-MM-dd HH:mm:ss2026-09-05 11:14:05,222 yyyy-MM-dd HH:mm:ss2026-09-05 11:14:05,222 yyyy-MM-dd HH:mm:ss2026-09-05 11:14:05,222 yyyy-MM-dd HH:mm:ss2026-09-05 11:14:05,223 yyyy-MM-dd HH:mm:ss2026-09-05 11:14:05,223 yyyy-MM-dd HH:mm:ss2026-09-05 11:14:05,224 yyyy-MM-dd HH:mm:ss2026-09-05 11:14:05,225 yyyy-MM-dd HH:mm:ss2026-09-05 11:14:05,225 yyyy-MM-dd HH:mm:ss2026-09-05 11:14:05,225 yyyy-MM-dd HH:mm:ss2026-09-05 11:14:05,226 yyyy-MM-dd HH:mm:ss2026-09-05 11:14:05,226 yyyy-MM-dd HH:mm:ss2026-09-05 11:14:05,227 yyyy-MM-dd HH:mm:ss2026-09-05 11:14:05,227 yyyy-MM-dd HH:mm:ss2026-09-05 11:14:05,229 yyyy-MM-dd HH:mm:ss2026-09-05 11:14:05,231 yyyy-MM-dd HH:mm:ss2026-09-05 11:14:05,231 yyyy-MM-dd HH:mm:ss2026-09-05 11:14:05,236 yyyy-MM-dd HH:mm:ss2026-09-05 11:14:05,237 yyyy-MM-dd HH:mm:ss2026-09-05 11:14:05,237 yyyy-MM-dd HH:mm:ss2026-09-05 11:14:05,237 yyyy-MM-dd HH:mm:ss2026-09-05 11:14:05,242 yyyy-MM-dd HH:mm:ss2026-09-05 11:14:05,242 yyyy-MM-dd HH:mm:ss2026-09-05 11:14:05,242 yyyy-MM-dd HH:mm:ss2026-09-05 11:14:05,242 yyyy-MM-dd HH:mm:ss2026-09-05 11:14:05,245 yyyy-MM-dd HH:mm:ss2026-09-05 11:14:05,246 yyyy-MM-dd HH:mm:ss2026-09-05 11:14:05,247 yyyy-MM-dd HH:mm:ss2026-09-05 11:14:05,247 yyyy-MM-dd HH:mm:ss2026-09-05 11:14:05,249 yyyy-MM-dd HH:mm:ss2026-09-05 11:14:05,249 yyyy-MM-dd HH:mm:ss2026-09-05 11:14:05,251 yyyy-MM-dd HH:mm:ss2026-09-05 11:14:05,251 yyyy-MM-dd HH:mm:ss2026-09-05 11:14:05,252 yyyy-MM-dd HH:mm:ss2026-09-05 11:14:05,253 yyyy-MM-dd HH:mm:ss2026-09-05 11:14:05,254 yyyy-MM-dd HH:mm:ss2026-09-05 11:14:05,254 yyyy-MM-dd HH:mm:ss2026-09-05 11:14:05,255 yyyy-MM-dd HH:mm:ss2026-09-05 11:14:05,255 yyyy-MM-dd HH:mm:ss2026-09-05 11:14:05,256 yyyy-MM-dd HH:mm:ss2026-09-05 11:14:05,256 yyyy-MM-dd HH:mm:ss2026-09-05 11:14:05,257 yyyy-MM-dd HH:mm:ss2026-09-05 11:14:05,257 yyyy-MM-dd HH:mm:ss2026-09-05 11:14:05,258 yyyy-MM-dd HH:mm:ss2026-09-05 11:14:05,260 yyyy-MM-dd HH:mm:ss2026-09-05 11:14:05,261 yyyy-MM-dd HH:mm:ss2026-09-05 11:14:05,262 yyyy-MM-dd HH:mm:ss2026-09-05 11:14:05,263 yyyy-MM-dd HH:mm:ss2026-09-05 11:14:05,263 yyyy-MM-dd HH:mm:ss2026-09-05 11:14:05,264 yyyy-MM-dd HH:mm:ss2026-09-05 11:14:05,264 yyyy-MM-dd HH:mm:ss2026-09-05 11:14:05,265 yyyy-MM-dd HH:mm:ss2026-09-05 11:14:05,268 yyyy-MM-dd HH:mm:ss2026-09-05 11:14:05,269 yyyy-MM-dd HH:mm:ss2026-09-05 11:14:05,269 yyyy-MM-dd HH:mm:ss2026-09-05 11:14:05,270 yyyy-MM-dd HH:mm:ss2026-09-05 11:14:05,270 yyyy-MM-dd HH:mm:ss2026-09-05 11:14:05,279 yyyy-MM-dd HH:mm:ss2026-09-05 11:14:05,279 yyyy-MM-dd HH:mm:ss2026-09-05 11:14:05,280 yyyy-MM-dd HH:mm:ss2026-09-05 11:14:05,285 yyyy-MM-dd HH:mm:ss2026-09-05 11:14:05,286 yyyy-MM-dd HH:mm:ss2026-09-05 11:14:05,287 yyyy-MM-dd HH:mm:ss2026-09-05 11:14:05,288 yyyy-MM-dd HH:mm:ss2026-09-05 11:14:05,288 yyyy-MM-dd HH:mm:ss2026-09-05 11:14:05,289 yyyy-MM-dd HH:mm:ss2026-09-05 11:14:05,290 yyyy-MM-dd HH:mm:ss2026-09-05 11:14:05,293 yyyy-MM-dd HH:mm:ss2026-09-05 11:14:05,294 yyyy-MM-dd HH:mm:ss2026-09-05 11:14:05,294 yyyy-MM-dd HH:mm:ss2026-09-05 11:14:05,299 yyyy-MM-dd HH:mm:ss2026-09-05 11:14:05,304 yyyy-MM-dd HH:mm:ss2026-09-05 11:14:05,304 yyyy-MM-dd HH:mm:ss2026-09-05 11:14:05,304 yyyy-MM-dd HH:mm:ss2026-09-05 11:14:05,304 yyyy-MM-dd HH:mm:ss2026-09-05 11:14:05,307 yyyy-MM-dd HH:mm:ss2026-09-05 11:14:05,311 yyyy-MM-dd HH:mm:ss2026-09-05 11:14:05,316 yyyy-MM-dd HH:mm:ss2026-09-05 11:14:05,322 yyyy-MM-dd HH:mm:ss2026-09-05 11:14:05,326 yyyy-MM-dd HH:mm:ss2026-09-05 11:14:05,328 yyyy-MM-dd HH:mm:ss2026-09-05 11:14:05,329 yyyy-MM-dd HH:mm:ss2026-09-05 11:14:05,330 yyyy-MM-dd HH:mm:ss2026-09-05 11:14:05,331 yyyy-MM-dd HH:mm:ss2026-09-05 11:14:05,331 yyyy-MM-dd HH:mm:ss2026-09-05 11:14:05,331 yyyy-MM-dd HH:mm:ss2026-09-05 11:14:05,332 yyyy-MM-dd HH:mm:ss2026-09-05 11:14:05,332 yyyy-MM-dd HH:mm:ss2026-09-05 11:14:05,332 yyyy-MM-dd HH:mm:ss2026-09-05 11:14:05,332 yyyy-MM-dd HH:mm:ss2026-09-05 11:14:05,332 yyyy-MM-dd HH:mm:ss2026-09-05 11:14:05,333 yyyy-MM-dd HH:mm:ss2026-09-05 11:14:05,334 yyyy-MM-dd HH:mm:ss2026-09-05 11:14:05,335 yyyy-MM-dd HH:mm:ss2026-09-05 11:14:05,335 yyyy-MM-dd HH:mm:ss2026-09-05 11:14:05,335 yyyy-MM-dd HH:mm:ss2026-09-05 11:14:05,337 yyyy-MM-dd HH:mm:ss2026-09-05 11:14:05,338 yyyy-MM-dd HH:mm:ss2026-09-05 11:14:05,338 yyyy-MM-dd HH:mm:ss2026-09-05 11:14:05,338 yyyy-MM-dd HH:mm:ss2026-09-05 11:14:05,342 yyyy-MM-dd HH:mm:ss2026-09-05 11:14:05,343 yyyy-MM-dd HH:mm:ss2026-09-05 11:14:05,343 yyyy-MM-dd HH:mm:ss2026-09-05 11:14:05,344 yyyy-MM-dd HH:mm:ss2026-09-05 11:14:05,344 yyyy-MM-dd HH:mm:ss2026-09-05 11:14:05,344 yyyy-MM-dd HH:mm:ss2026-09-05 11:14:05,345 yyyy-MM-dd HH:mm:ss2026-09-05 11:14:05,345 yyyy-MM-dd HH:mm:ss2026-09-05 11:14:05,346 yyyy-MM-dd HH:mm:ss2026-09-05 11:14:05,346 yyyy-MM-dd HH:mm:ss2026-09-05 11:14:05,350 yyyy-MM-dd HH:mm:ss2026-09-05 11:14:05,350 yyyy-MM-dd HH:mm:ss2026-09-05 11:14:05,351 yyyy-MM-dd HH:mm:ss2026-09-05 11:14:05,352 yyyy-MM-dd HH:mm:ss2026-09-05 11:14:05,352 yyyy-MM-dd HH:mm:ss2026-09-05 11:14:05,353 yyyy-MM-dd HH:mm:ss2026-09-05 11:14:05,354 yyyy-MM-dd HH:mm:ss2026-09-05 11:14:05,354 yyyy-MM-dd HH:mm:ss2026-09-05 11:14:05,355 yyyy-MM-dd HH:mm:ss2026-09-05 11:14:05,356 yyyy-MM-dd HH:mm:ss2026-09-05 11:14:05,357 yyyy-MM-dd HH:mm:ss2026-09-05 11:14:05,357 yyyy-MM-dd HH:mm:ss2026-09-05 11:14:05,357 yyyy-MM-dd HH:mm:ss2026-09-05 11:14:05,358 yyyy-MM-dd HH:mm:ss2026-09-05 11:14:05,358 yyyy-MM-dd HH:mm:ss2026-09-05 11:14:05,358 yyyy-MM-dd HH:mm:ss2026-09-05 11:14:05,359 yyyy-MM-dd HH:mm:ss2026-09-05 11:14:05,361 yyyy-MM-dd HH:mm:ss2026-09-05 11:14:05,362 yyyy-MM-dd HH:mm:ss2026-09-05 11:14:05,362 yyyy-MM-dd HH:mm:ss2026-09-05 11:14:05,363 yyyy-MM-dd HH:mm:ss2026-09-05 11:14:05,363 yyyy-MM-dd HH:mm:ss2026-09-05 11:14:05,363 yyyy-MM-dd HH:mm:ss2026-09-05 11:14:05,364 yyyy-MM-dd HH:mm:ss2026-09-05 11:14:05,364 yyyy-MM-dd HH:mm:ss2026-09-05 11:14:05,365 yyyy-MM-dd HH:mm:ss2026-09-05 11:14:05,365 yyyy-MM-dd HH:mm:ss2026-09-05 11:14:05,365 yyyy-MM-dd HH:mm:ss2026-09-05 11:14:05,366 yyyy-MM-dd HH:mm:ss2026-09-05 11:14:05,367 yyyy-MM-dd HH:mm:ss2026-09-05 11:14:05,367 yyyy-MM-dd HH:mm:ss2026-09-05 11:14:05,367 yyyy-MM-dd HH:mm:ss2026-09-05 11:14:05,368 yyyy-MM-dd HH:mm:ss2026-09-05 11:14:05,368 yyyy-MM-dd HH:mm:ss2026-09-05 11:14:05,369 yyyy-MM-dd HH:mm:ss2026-09-05 11:14:05,369 yyyy-MM-dd HH:mm:ss2026-09-05 11:14:05,370 yyyy-MM-dd HH:mm:ss2026-09-05 11:14:05,370 yyyy-MM-dd HH:mm:ss2026-09-05 11:14:05,370 yyyy-MM-dd HH:mm:ss2026-09-05 11:14:05,371 yyyy-MM-dd HH:mm:ss2026-09-05 11:14:05,373 yyyy-MM-dd HH:mm:ss2026-09-05 11:14:05,373 yyyy-MM-dd HH:mm:ss2026-09-05 11:14:05,375 yyyy-MM-dd HH:mm:ss2026-09-05 11:14:05,375 yyyy-MM-dd HH:mm:ss2026-09-05 11:14:05,375 yyyy-MM-dd HH:mm:ss2026-09-05 11:14:05,376 yyyy-MM-dd HH:mm:ss2026-09-05 11:14:05,378 yyyy-MM-dd HH:mm:ss2026-09-05 11:14:05,378 yyyy-MM-dd HH:mm:ss2026-09-05 11:14:05,378 yyyy-MM-dd HH:mm:ss2026-09-05 11:14:05,378 yyyy-MM-dd HH:mm:ss2026-09-05 11:14:05,379 yyyy-MM-dd HH:mm:ss2026-09-05 11:14:05,380 yyyy-MM-dd HH:mm:ss2026-09-05 11:14:05,381 yyyy-MM-dd HH:mm:ss2026-09-05 11:14:05,381 yyyy-MM-dd HH:mm:ss2026-09-05 11:14:05,383 yyyy-MM-dd HH:mm:ss2026-09-05 11:14:05,383 yyyy-MM-dd HH:mm:ss2026-09-05 11:14:05,384 yyyy-MM-dd HH:mm:ss2026-09-05 11:14:05,384 yyyy-MM-dd HH:mm:ss2026-09-05 11:14:05,385 yyyy-MM-dd HH:mm:ss2026-09-05 11:14:05,386 yyyy-MM-dd HH:mm:ss2026-09-05 11:14:05,386 yyyy-MM-dd HH:mm:ss2026-09-05 11:14:05,386 yyyy-MM-dd HH:mm:ss2026-09-05 11:14:05,386 yyyy-MM-dd HH:mm:ss2026-09-05 11:14:05,386 yyyy-MM-dd HH:mm:ss2026-09-05 11:14:05,386 yyyy-MM-dd HH:mm:ss2026-09-05 11:14:05,386 yyyy-MM-dd HH:mm:ss2026-09-05 11:14:05,386 yyyy-MM-dd HH:mm:ss2026-09-05 11:14:05,386 yyyy-MM-dd HH:mm:ss2026-09-05 11:14:05,386 yyyy-MM-dd HH:mm:ss2026-09-05 11:14:05,387 yyyy-MM-dd HH:mm:ss2026-09-05 11:14:05,387 yyyy-MM-dd HH:mm:ss2026-09-05 11:14:05,388 yyyy-MM-dd HH:mm:ss2026-09-05 11:14:05,388 yyyy-MM-dd HH:mm:ss2026-09-05 11:14:05,388 yyyy-MM-dd HH:mm:ss2026-09-05 11:14:05,389 yyyy-MM-dd HH:mm:ss2026-09-05 11:14:05,389 yyyy-MM-dd HH:mm:ss2026-09-05 11:14:05,389 yyyy-MM-dd HH:mm:ss2026-09-05 11:14:05,390 yyyy-MM-dd HH:mm:ss2026-09-05 11:14:05,390 yyyy-MM-dd HH:mm:ss2026-09-05 11:14:05,390 yyyy-MM-dd HH:mm:ss2026-09-05 11:14:05,390 yyyy-MM-dd HH:mm:ss2026-09-05 11:14:05,390 yyyy-MM-dd HH:mm:ss2026-09-05 11:14:05,393 yyyy-MM-dd HH:mm:ss2026-09-05 11:14:05,393 yyyy-MM-dd HH:mm:ss2026-09-05 11:14:05,394 yyyy-MM-dd HH:mm:ss2026-09-05 11:14:05,394 yyyy-MM-dd HH:mm:ss2026-09-05 11:14:05,396 yyyy-MM-dd HH:mm:ss2026-09-05 11:14:05,396 yyyy-MM-dd HH:mm:ss2026-09-05 11:14:05,396 yyyy-MM-dd HH:mm:ss2026-09-05 11:14:05,396 yyyy-MM-dd HH:mm:ss2026-09-05 11:14:05,397 yyyy-MM-dd HH:mm:ss2026-09-05 11:14:05,398 yyyy-MM-dd HH:mm:ss2026-09-05 11:14:05,408 yyyy-MM-dd HH:mm:ss2026-09-05 11:14:05,409 yyyy-MM-dd HH:mm:ss2026-09-05 11:14:05,410 yyyy-MM-dd HH:mm:ss2026-09-05 11:14:05,411 yyyy-MM-dd HH:mm:ss2026-09-05 11:14:05,411 yyyy-MM-dd HH:mm:ss2026-09-05 11:14:05,411 yyyy-MM-dd HH:mm:ss2026-09-05 11:14:05,412 yyyy-MM-dd HH:mm:ss2026-09-05 11:14:05,414 yyyy-MM-dd HH:mm:ss2026-09-05 11:14:05,414 yyyy-MM-dd HH:mm:ss2026-09-05 11:14:05,415 yyyy-MM-dd HH:mm:ss2026-09-05 11:14:05,415 yyyy-MM-dd HH:mm:ss2026-09-05 11:14:05,416 yyyy-MM-dd HH:mm:ss2026-09-05 11:14:05,416 yyyy-MM-dd HH:mm:ss2026-09-05 11:14:05,418 yyyy-MM-dd HH:mm:ss2026-09-05 11:14:05,418 yyyy-MM-dd HH:mm:ss2026-09-05 11:14:05,418 yyyy-MM-dd HH:mm:ss2026-09-05 11:14:05,419 yyyy-MM-dd HH:mm:ss2026-09-05 11:14:05,419 yyyy-MM-dd HH:mm:ss2026-09-05 11:14:05,419 yyyy-MM-dd HH:mm:ss2026-09-05 11:14:05,419 yyyy-MM-dd HH:mm:ss2026-09-05 11:14:05,419 yyyy-MM-dd HH:mm:ss2026-09-05 11:14:05,421 yyyy-MM-dd HH:mm:ss2026-09-05 11:14:05,422 yyyy-MM-dd HH:mm:ss2026-09-05 11:14:05,422 yyyy-MM-dd HH:mm:ss2026-09-05 11:14:05,422 yyyy-MM-dd HH:mm:ss2026-09-05 11:14:05,426 yyyy-MM-dd HH:mm:ss2026-09-05 11:14:05,426 yyyy-MM-dd HH:mm:ss2026-09-05 11:14:05,426 yyyy-MM-dd HH:mm:ss2026-09-05 11:14:05,426 yyyy-MM-dd HH:mm:ss2026-09-05 11:14:05,426 yyyy-MM-dd HH:mm:ss2026-09-05 11:14:05,426 yyyy-MM-dd HH:mm:ss2026-09-05 11:14:05,427 yyyy-MM-dd HH:mm:ss2026-09-05 11:14:05,429 yyyy-MM-dd HH:mm:ss2026-09-05 11:14:05,429 yyyy-MM-dd HH:mm:ss2026-09-05 11:14:05,431 yyyy-MM-dd HH:mm:ss2026-09-05 11:14:05,433 yyyy-MM-dd HH:mm:ss2026-09-05 11:14:05,437 yyyy-MM-dd HH:mm:ss2026-09-05 11:14:05,438 yyyy-MM-dd HH:mm:ss2026-09-05 11:14:05,438 yyyy-MM-dd HH:mm:ss2026-09-05 11:14:05,438 yyyy-MM-dd HH:mm:ss2026-09-05 11:14:05,448 yyyy-MM-dd HH:mm:ss2026-09-05 11:14:05,448 yyyy-MM-dd HH:mm:ss2026-09-05 11:14:05,448 yyyy-MM-dd HH:mm:ss2026-09-05 11:14:05,448 yyyy-MM-dd HH:mm:ss2026-09-05 11:14:05,448 yyyy-MM-dd HH:mm:ss2026-09-05 11:14:05,449 yyyy-MM-dd HH:mm:ss2026-09-05 11:14:05,449 yyyy-MM-dd HH:mm:ss2026-09-05 11:14:05,450 yyyy-MM-dd HH:mm:ss2026-09-05 11:14:05,450 yyyy-MM-dd HH:mm:ss2026-09-05 11:14:05,450 yyyy-MM-dd HH:mm:ss2026-09-05 11:14:05,451 yyyy-MM-dd HH:mm:ss2026-09-05 11:14:05,452 yyyy-MM-dd HH:mm:ss2026-09-05 11:14:05,453 yyyy-MM-dd HH:mm:ss2026-09-05 11:14:05,454 yyyy-MM-dd HH:mm:ss2026-09-05 11:14:05,455 yyyy-MM-dd HH:mm:ss2026-09-05 11:14:05,455 yyyy-MM-dd HH:mm:ss2026-09-05 11:14:05,455 yyyy-MM-dd HH:mm:ss2026-09-05 11:14:05,456 yyyy-MM-dd HH:mm:ss2026-09-05 11:14:05,456 yyyy-MM-dd HH:mm:ss2026-09-05 11:14:05,457 yyyy-MM-dd HH:mm:ss2026-09-05 11:14:05,459 yyyy-MM-dd HH:mm:ss2026-09-05 11:14:05,459 yyyy-MM-dd HH:mm:ss2026-09-05 11:14:05,459 yyyy-MM-dd HH:mm:ss2026-09-05 11:14:05,460 yyyy-MM-dd HH:mm:ss2026-09-05 11:14:05,461 yyyy-MM-dd HH:mm:ss2026-09-05 11:14:05,461 yyyy-MM-dd HH:mm:ss2026-09-05 11:14:05,462 yyyy-MM-dd HH:mm:ss2026-09-05 11:14:05,462 yyyy-MM-dd HH:mm:ss2026-09-05 11:14:05,463 yyyy-MM-dd HH:mm:ss2026-09-05 11:14:05,463 yyyy-MM-dd HH:mm:ss2026-09-05 11:14:05,464 yyyy-MM-dd HH:mm:ss2026-09-05 11:14:05,464 yyyy-MM-dd HH:mm:ss2026-09-05 11:14:05,465 yyyy-MM-dd HH:mm:ss2026-09-05 11:14:05,467 yyyy-MM-dd HH:mm:ss2026-09-05 11:14:05,467 yyyy-MM-dd HH:mm:ss2026-09-05 11:14:05,467 yyyy-MM-dd HH:mm:ss2026-09-05 11:14:05,468 yyyy-MM-dd HH:mm:ss2026-09-05 11:14:05,469 yyyy-MM-dd HH:mm:ss2026-09-05 11:14:05,470 yyyy-MM-dd HH:mm:ss2026-09-05 11:14:05,471 yyyy-MM-dd HH:mm:ss2026-09-05 11:14:05,471 yyyy-MM-dd HH:mm:ss2026-09-05 11:14:05,471 yyyy-MM-dd HH:mm:ss2026-09-05 11:14:05,473 yyyy-MM-dd HH:mm:ss2026-09-05 11:14:05,474 yyyy-MM-dd HH:mm:ss2026-09-05 11:14:05,474 yyyy-MM-dd HH:mm:ss2026-09-05 11:14:05,475 yyyy-MM-dd HH:mm:ss2026-09-05 11:14:05,476 yyyy-MM-dd HH:mm:ss2026-09-05 11:14:05,476 yyyy-MM-dd HH:mm:ss2026-09-05 11:14:05,476 yyyy-MM-dd HH:mm:ss2026-09-05 11:14:05,482 yyyy-MM-dd HH:mm:ss2026-09-05 11:14:05,482 yyyy-MM-dd HH:mm:ss2026-09-05 11:14:05,484 yyyy-MM-dd HH:mm:ss2026-09-05 11:14:05,486 yyyy-MM-dd HH:mm:ss2026-09-05 11:14:05,486 yyyy-MM-dd HH:mm:ss2026-09-05 11:14:05,488 yyyy-MM-dd HH:mm:ss2026-09-05 11:14:05,488 yyyy-MM-dd HH:mm:ss2026-09-05 11:14:05,488 yyyy-MM-dd HH:mm:ss2026-09-05 11:14:05,489 yyyy-MM-dd HH:mm:ss2026-09-05 11:14:05,490 yyyy-MM-dd HH:mm:ss2026-09-05 11:14:05,492 yyyy-MM-dd HH:mm:ss2026-09-05 11:14:05,492 yyyy-MM-dd HH:mm:ss2026-09-05 11:14:05,492 yyyy-MM-dd HH:mm:ss2026-09-05 11:14:05,494 yyyy-MM-dd HH:mm:ss2026-09-05 11:14:05,494 yyyy-MM-dd HH:mm:ss2026-09-05 11:14:05,494 yyyy-MM-dd HH:mm:ss2026-09-05 11:14:05,495 yyyy-MM-dd HH:mm:ss2026-09-05 11:14:05,495 yyyy-MM-dd HH:mm:ss2026-09-05 11:14:05,495 yyyy-MM-dd HH:mm:ss2026-09-05 11:14:05,496 yyyy-MM-dd HH:mm:ss2026-09-05 11:14:05,496 yyyy-MM-dd HH:mm:ss2026-09-05 11:14:05,497 yyyy-MM-dd HH:mm:ss2026-09-05 11:14:05,497 yyyy-MM-dd HH:mm:ss2026-09-05 11:14:05,498 yyyy-MM-dd HH:mm:ss2026-09-05 11:14:05,498 yyyy-MM-dd HH:mm:ss2026-09-05 11:14:05,498 yyyy-MM-dd HH:mm:ss2026-09-05 11:14:05,499 yyyy-MM-dd HH:mm:ss2026-09-05 11:14:05,500 yyyy-MM-dd HH:mm:ss2026-09-05 11:14:05,501 yyyy-MM-dd HH:mm:ss2026-09-05 11:14:05,501 yyyy-MM-dd HH:mm:ss2026-09-05 11:14:05,502 yyyy-MM-dd HH:mm:ss2026-09-05 11:14:05,502 yyyy-MM-dd HH:mm:ss2026-09-05 11:14:05,503 yyyy-MM-dd HH:mm:ss2026-09-05 11:14:05,504 yyyy-MM-dd HH:mm:ss2026-09-05 11:14:05,506 yyyy-MM-dd HH:mm:ss2026-09-05 11:14:05,507 yyyy-MM-dd HH:mm:ss2026-09-05 11:14:05,507 yyyy-MM-dd HH:mm:ss2026-09-05 11:14:05,509 yyyy-MM-dd HH:mm:ss2026-09-05 11:14:05,510 yyyy-MM-dd HH:mm:ss2026-09-05 11:14:05,510 yyyy-MM-dd HH:mm:ss2026-09-05 11:14:05,510 yyyy-MM-dd HH:mm:ss2026-09-05 11:14:05,510 yyyy-MM-dd HH:mm:ss2026-09-05 11:14:05,510 yyyy-MM-dd HH:mm:ss2026-09-05 11:14:05,510 yyyy-MM-dd HH:mm:ss2026-09-05 11:14:05,510 yyyy-MM-dd HH:mm:ss2026-09-05 11:14:05,512 yyyy-MM-dd HH:mm:ss2026-09-05 11:14:05,512 yyyy-MM-dd HH:mm:ss2026-09-05 11:14:05,512 yyyy-MM-dd HH:mm:ss2026-09-05 11:14:05,519 yyyy-MM-dd HH:mm:ss2026-09-05 11:14:05,520 yyyy-MM-dd HH:mm:ss2026-09-05 11:14:05,520 yyyy-MM-dd HH:mm:ss2026-09-05 11:14:05,522 yyyy-MM-dd HH:mm:ss2026-09-05 11:14:05,522 yyyy-MM-dd HH:mm:ss2026-09-05 11:14:05,523 yyyy-MM-dd HH:mm:ss2026-09-05 11:14:05,524 yyyy-MM-dd HH:mm:ss2026-09-05 11:14:05,524 yyyy-MM-dd HH:mm:ss2026-09-05 11:14:05,525 yyyy-MM-dd HH:mm:ss2026-09-05 11:14:05,526 yyyy-MM-dd HH:mm:ss2026-09-05 11:14:05,528 yyyy-MM-dd HH:mm:ss2026-09-05 11:14:05,528 yyyy-MM-dd HH:mm:ss2026-09-05 11:14:05,529 yyyy-MM-dd HH:mm:ss2026-09-05 11:14:05,530 yyyy-MM-dd HH:mm:ss2026-09-05 11:14:05,532 yyyy-MM-dd HH:mm:ss2026-09-05 11:14:05,532 yyyy-MM-dd HH:mm:ss2026-09-05 11:14:05,534 yyyy-MM-dd HH:mm:ss2026-09-05 11:14:05,537 yyyy-MM-dd HH:mm:ss2026-09-05 11:14:05,537 yyyy-MM-dd HH:mm:ss2026-09-05 11:14:05,542 yyyy-MM-dd HH:mm:ss2026-09-05 11:14:05,542 yyyy-MM-dd HH:mm:ss2026-09-05 11:14:05,543 yyyy-MM-dd HH:mm:ss2026-09-05 11:14:05,543 yyyy-MM-dd HH:mm:ss2026-09-05 11:14:05,546 yyyy-MM-dd HH:mm:ss2026-09-05 11:14:05,546 yyyy-MM-dd HH:mm:ss2026-09-05 11:14:05,546 yyyy-MM-dd HH:mm:ss2026-09-05 11:14:05,547 yyyy-MM-dd HH:mm:ss2026-09-05 11:14:05,547 yyyy-MM-dd HH:mm:ss2026-09-05 11:14:05,548 yyyy-MM-dd HH:mm:ss2026-09-05 11:14:05,548 yyyy-MM-dd HH:mm:ss2026-09-05 11:14:05,549 yyyy-MM-dd HH:mm:ss2026-09-05 11:14:05,555 yyyy-MM-dd HH:mm:ss2026-09-05 11:14:05,555 yyyy-MM-dd HH:mm:ss2026-09-05 11:14:05,556 yyyy-MM-dd HH:mm:ss2026-09-05 11:14:05,556 yyyy-MM-dd HH:mm:ss2026-09-05 11:14:05,556 yyyy-MM-dd HH:mm:ss2026-09-05 11:14:05,559 yyyy-MM-dd HH:mm:ss2026-09-05 11:14:05,560 yyyy-MM-dd HH:mm:ss2026-09-05 11:14:05,560 yyyy-MM-dd HH:mm:ss2026-09-05 11:14:05,563 yyyy-MM-dd HH:mm:ss2026-09-05 11:14:05,564 yyyy-MM-dd HH:mm:ss2026-09-05 11:14:05,566 yyyy-MM-dd HH:mm:ss2026-09-05 11:14:05,566 yyyy-MM-dd HH:mm:ss2026-09-05 11:14:05,569 yyyy-MM-dd HH:mm:ss2026-09-05 11:14:05,570 yyyy-MM-dd HH:mm:ss2026-09-05 11:14:05,570 yyyy-MM-dd HH:mm:ss2026-09-05 11:14:05,571 yyyy-MM-dd HH:mm:ss2026-09-05 11:14:05,571 yyyy-MM-dd HH:mm:ss2026-09-05 11:14:05,572 yyyy-MM-dd HH:mm:ss2026-09-05 11:14:05,572 yyyy-MM-dd HH:mm:ss2026-09-05 11:14:05,573 yyyy-MM-dd HH:mm:ss2026-09-05 11:14:05,574 yyyy-MM-dd HH:mm:ss2026-09-05 11:14:05,575 yyyy-MM-dd HH:mm:ss2026-09-05 11:14:05,575 yyyy-MM-dd HH:mm:ss2026-09-05 11:14:05,576 yyyy-MM-dd HH:mm:ss2026-09-05 11:14:05,577 yyyy-MM-dd HH:mm:ss2026-09-05 11:14:05,579 yyyy-MM-dd HH:mm:ss2026-09-05 11:14:05,579 yyyy-MM-dd HH:mm:ss2026-09-05 11:14:05,580 yyyy-MM-dd HH:mm:ss2026-09-05 11:14:05,582 yyyy-MM-dd HH:mm:ss2026-09-05 11:14:05,582 yyyy-MM-dd HH:mm:ss2026-09-05 11:14:05,583 yyyy-MM-dd HH:mm:ss2026-09-05 11:14:05,583 yyyy-MM-dd HH:mm:ss2026-09-05 11:14:05,583 yyyy-MM-dd HH:mm:ss2026-09-05 11:14:05,584 yyyy-MM-dd HH:mm:ss2026-09-05 11:14:05,585 yyyy-MM-dd HH:mm:ss2026-09-05 11:14:05,586 yyyy-MM-dd HH:mm:ss2026-09-05 11:14:05,587 yyyy-MM-dd HH:mm:ss2026-09-05 11:14:05,588 yyyy-MM-dd HH:mm:ss2026-09-05 11:14:05,589 yyyy-MM-dd HH:mm:ss2026-09-05 11:14:05,590 yyyy-MM-dd HH:mm:ss2026-09-05 11:14:05,590 yyyy-MM-dd HH:mm:ss2026-09-05 11:14:05,590 yyyy-MM-dd HH:mm:ss2026-09-05 11:14:05,591 yyyy-MM-dd HH:mm:ss2026-09-05 11:14:05,592 yyyy-MM-dd HH:mm:ss2026-09-05 11:14:05,593 yyyy-MM-dd HH:mm:ss2026-09-05 11:14:05,595 yyyy-MM-dd HH:mm:ss2026-09-05 11:14:05,597 yyyy-MM-dd HH:mm:ss2026-09-05 11:14:05,602 yyyy-MM-dd HH:mm:ss2026-09-05 11:14:05,602 yyyy-MM-dd HH:mm:ss2026-09-05 11:14:05,604 yyyy-MM-dd HH:mm:ss2026-09-05 11:14:05,605 yyyy-MM-dd HH:mm:ss2026-09-05 11:14:05,605 yyyy-MM-dd HH:mm:ss2026-09-05 11:14:05,607 yyyy-MM-dd HH:mm:ss2026-09-05 11:14:05,610 yyyy-MM-dd HH:mm:ss2026-09-05 11:14:05,611 yyyy-MM-dd HH:mm:ss2026-09-05 11:14:05,613 yyyy-MM-dd HH:mm:ss2026-09-05 11:14:05,621 yyyy-MM-dd HH:mm:ss2026-09-05 11:14:05,622 yyyy-MM-dd HH:mm:ss2026-09-05 11:14:05,623 yyyy-MM-dd HH:mm:ss2026-09-05 11:14:05,623 yyyy-MM-dd HH:mm:ss2026-09-05 11:14:05,624 yyyy-MM-dd HH:mm:ss2026-09-05 11:14:05,625 yyyy-MM-dd HH:mm:ss2026-09-05 11:14:05,625 yyyy-MM-dd HH:mm:ss2026-09-05 11:14:05,626 yyyy-MM-dd HH:mm:ss2026-09-05 11:14:05,627 yyyy-MM-dd HH:mm:ss2026-09-05 11:14:05,627 yyyy-MM-dd HH:mm:ss2026-09-05 11:14:05,628 yyyy-MM-dd HH:mm:ss2026-09-05 11:14:05,628 yyyy-MM-dd HH:mm:ss2026-09-05 11:14:05,629 yyyy-MM-dd HH:mm:ss2026-09-05 11:14:05,629 yyyy-MM-dd HH:mm:ss2026-09-05 11:14:05,630 yyyy-MM-dd HH:mm:ss2026-09-05 11:14:05,630 yyyy-MM-dd HH:mm:ss2026-09-05 11:14:05,630 yyyy-MM-dd HH:mm:ss2026-09-05 11:14:05,631 yyyy-MM-dd HH:mm:ss2026-09-05 11:14:05,632 yyyy-MM-dd HH:mm:ss2026-09-05 11:14:05,632 yyyy-MM-dd HH:mm:ss2026-09-05 11:14:05,633 yyyy-MM-dd HH:mm:ss2026-09-05 11:14:05,636 yyyy-MM-dd HH:mm:ss2026-09-05 11:14:05,637 yyyy-MM-dd HH:mm:ss2026-09-05 11:14:05,639 yyyy-MM-dd HH:mm:ss2026-09-05 11:14:05,639 yyyy-MM-dd HH:mm:ss2026-09-05 11:14:05,640 yyyy-MM-dd HH:mm:ss2026-09-05 11:14:05,640 yyyy-MM-dd HH:mm:ss2026-09-05 11:14:05,641 yyyy-MM-dd HH:mm:ss2026-09-05 11:14:05,641 yyyy-MM-dd HH:mm:ss2026-09-05 11:14:05,642 yyyy-MM-dd HH:mm:ss2026-09-05 11:14:05,642 yyyy-MM-dd HH:mm:ss2026-09-05 11:14:05,643 yyyy-MM-dd HH:mm:ss2026-09-05 11:14:05,643 yyyy-MM-dd HH:mm:ss2026-09-05 11:14:05,644 yyyy-MM-dd HH:mm:ss2026-09-05 11:14:05,644 yyyy-MM-dd HH:mm:ss2026-09-05 11:14:05,645 yyyy-MM-dd HH:mm:ss2026-09-05 11:14:05,645 yyyy-MM-dd HH:mm:ss2026-09-05 11:14:05,646 yyyy-MM-dd HH:mm:ss2026-09-05 11:14:05,646 yyyy-MM-dd HH:mm:ss2026-09-05 11:14:05,647 yyyy-MM-dd HH:mm:ss2026-09-05 11:14:05,648 yyyy-MM-dd HH:mm:ss2026-09-05 11:14:05,649 yyyy-MM-dd HH:mm:ss2026-09-05 11:14:05,651 yyyy-MM-dd HH:mm:ss2026-09-05 11:14:05,653 yyyy-MM-dd HH:mm:ss2026-09-05 11:14:05,653 yyyy-MM-dd HH:mm:ss2026-09-05 11:14:05,654 yyyy-MM-dd HH:mm:ss2026-09-05 11:14:05,654 yyyy-MM-dd HH:mm:ss2026-09-05 11:14:05,655 yyyy-MM-dd HH:mm:ss2026-09-05 11:14:05,655 yyyy-MM-dd HH:mm:ss2026-09-05 11:14:05,656 yyyy-MM-dd HH:mm:ss2026-09-05 11:14:05,656 yyyy-MM-dd HH:mm:ss2026-09-05 11:14:05,657 yyyy-MM-dd HH:mm:ss2026-09-05 11:14:05,657 yyyy-MM-dd HH:mm:ss2026-09-05 11:14:05,658 yyyy-MM-dd HH:mm:ss2026-09-05 11:14:05,661 yyyy-MM-dd HH:mm:ss2026-09-05 11:14:05,662 yyyy-MM-dd HH:mm:ss2026-09-05 11:14:05,664 yyyy-MM-dd HH:mm:ss2026-09-05 11:14:05,665 yyyy-MM-dd HH:mm:ss2026-09-05 11:14:05,665 yyyy-MM-dd HH:mm:ss2026-09-05 11:14:05,665 yyyy-MM-dd HH:mm:ss2026-09-05 11:14:05,667 yyyy-MM-dd HH:mm:ss2026-09-05 11:14:05,668 yyyy-MM-dd HH:mm:ss2026-09-05 11:14:05,668 yyyy-MM-dd HH:mm:ss2026-09-05 11:14:05,669 yyyy-MM-dd HH:mm:ss2026-09-05 11:14:05,669 yyyy-MM-dd HH:mm:ss2026-09-05 11:14:05,669 yyyy-MM-dd HH:mm:ss2026-09-05 11:14:05,670 yyyy-MM-dd HH:mm:ss2026-09-05 11:14:05,670 yyyy-MM-dd HH:mm:ss2026-09-05 11:14:05,670 yyyy-MM-dd HH:mm:ss2026-09-05 11:14:05,671 yyyy-MM-dd HH:mm:ss2026-09-05 11:14:05,671 yyyy-MM-dd HH:mm:ss2026-09-05 11:14:05,671 yyyy-MM-dd HH:mm:ss2026-09-05 11:14:05,672 yyyy-MM-dd HH:mm:ss2026-09-05 11:14:05,672 yyyy-MM-dd HH:mm:ss2026-09-05 11:14:05,672 yyyy-MM-dd HH:mm:ss2026-09-05 11:14:05,673 yyyy-MM-dd HH:mm:ss2026-09-05 11:14:05,673 yyyy-MM-dd HH:mm:ss2026-09-05 11:14:05,674 yyyy-MM-dd HH:mm:ss2026-09-05 11:14:05,674 yyyy-MM-dd HH:mm:ss2026-09-05 11:14:05,674 yyyy-MM-dd HH:mm:ss2026-09-05 11:14:05,675 yyyy-MM-dd HH:mm:ss2026-09-05 11:14:05,675 yyyy-MM-dd HH:mm:ss2026-09-05 11:14:05,676 yyyy-MM-dd HH:mm:ss2026-09-05 11:14:05,676 yyyy-MM-dd HH:mm:ss2026-09-05 11:14:05,678 yyyy-MM-dd HH:mm:ss2026-09-05 11:14:05,678 yyyy-MM-dd HH:mm:ss2026-09-05 11:14:05,680 yyyy-MM-dd HH:mm:ss2026-09-05 11:14:05,680 yyyy-MM-dd HH:mm:ss2026-09-05 11:14:05,680 yyyy-MM-dd HH:mm:ss2026-09-05 11:14:05,680 yyyy-MM-dd HH:mm:ss2026-09-05 11:14:05,680 yyyy-MM-dd HH:mm:ss2026-09-05 11:14:05,680 yyyy-MM-dd HH:mm:ss2026-09-05 11:14:05,680 yyyy-MM-dd HH:mm:ss2026-09-05 11:14:05,680 yyyy-MM-dd HH:mm:ss2026-09-05 11:14:05,697 yyyy-MM-dd HH:mm:ss2026-09-05 11:14:05,698 yyyy-MM-dd HH:mm:ss2026-09-05 11:14:05,698 yyyy-MM-dd HH:mm:ss2026-09-05 11:14:05,699 yyyy-MM-dd HH:mm:ss2026-09-05 11:14:05,702 yyyy-MM-dd HH:mm:ss2026-09-05 11:14:05,703 yyyy-MM-dd HH:mm:ss2026-09-05 11:14:05,713 yyyy-MM-dd HH:mm:ss2026-09-05 11:14:05,713 yyyy-MM-dd HH:mm:ss2026-09-05 11:14:05,713 yyyy-MM-dd HH:mm:ss2026-09-05 11:14:05,713 yyyy-MM-dd HH:mm:ss2026-09-05 11:14:05,714 yyyy-MM-dd HH:mm:ss2026-09-05 11:14:05,722 yyyy-MM-dd HH:mm:ss2026-09-05 11:14:05,722 yyyy-MM-dd HH:mm:ss2026-09-05 11:14:05,723 yyyy-MM-dd HH:mm:ss2026-09-05 11:14:05,723 yyyy-MM-dd HH:mm:ss2026-09-05 11:14:05,731 yyyy-MM-dd HH:mm:ss2026-09-05 11:14:05,734 yyyy-MM-dd HH:mm:ss2026-09-05 11:14:05,735 yyyy-MM-dd HH:mm:ss2026-09-05 11:14:05,736 yyyy-MM-dd HH:mm:ss2026-09-05 11:14:05,739 yyyy-MM-dd HH:mm:ss2026-09-05 11:14:05,740 yyyy-MM-dd HH:mm:ss2026-09-05 11:14:25,708 yyyy-MM-dd HH:mm:ss2026-09-05 11:14:25,708 yyyy-MM-dd HH:mm:ss2026-09-05 11:14:25,708 yyyy-MM-dd HH:mm:ss2026-09-05 11:14:25,709 yyyy-MM-dd HH:mm:ss2026-09-05 11:14:25,709 yyyy-MM-dd HH:mm:ss2026-09-05 11:14:25,709 yyyy-MM-dd HH:mm:ss2026-09-05 11:14:25,710 yyyy-MM-dd HH:mm:ss2026-09-05 11:14:25,710 yyyy-MM-dd HH:mm:ss2026-09-05 11:14:25,712 yyyy-MM-dd HH:mm:ss2026-09-05 11:14:25,730 yyyy-MM-dd HH:mm:ss2026-09-05 11:14:25,730 yyyy-MM-dd HH:mm:ss2026-09-05 11:14:25,731 yyyy-MM-dd HH:mm:ss2026-09-05 11:14:25,732 yyyy-MM-dd HH:mm:ss2026-09-05 11:14:25,737 yyyy-MM-dd HH:mm:ss2026-09-05 11:14:25,737 yyyy-MM-dd HH:mm:ss2026-09-05 11:14:25,738 yyyy-MM-dd HH:mm:ss2026-09-05 11:14:25,738 yyyy-MM-dd HH:mm:ss2026-09-05 11:14:25,738 yyyy-MM-dd HH:mm:ss2026-09-05 11:14:25,746 yyyy-MM-dd HH:mm:ss2026-09-05 11:14:25,747 yyyy-MM-dd HH:mm:ss2026-09-05 11:14:25,749 yyyy-MM-dd HH:mm:ss2026-09-05 11:14:25,749 yyyy-MM-dd HH:mm:ss2026-09-05 11:14:25,750 yyyy-MM-dd HH:mm:ss2026-09-05 11:14:25,752 yyyy-MM-dd HH:mm:ss2026-09-05 11:14:25,753 yyyy-MM-dd HH:mm:ss2026-09-05 11:14:25,754 yyyy-MM-dd HH:mm:ss2026-09-05 11:14:25,755 yyyy-MM-dd HH:mm:ss2026-09-05 11:14:25,756 yyyy-MM-dd HH:mm:ss2026-09-05 11:14:25,757 yyyy-MM-dd HH:mm:ss2026-09-05 11:14:25,758 yyyy-MM-dd HH:mm:ss2026-09-05 11:14:25,758 yyyy-MM-dd HH:mm:ss2026-09-05 11:14:25,759 yyyy-MM-dd HH:mm:ss2026-09-05 11:14:25,760 yyyy-MM-dd HH:mm:ss2026-09-05 11:14:25,761 yyyy-MM-dd HH:mm:ss2026-09-05 11:14:25,761 yyyy-MM-dd HH:mm:ss2026-09-05 11:14:25,761 yyyy-MM-dd HH:mm:ss2026-09-05 11:14:25,909 yyyy-MM-dd HH:mm:ss2026-09-05 11:14:25,977 yyyy-MM-dd HH:mm:ss2026-09-05 11:14:25,977 yyyy-MM-dd HH:mm:ss2026-09-05 11:14:25,977 yyyy-MM-dd HH:mm:ss2026-09-05 11:14:25,977 yyyy-MM-dd HH:mm:ss2026-09-05 11:14:25,981 yyyy-MM-dd HH:mm:ss2026-09-05 11:14:25,982 yyyy-MM-dd HH:mm:ss2026-09-05 11:14:25,983 yyyy-MM-dd HH:mm:ss2026-09-05 11:14:26,005 yyyy-MM-dd HH:mm:ss2026-09-05 11:14:26,009 yyyy-MM-dd HH:mm:ss2026-09-05 11:14:26,012 yyyy-MM-dd HH:mm:ss2026-09-05 11:14:26,013 yyyy-MM-dd HH:mm:ss2026-09-05 11:14:26,015 yyyy-MM-dd HH:mm:ss2026-09-05 11:14:26,017 yyyy-MM-dd HH:mm:ss2026-09-05 11:14:26,025 yyyy-MM-dd HH:mm:ss2026-09-05 11:14:26,026 yyyy-MM-dd HH:mm:ss2026-09-05 11:14:26,665 yyyy-MM-dd HH:mm:ss2026-09-05 11:14:26,668 yyyy-MM-dd HH:mm:ss2026-09-05 11:14:26,668 yyyy-MM-dd HH:mm:ss2026-09-05 11:14:26,668 yyyy-MM-dd HH:mm:ss2026-09-05 11:14:26,685 yyyy-MM-dd HH:mm:ss2026-09-05 11:14:26,700 yyyy-MM-dd HH:mm:ss2026-09-05 11:14:26,700 yyyy-MM-dd HH:mm:ss2026-09-05 11:14:26,700 yyyy-MM-dd HH:mm:ss2026-09-05 11:14:26,704 yyyy-MM-dd HH:mm:ss2026-09-05 11:14:26,877 yyyy-MM-dd HH:mm:ss2026-09-05 11:14:26,878 yyyy-MM-dd HH:mm:ss2026-09-05 11:14:26,879 yyyy-MM-dd HH:mm:ss2026-09-05 11:14:26,892 yyyy-MM-dd HH:mm:ss2026-09-05 11:14:26,892 yyyy-MM-dd HH:mm:ss2026-09-05 11:14:26,892 yyyy-MM-dd HH:mm:ss2026-09-05 11:14:26,892 yyyy-MM-dd HH:mm:ss2026-09-05 11:14:26,893 yyyy-MM-dd HH:mm:ss2026-09-05 11:14:26,893 yyyy-MM-dd HH:mm:ss2026-09-05 11:14:26,897 yyyy-MM-dd HH:mm:ss2026-09-05 11:14:26,898 yyyy-MM-dd HH:mm:ss2026-09-05 11:14:26,898 yyyy-MM-dd HH:mm:ss2026-09-05 11:14:26,898 yyyy-MM-dd HH:mm:ss2026-09-05 11:14:26,898 yyyy-MM-dd HH:mm:ss2026-09-05 11:14:26,899 yyyy-MM-dd HH:mm:ss2026-09-05 11:14:26,900 yyyy-MM-dd HH:mm:ss2026-09-05 11:14:26,900 yyyy-MM-dd HH:mm:ss2026-09-05 11:14:26,904 yyyy-MM-dd HH:mm:ss2026-09-05 11:14:26,907 yyyy-MM-dd HH:mm:ss2026-09-05 11:14:26,908 yyyy-MM-dd HH:mm:ss2026-09-05 11:14:26,911 yyyy-MM-dd HH:mm:ss2026-09-05 11:14:26,912 yyyy-MM-dd HH:mm:ss2026-09-05 11:14:26,912 yyyy-MM-dd HH:mm:ss2026-09-05 11:14:26,913 yyyy-MM-dd HH:mm:ss2026-09-05 11:14:26,914 yyyy-MM-dd HH:mm:ss2026-09-05 11:14:26,916 yyyy-MM-dd HH:mm:ss2026-09-05 11:14:26,916 yyyy-MM-dd HH:mm:ss2026-09-05 11:14:26,916 yyyy-MM-dd HH:mm:ss2026-09-05 11:14:26,933 yyyy-MM-dd HH:mm:ss2026-09-05 11:14:26,936 yyyy-MM-dd HH:mm:ss2026-09-05 11:14:26,939 yyyy-MM-dd HH:mm:ss2026-09-05 11:14:26,939 yyyy-MM-dd HH:mm:ss2026-09-05 11:14:26,940 yyyy-MM-dd HH:mm:ss2026-09-05 11:14:26,940 yyyy-MM-dd HH:mm:ss2026-09-05 11:14:26,941 yyyy-MM-dd HH:mm:ss2026-09-05 11:14:26,941 yyyy-MM-dd HH:mm:ss2026-09-05 11:14:26,942 yyyy-MM-dd HH:mm:ss2026-09-05 11:14:26,944 yyyy-MM-dd HH:mm:ss2026-09-05 11:14:26,944 yyyy-MM-dd HH:mm:ss2026-09-05 11:14:26,944 yyyy-MM-dd HH:mm:ss2026-09-05 11:14:26,945 yyyy-MM-dd HH:mm:ss2026-09-05 11:14:26,945 yyyy-MM-dd HH:mm:ss2026-09-05 11:14:26,946 yyyy-MM-dd HH:mm:ss2026-09-05 11:14:26,948 yyyy-MM-dd HH:mm:ss2026-09-05 11:14:26,948 yyyy-MM-dd HH:mm:ss2026-09-05 11:14:26,949 yyyy-MM-dd HH:mm:ss2026-09-05 11:14:26,950 yyyy-MM-dd HH:mm:ss2026-09-05 11:14:26,958 yyyy-MM-dd HH:mm:ss2026-09-05 11:14:26,961 yyyy-MM-dd HH:mm:ss2026-09-05 11:14:26,961 yyyy-MM-dd HH:mm:ss2026-09-05 11:14:26,962 yyyy-MM-dd HH:mm:ss2026-09-05 11:14:26,975 yyyy-MM-dd HH:mm:ss2026-09-05 11:14:26,976 yyyy-MM-dd HH:mm:ss2026-09-05 11:14:26,976 yyyy-MM-dd HH:mm:ss2026-09-05 11:14:26,978 yyyy-MM-dd HH:mm:ss2026-09-05 11:14:26,979 yyyy-MM-dd HH:mm:ss2026-09-05 11:14:26,979 yyyy-MM-dd HH:mm:ss2026-09-05 11:14:26,980 yyyy-MM-dd HH:mm:ss2026-09-05 11:14:26,980 yyyy-MM-dd HH:mm:ss2026-09-05 11:14:26,981 yyyy-MM-dd HH:mm:ss2026-09-05 11:14:26,982 yyyy-MM-dd HH:mm:ss2026-09-05 11:14:26,982 yyyy-MM-dd HH:mm:ss2026-09-05 11:14:26,983 yyyy-MM-dd HH:mm:ss2026-09-05 11:14:26,984 yyyy-MM-dd HH:mm:ss2026-09-05 11:14:26,986 yyyy-MM-dd HH:mm:ss2026-09-05 11:14:26,994 yyyy-MM-dd HH:mm:ss2026-09-05 11:14:26,994 yyyy-MM-dd HH:mm:ss2026-09-05 11:14:26,994 yyyy-MM-dd HH:mm:ss2026-09-05 11:14:26,994 yyyy-MM-dd HH:mm:ss2026-09-05 11:14:26,994 yyyy-MM-dd HH:mm:ss2026-09-05 11:14:26,995 yyyy-MM-dd HH:mm:ss2026-09-05 11:14:26,997 yyyy-MM-dd HH:mm:ss2026-09-05 11:14:26,997 yyyy-MM-dd HH:mm:ss2026-09-05 11:14:26,998 yyyy-MM-dd HH:mm:ss2026-09-05 11:14:26,998 yyyy-MM-dd HH:mm:ss2026-09-05 11:14:26,998 yyyy-MM-dd HH:mm:ss2026-09-05 11:14:26,999 yyyy-MM-dd HH:mm:ss2026-09-05 11:14:26,999 yyyy-MM-dd HH:mm:ss2026-09-05 11:14:27,000 yyyy-MM-dd HH:mm:ss2026-09-05 11:14:27,003 yyyy-MM-dd HH:mm:ss2026-09-05 11:14:27,005 yyyy-MM-dd HH:mm:ss2026-09-05 11:14:27,005 yyyy-MM-dd HH:mm:ss2026-09-05 11:14:27,005 yyyy-MM-dd HH:mm:ss2026-09-05 11:14:27,005 yyyy-MM-dd HH:mm:ss2026-09-05 11:14:27,006 yyyy-MM-dd HH:mm:ss2026-09-05 11:14:27,009 yyyy-MM-dd HH:mm:ss2026-09-05 11:14:27,013 yyyy-MM-dd HH:mm:ss2026-09-05 11:14:27,018 yyyy-MM-dd HH:mm:ss2026-09-05 11:14:27,019 yyyy-MM-dd HH:mm:ss2026-09-05 11:14:27,019 yyyy-MM-dd HH:mm:ss2026-09-05 11:14:27,043 yyyy-MM-dd HH:mm:ss2026-09-05 11:14:27,044 yyyy-MM-dd HH:mm:ss2026-09-05 11:14:27,045 yyyy-MM-dd HH:mm:ss2026-09-05 11:14:27,045 yyyy-MM-dd HH:mm:ss2026-09-05 11:14:27,140 yyyy-MM-dd HH:mm:ss2026-09-05 11:14:27,140 yyyy-MM-dd HH:mm:ss2026-09-05 11:14:27,141 yyyy-MM-dd HH:mm:ss2026-09-05 11:14:27,141 yyyy-MM-dd HH:mm:ss2026-09-05 11:14:27,142 yyyy-MM-dd HH:mm:ss2026-09-05 11:14:27,142 yyyy-MM-dd HH:mm:ss2026-09-05 11:14:27,143 yyyy-MM-dd HH:mm:ss2026-09-05 11:14:27,144 yyyy-MM-dd HH:mm:ss2026-09-05 11:14:27,145 yyyy-MM-dd HH:mm:ss2026-09-05 11:14:27,146 yyyy-MM-dd HH:mm:ss2026-09-05 11:14:27,146 yyyy-MM-dd HH:mm:ss2026-09-05 11:14:27,149 yyyy-MM-dd HH:mm:ss2026-09-05 11:14:27,150 yyyy-MM-dd HH:mm:ss2026-09-05 11:14:27,152 yyyy-MM-dd HH:mm:ss2026-09-05 11:14:27,155 yyyy-MM-dd HH:mm:ss2026-09-05 11:14:27,155 yyyy-MM-dd HH:mm:ss2026-09-05 11:14:27,156 yyyy-MM-dd HH:mm:ss2026-09-05 11:14:27,156 yyyy-MM-dd HH:mm:ss2026-09-05 11:14:27,156 yyyy-MM-dd HH:mm:ss2026-09-05 11:14:27,158 yyyy-MM-dd HH:mm:ss2026-09-05 11:14:27,159 yyyy-MM-dd HH:mm:ss2026-09-05 11:14:27,162 yyyy-MM-dd HH:mm:ss2026-09-05 11:14:27,162 yyyy-MM-dd HH:mm:ss2026-09-05 11:14:27,166 yyyy-MM-dd HH:mm:ss2026-09-05 11:14:27,166 yyyy-MM-dd HH:mm:ss2026-09-05 11:14:27,167 yyyy-MM-dd HH:mm:ss2026-09-05 11:14:27,167 yyyy-MM-dd HH:mm:ss2026-09-05 11:14:27,169 yyyy-MM-dd HH:mm:ss2026-09-05 11:14:27,169 yyyy-MM-dd HH:mm:ss2026-09-05 11:14:27,176 yyyy-MM-dd HH:mm:ss2026-09-05 11:14:27,176 yyyy-MM-dd HH:mm:ss2026-09-05 11:14:27,177 yyyy-MM-dd HH:mm:ss2026-09-05 11:14:27,177 yyyy-MM-dd HH:mm:ss2026-09-05 11:14:27,179 yyyy-MM-dd HH:mm:ss2026-09-05 11:14:27,181 yyyy-MM-dd HH:mm:ss2026-09-05 11:14:27,182 yyyy-MM-dd HH:mm:ss2026-09-05 11:14:27,183 yyyy-MM-dd HH:mm:ss2026-09-05 11:14:27,184 yyyy-MM-dd HH:mm:ss2026-09-05 11:14:27,185 yyyy-MM-dd HH:mm:ss2026-09-05 11:14:27,186 yyyy-MM-dd HH:mm:ss2026-09-05 11:14:27,186 yyyy-MM-dd HH:mm:ss2026-09-05 11:14:27,188 yyyy-MM-dd HH:mm:ss2026-09-05 11:14:27,188 yyyy-MM-dd HH:mm:ss2026-09-05 11:14:27,190 yyyy-MM-dd HH:mm:ss2026-09-05 11:14:27,192 yyyy-MM-dd HH:mm:ss2026-09-05 11:14:27,193 yyyy-MM-dd HH:mm:ss2026-09-05 11:14:27,194 yyyy-MM-dd HH:mm:ss2026-09-05 11:14:27,195 yyyy-MM-dd HH:mm:ss2026-09-05 11:14:27,195 yyyy-MM-dd HH:mm:ss2026-09-05 11:14:27,195 yyyy-MM-dd HH:mm:ss2026-09-05 11:14:27,195 yyyy-MM-dd HH:mm:ss2026-09-05 11:14:27,204 yyyy-MM-dd HH:mm:ss2026-09-05 11:14:27,205 yyyy-MM-dd HH:mm:ss2026-09-05 11:14:27,205 yyyy-MM-dd HH:mm:ss2026-09-05 11:14:27,209 yyyy-MM-dd HH:mm:ss2026-09-05 11:14:27,209 yyyy-MM-dd HH:mm:ss2026-09-05 11:14:27,210 yyyy-MM-dd HH:mm:ss2026-09-05 11:14:27,212 yyyy-MM-dd HH:mm:ss2026-09-05 11:14:27,220 yyyy-MM-dd HH:mm:ss2026-09-05 11:14:27,220 yyyy-MM-dd HH:mm:ss2026-09-05 11:14:27,222 yyyy-MM-dd HH:mm:ss2026-09-05 11:14:27,222 yyyy-MM-dd HH:mm:ss2026-09-05 11:14:27,223 yyyy-MM-dd HH:mm:ss2026-09-05 11:14:27,223 yyyy-MM-dd HH:mm:ss2026-09-05 11:14:27,225 yyyy-MM-dd HH:mm:ss2026-09-05 11:14:27,225 yyyy-MM-dd HH:mm:ss2026-09-05 11:14:27,226 yyyy-MM-dd HH:mm:ss2026-09-05 11:14:27,226 yyyy-MM-dd HH:mm:ss2026-09-05 11:14:27,228 yyyy-MM-dd HH:mm:ss2026-09-05 11:14:27,229 yyyy-MM-dd HH:mm:ss2026-09-05 11:14:27,230 yyyy-MM-dd HH:mm:ss2026-09-05 11:14:27,231 yyyy-MM-dd HH:mm:ss2026-09-05 11:14:27,234 yyyy-MM-dd HH:mm:ss2026-09-05 11:14:27,235 yyyy-MM-dd HH:mm:ss2026-09-05 11:14:27,235 yyyy-MM-dd HH:mm:ss2026-09-05 11:14:27,235 yyyy-MM-dd HH:mm:ss2026-09-05 11:14:27,236 yyyy-MM-dd HH:mm:ss2026-09-05 11:14:27,242 yyyy-MM-dd HH:mm:ss2026-09-05 11:14:27,243 yyyy-MM-dd HH:mm:ss2026-09-05 11:14:27,244 yyyy-MM-dd HH:mm:ss2026-09-05 11:14:27,244 yyyy-MM-dd HH:mm:ss2026-09-05 11:14:27,244 yyyy-MM-dd HH:mm:ss2026-09-05 11:14:27,244 yyyy-MM-dd HH:mm:ss2026-09-05 11:14:27,245 yyyy-MM-dd HH:mm:ss2026-09-05 11:14:27,251 yyyy-MM-dd HH:mm:ss2026-09-05 11:14:27,252 yyyy-MM-dd HH:mm:ss2026-09-05 11:14:27,252 yyyy-MM-dd HH:mm:ss2026-09-05 11:14:27,253 yyyy-MM-dd HH:mm:ss2026-09-05 11:14:27,255 yyyy-MM-dd HH:mm:ss2026-09-05 11:14:27,256 yyyy-MM-dd HH:mm:ss2026-09-05 11:14:27,256 yyyy-MM-dd HH:mm:ss2026-09-05 11:14:27,257 yyyy-MM-dd HH:mm:ss2026-09-05 11:14:27,258 yyyy-MM-dd HH:mm:ss2026-09-05 11:14:27,258 yyyy-MM-dd HH:mm:ss2026-09-05 11:14:27,259 yyyy-MM-dd HH:mm:ss2026-09-05 11:14:27,262 yyyy-MM-dd HH:mm:ss2026-09-05 11:14:27,263 yyyy-MM-dd HH:mm:ss2026-09-05 11:14:27,263 yyyy-MM-dd HH:mm:ss2026-09-05 11:14:27,263 yyyy-MM-dd HH:mm:ss2026-09-05 11:14:27,264 yyyy-MM-dd HH:mm:ss2026-09-05 11:14:27,265 yyyy-MM-dd HH:mm:ss2026-09-05 11:14:27,267 yyyy-MM-dd HH:mm:ss2026-09-05 11:14:27,267 yyyy-MM-dd HH:mm:ss2026-09-05 11:14:27,269 yyyy-MM-dd HH:mm:ss2026-09-05 11:14:27,269 yyyy-MM-dd HH:mm:ss2026-09-05 11:14:27,271 yyyy-MM-dd HH:mm:ss2026-09-05 11:14:27,274 yyyy-MM-dd HH:mm:ss2026-09-05 11:14:27,275 yyyy-MM-dd HH:mm:ss2026-09-05 11:14:27,289 yyyy-MM-dd HH:mm:ss2026-09-05 11:14:27,289 yyyy-MM-dd HH:mm:ss2026-09-05 11:14:27,291 yyyy-MM-dd HH:mm:ss2026-09-05 11:14:27,291 yyyy-MM-dd HH:mm:ss2026-09-05 11:14:27,299 yyyy-MM-dd HH:mm:ss2026-09-05 11:14:27,299 yyyy-MM-dd HH:mm:ss2026-09-05 11:14:27,304 yyyy-MM-dd HH:mm:ss2026-09-05 11:14:27,313 yyyy-MM-dd HH:mm:ss2026-09-05 11:14:27,313 yyyy-MM-dd HH:mm:ss2026-09-05 11:14:27,313 yyyy-MM-dd HH:mm:ss2026-09-05 11:14:27,363 yyyy-MM-dd HH:mm:ss2026-09-05 11:14:27,378 yyyy-MM-dd HH:mm:ss2026-09-05 11:14:27,379 yyyy-MM-dd HH:mm:ss2026-09-05 11:14:27,380 yyyy-MM-dd HH:mm:ss2026-09-05 11:14:27,380 yyyy-MM-dd HH:mm:ss2026-09-05 11:14:27,380 yyyy-MM-dd HH:mm:ss2026-09-05 11:14:27,380 yyyy-MM-dd HH:mm:ss2026-09-05 11:14:27,380 yyyy-MM-dd HH:mm:ss2026-09-05 11:14:27,380 yyyy-MM-dd HH:mm:ss2026-09-05 11:14:27,380 yyyy-MM-dd HH:mm:ss2026-09-05 11:14:27,380 yyyy-MM-dd HH:mm:ss2026-09-05 11:14:27,380 yyyy-MM-dd HH:mm:ss2026-09-05 11:14:27,380 yyyy-MM-dd HH:mm:ss2026-09-05 11:14:27,380 yyyy-MM-dd HH:mm:ss2026-09-05 11:14:27,380 yyyy-MM-dd HH:mm:ss2026-09-05 11:14:27,380 yyyy-MM-dd HH:mm:ss2026-09-05 11:14:27,380 yyyy-MM-dd HH:mm:ss2026-09-05 11:14:27,380 yyyy-MM-dd HH:mm:ss2026-09-05 11:14:27,380 yyyy-MM-dd HH:mm:ss2026-09-05 11:14:27,380 yyyy-MM-dd HH:mm:ss2026-09-05 11:14:27,380 yyyy-MM-dd HH:mm:ss2026-09-05 11:14:27,380 yyyy-MM-dd HH:mm:ss2026-09-05 11:14:27,380 yyyy-MM-dd HH:mm:ss2026-09-05 11:14:27,380 yyyy-MM-dd HH:mm:ss2026-09-05 11:14:27,380 yyyy-MM-dd HH:mm:ss2026-09-05 11:14:27,380 yyyy-MM-dd HH:mm:ss2026-09-05 11:14:27,380 yyyy-MM-dd HH:mm:ss2026-09-05 11:14:27,380 yyyy-MM-dd HH:mm:ss2026-09-05 11:14:27,380 yyyy-MM-dd HH:mm:ss2026-09-05 11:14:27,380 yyyy-MM-dd HH:mm:ss2026-09-05 11:14:27,380 yyyy-MM-dd HH:mm:ss2026-09-05 11:14:27,380 yyyy-MM-dd HH:mm:ss2026-09-05 11:14:27,382 yyyy-MM-dd HH:mm:ss2026-09-05 11:14:27,382 yyyy-MM-dd HH:mm:ss2026-09-05 11:14:27,382 yyyy-MM-dd HH:mm:ss2026-09-05 11:14:27,382 yyyy-MM-dd HH:mm:ss2026-09-05 11:14:27,382 yyyy-MM-dd HH:mm:ss2026-09-05 11:14:27,382 yyyy-MM-dd HH:mm:ss2026-09-05 11:14:27,382 yyyy-MM-dd HH:mm:ss2026-09-05 11:14:27,382 yyyy-MM-dd HH:mm:ss2026-09-05 11:14:27,382 yyyy-MM-dd HH:mm:ss2026-09-05 11:14:27,382 yyyy-MM-dd HH:mm:ss2026-09-05 11:14:27,382 yyyy-MM-dd HH:mm:ss2026-09-05 11:14:27,382 yyyy-MM-dd HH:mm:ss2026-09-05 11:14:27,390 yyyy-MM-dd HH:mm:ss2026-09-05 11:14:27,390 yyyy-MM-dd HH:mm:ss2026-09-05 11:14:27,390 yyyy-MM-dd HH:mm:ss2026-09-05 11:14:27,390 yyyy-MM-dd HH:mm:ss2026-09-05 11:14:27,390 yyyy-MM-dd HH:mm:ss2026-09-05 11:14:27,392 yyyy-MM-dd HH:mm:ss2026-09-05 11:14:27,392 yyyy-MM-dd HH:mm:ss2026-09-05 11:14:27,393 yyyy-MM-dd HH:mm:ss2026-09-05 11:14:27,393 yyyy-MM-dd HH:mm:ss2026-09-05 11:14:27,414 yyyy-MM-dd HH:mm:ss2026-09-05 11:14:27,415 yyyy-MM-dd HH:mm:ss2026-09-05 11:14:27,415 yyyy-MM-dd HH:mm:ss2026-09-05 11:14:27,421 yyyy-MM-dd HH:mm:ss2026-09-05 11:14:27,421 yyyy-MM-dd HH:mm:ss2026-09-05 11:14:27,422 yyyy-MM-dd HH:mm:ss2026-09-05 11:14:27,451 yyyy-MM-dd HH:mm:ss2026-09-05 11:14:27,455 yyyy-MM-dd HH:mm:ss2026-09-05 11:14:27,456 yyyy-MM-dd HH:mm:ss2026-09-05 11:14:27,456 yyyy-MM-dd HH:mm:ss2026-09-05 11:14:27,456 yyyy-MM-dd HH:mm:ss2026-09-05 11:14:27,456 yyyy-MM-dd HH:mm:ss2026-09-05 11:14:27,456 yyyy-MM-dd HH:mm:ss2026-09-05 11:14:27,459 yyyy-MM-dd HH:mm:ss2026-09-05 11:14:27,460 yyyy-MM-dd HH:mm:ss2026-09-05 11:14:27,460 yyyy-MM-dd HH:mm:ss2026-09-05 11:14:27,460 yyyy-MM-dd HH:mm:ss2026-09-05 11:14:27,460 yyyy-MM-dd HH:mm:ss2026-09-05 11:14:27,461 yyyy-MM-dd HH:mm:ss2026-09-05 11:14:27,461 yyyy-MM-dd HH:mm:ss2026-09-05 11:14:27,480 yyyy-MM-dd HH:mm:ss2026-09-05 11:14:27,494 yyyy-MM-dd HH:mm:ss2026-09-05 11:14:27,496 yyyy-MM-dd HH:mm:ss2026-09-05 11:14:27,503 yyyy-MM-dd HH:mm:ss2026-09-05 11:14:27,504 yyyy-MM-dd HH:mm:ss2026-09-05 11:14:27,522 yyyy-MM-dd HH:mm:ss2026-09-05 11:14:27,540 yyyy-MM-dd HH:mm:ss2026-09-05 11:14:27,540 yyyy-MM-dd HH:mm:ss2026-09-05 11:14:27,548 yyyy-MM-dd HH:mm:ss2026-09-05 11:14:27,548 yyyy-MM-dd HH:mm:ss2026-09-05 11:14:27,550 yyyy-MM-dd HH:mm:ss2026-09-05 11:14:27,553 yyyy-MM-dd HH:mm:ss2026-09-05 11:14:27,555 yyyy-MM-dd HH:mm:ss2026-09-05 11:14:27,579 yyyy-MM-dd HH:mm:ss2026-09-05 11:14:27,587 yyyy-MM-dd HH:mm:ss2026-09-05 11:14:27,587 yyyy-MM-dd HH:mm:ss2026-09-05 11:14:27,594 yyyy-MM-dd HH:mm:ss2026-09-05 11:14:27,594 yyyy-MM-dd HH:mm:ss2026-09-05 11:14:27,603 yyyy-MM-dd HH:mm:ss2026-09-05 11:14:27,625 yyyy-MM-dd HH:mm:ss2026-09-05 11:14:27,634 yyyy-MM-dd HH:mm:ss2026-09-05 11:14:27,634 yyyy-MM-dd HH:mm:ss2026-09-05 11:14:27,643 yyyy-MM-dd HH:mm:ss2026-09-05 11:14:27,643 yyyy-MM-dd HH:mm:ss2026-09-05 11:14:27,645 yyyy-MM-dd HH:mm:ss2026-09-05 11:14:27,679 yyyy-MM-dd HH:mm:ss2026-09-05 11:14:27,681 yyyy-MM-dd HH:mm:ss2026-09-05 11:14:27,681 yyyy-MM-dd HH:mm:ss2026-09-05 11:14:27,690 yyyy-MM-dd HH:mm:ss2026-09-05 11:14:27,692 yyyy-MM-dd HH:mm:ss2026-09-05 11:14:27,729 yyyy-MM-dd HH:mm:ss2026-09-05 11:14:27,729 yyyy-MM-dd HH:mm:ss2026-09-05 11:14:27,731 yyyy-MM-dd HH:mm:ss2026-09-05 11:14:27,742 yyyy-MM-dd HH:mm:ss2026-09-05 11:14:27,742 yyyy-MM-dd HH:mm:ss2026-09-05 11:14:27,775 yyyy-MM-dd HH:mm:ss2026-09-05 11:14:27,776 yyyy-MM-dd HH:mm:ss2026-09-05 11:14:27,783 yyyy-MM-dd HH:mm:ss2026-09-05 11:14:27,789 yyyy-MM-dd HH:mm:ss2026-09-05 11:14:27,789 yyyy-MM-dd HH:mm:ss2026-09-05 11:14:27,823 yyyy-MM-dd HH:mm:ss2026-09-05 11:14:27,824 yyyy-MM-dd HH:mm:ss2026-09-05 11:14:27,835 yyyy-MM-dd HH:mm:ss2026-09-05 11:14:27,835 yyyy-MM-dd HH:mm:ss2026-09-05 11:14:27,870 yyyy-MM-dd HH:mm:ss2026-09-05 11:14:27,870 yyyy-MM-dd HH:mm:ss2026-09-05 11:14:27,879 yyyy-MM-dd HH:mm:ss2026-09-05 11:14:27,879 yyyy-MM-dd HH:mm:ss2026-09-05 11:14:27,883 yyyy-MM-dd HH:mm:ss2026-09-05 11:14:27,883 yyyy-MM-dd HH:mm:ss2026-09-05 11:14:27,909 yyyy-MM-dd HH:mm:ss2026-09-05 11:14:27,909 yyyy-MM-dd HH:mm:ss2026-09-05 11:14:27,910 yyyy-MM-dd HH:mm:ss2026-09-05 11:14:27,915 yyyy-MM-dd HH:mm:ss2026-09-05 11:14:27,915 yyyy-MM-dd HH:mm:ss2026-09-05 11:14:27,917 yyyy-MM-dd HH:mm:ss2026-09-05 11:14:27,918 yyyy-MM-dd HH:mm:ss2026-09-05 11:14:27,928 yyyy-MM-dd HH:mm:ss2026-09-05 11:14:27,928 yyyy-MM-dd HH:mm:ss2026-09-05 11:14:27,929 yyyy-MM-dd HH:mm:ss2026-09-05 11:14:27,932 yyyy-MM-dd HH:mm:ss2026-09-05 11:14:27,935 yyyy-MM-dd HH:mm:ss2026-09-05 11:14:27,935 yyyy-MM-dd HH:mm:ss2026-09-05 11:14:27,941 yyyy-MM-dd HH:mm:ss2026-09-05 11:14:27,944 yyyy-MM-dd HH:mm:ss2026-09-05 11:14:27,944 yyyy-MM-dd HH:mm:ss2026-09-05 11:14:27,951 yyyy-MM-dd HH:mm:ss2026-09-05 11:14:27,952 yyyy-MM-dd HH:mm:ss2026-09-05 11:14:27,953 yyyy-MM-dd HH:mm:ss2026-09-05 11:14:27,956 yyyy-MM-dd HH:mm:ss2026-09-05 11:14:27,956 yyyy-MM-dd HH:mm:ss2026-09-05 11:14:27,958 yyyy-MM-dd HH:mm:ss2026-09-05 11:14:27,958 yyyy-MM-dd HH:mm:ss2026-09-05 11:14:27,960 yyyy-MM-dd HH:mm:ss2026-09-05 11:14:27,960 yyyy-MM-dd HH:mm:ss2026-09-05 11:14:27,960 yyyy-MM-dd HH:mm:ss2026-09-05 11:14:27,968 yyyy-MM-dd HH:mm:ss2026-09-05 11:14:27,976 yyyy-MM-dd HH:mm:ss2026-09-05 11:14:27,977 yyyy-MM-dd HH:mm:ss2026-09-05 11:14:27,978 yyyy-MM-dd HH:mm:ss2026-09-05 11:14:27,978 yyyy-MM-dd HH:mm:ss2026-09-05 11:14:27,979 yyyy-MM-dd HH:mm:ss2026-09-05 11:14:27,980 yyyy-MM-dd HH:mm:ss2026-09-05 11:14:27,982 yyyy-MM-dd HH:mm:ss2026-09-05 11:14:27,993 yyyy-MM-dd HH:mm:ss2026-09-05 11:14:27,997 yyyy-MM-dd HH:mm:ss2026-09-05 11:14:27,998 yyyy-MM-dd HH:mm:ss2026-09-05 11:14:28,000 yyyy-MM-dd HH:mm:ss2026-09-05 11:14:28,000 yyyy-MM-dd HH:mm:ss2026-09-05 11:14:28,001 yyyy-MM-dd HH:mm:ss2026-09-05 11:14:28,001 yyyy-MM-dd HH:mm:ss2026-09-05 11:14:28,002 yyyy-MM-dd HH:mm:ss2026-09-05 11:14:28,003 yyyy-MM-dd HH:mm:ss2026-09-05 11:14:28,003 yyyy-MM-dd HH:mm:ss2026-09-05 11:14:28,004 yyyy-MM-dd HH:mm:ss2026-09-05 11:14:28,004 yyyy-MM-dd HH:mm:ss2026-09-05 11:14:28,004 yyyy-MM-dd HH:mm:ss2026-09-05 11:14:28,005 yyyy-MM-dd HH:mm:ss2026-09-05 11:14:28,006 yyyy-MM-dd HH:mm:ss2026-09-05 11:14:28,006 yyyy-MM-dd HH:mm:ss2026-09-05 11:14:28,007 yyyy-MM-dd HH:mm:ss2026-09-05 11:14:28,007 yyyy-MM-dd HH:mm:ss2026-09-05 11:14:28,010 yyyy-MM-dd HH:mm:ss2026-09-05 11:14:28,010 yyyy-MM-dd HH:mm:ss2026-09-05 11:14:28,010 yyyy-MM-dd HH:mm:ss2026-09-05 11:14:28,011 yyyy-MM-dd HH:mm:ss2026-09-05 11:14:28,011 yyyy-MM-dd HH:mm:ss2026-09-05 11:14:28,012 yyyy-MM-dd HH:mm:ss2026-09-05 11:14:28,012 yyyy-MM-dd HH:mm:ss2026-09-05 11:14:28,013 yyyy-MM-dd HH:mm:ss2026-09-05 11:14:28,013 yyyy-MM-dd HH:mm:ss2026-09-05 11:14:28,014 yyyy-MM-dd HH:mm:ss2026-09-05 11:14:28,014 yyyy-MM-dd HH:mm:ss2026-09-05 11:14:28,014 yyyy-MM-dd HH:mm:ss2026-09-05 11:14:28,014 yyyy-MM-dd HH:mm:ss2026-09-05 11:14:28,016 yyyy-MM-dd HH:mm:ss2026-09-05 11:14:28,016 yyyy-MM-dd HH:mm:ss2026-09-05 11:14:28,017 yyyy-MM-dd HH:mm:ss2026-09-05 11:14:28,018 yyyy-MM-dd HH:mm:ss2026-09-05 11:14:28,020 yyyy-MM-dd HH:mm:ss2026-09-05 11:14:28,020 yyyy-MM-dd HH:mm:ss2026-09-05 11:14:28,020 yyyy-MM-dd HH:mm:ss2026-09-05 11:14:28,021 yyyy-MM-dd HH:mm:ss2026-09-05 11:14:28,022 yyyy-MM-dd HH:mm:ss2026-09-05 11:14:28,022 yyyy-MM-dd HH:mm:ss2026-09-05 11:14:28,023 yyyy-MM-dd HH:mm:ss2026-09-05 11:14:28,025 yyyy-MM-dd HH:mm:ss2026-09-05 11:14:28,026 yyyy-MM-dd HH:mm:ss2026-09-05 11:14:28,026 yyyy-MM-dd HH:mm:ss2026-09-05 11:14:28,029 yyyy-MM-dd HH:mm:ss2026-09-05 11:14:28,030 yyyy-MM-dd HH:mm:ss2026-09-05 11:14:28,030 yyyy-MM-dd HH:mm:ss2026-09-05 11:14:28,030 yyyy-MM-dd HH:mm:ss2026-09-05 11:14:28,030 yyyy-MM-dd HH:mm:ss2026-09-05 11:14:28,031 yyyy-MM-dd HH:mm:ss2026-09-05 11:14:28,031 yyyy-MM-dd HH:mm:ss2026-09-05 11:14:28,032 yyyy-MM-dd HH:mm:ss2026-09-05 11:14:28,033 yyyy-MM-dd HH:mm:ss2026-09-05 11:14:28,035 yyyy-MM-dd HH:mm:ss2026-09-05 11:14:28,039 yyyy-MM-dd HH:mm:ss2026-09-05 11:14:28,040 yyyy-MM-dd HH:mm:ss2026-09-05 11:14:28,043 yyyy-MM-dd HH:mm:ss2026-09-05 11:14:28,044 yyyy-MM-dd HH:mm:ss2026-09-05 11:14:28,055 yyyy-MM-dd HH:mm:ss2026-09-05 11:14:28,055 yyyy-MM-dd HH:mm:ss2026-09-05 11:14:28,058 yyyy-MM-dd HH:mm:ss2026-09-05 11:14:28,059 yyyy-MM-dd HH:mm:ss2026-09-05 11:14:28,060 yyyy-MM-dd HH:mm:ss2026-09-05 11:14:28,062 yyyy-MM-dd HH:mm:ss2026-09-05 11:14:28,062 yyyy-MM-dd HH:mm:ss2026-09-05 11:14:28,062 yyyy-MM-dd HH:mm:ss2026-09-05 11:14:28,062 yyyy-MM-dd HH:mm:ss2026-09-05 11:14:28,063 yyyy-MM-dd HH:mm:ss2026-09-05 11:14:28,063 yyyy-MM-dd HH:mm:ss2026-09-05 11:14:28,064 yyyy-MM-dd HH:mm:ss2026-09-05 11:14:28,064 yyyy-MM-dd HH:mm:ss2026-09-05 11:14:28,064 yyyy-MM-dd HH:mm:ss2026-09-05 11:14:28,065 yyyy-MM-dd HH:mm:ss2026-09-05 11:14:28,065 yyyy-MM-dd HH:mm:ss2026-09-05 11:14:28,066 yyyy-MM-dd HH:mm:ss2026-09-05 11:14:28,066 yyyy-MM-dd HH:mm:ss2026-09-05 11:14:28,066 yyyy-MM-dd HH:mm:ss2026-09-05 11:14:28,067 yyyy-MM-dd HH:mm:ss2026-09-05 11:14:28,068 yyyy-MM-dd HH:mm:ss2026-09-05 11:14:28,068 yyyy-MM-dd HH:mm:ss2026-09-05 11:14:28,069 yyyy-MM-dd HH:mm:ss2026-09-05 11:14:28,070 yyyy-MM-dd HH:mm:ss2026-09-05 11:14:28,070 yyyy-MM-dd HH:mm:ss2026-09-05 11:14:28,070 yyyy-MM-dd HH:mm:ss2026-09-05 11:14:28,072 yyyy-MM-dd HH:mm:ss2026-09-05 11:14:28,072 yyyy-MM-dd HH:mm:ss2026-09-05 11:14:28,073 yyyy-MM-dd HH:mm:ss2026-09-05 11:14:28,073 yyyy-MM-dd HH:mm:ss2026-09-05 11:14:28,075 yyyy-MM-dd HH:mm:ss2026-09-05 11:14:28,076 yyyy-MM-dd HH:mm:ss2026-09-05 11:14:28,076 yyyy-MM-dd HH:mm:ss2026-09-05 11:14:28,082 yyyy-MM-dd HH:mm:ss2026-09-05 11:14:28,083 yyyy-MM-dd HH:mm:ss2026-09-05 11:14:28,083 yyyy-MM-dd HH:mm:ss2026-09-05 11:14:28,083 yyyy-MM-dd HH:mm:ss2026-09-05 11:14:28,090 yyyy-MM-dd HH:mm:ss2026-09-05 11:14:28,091 yyyy-MM-dd HH:mm:ss2026-09-05 11:14:28,091 yyyy-MM-dd HH:mm:ss2026-09-05 11:14:28,091 yyyy-MM-dd HH:mm:ss2026-09-05 11:14:28,092 yyyy-MM-dd HH:mm:ss2026-09-05 11:14:28,093 yyyy-MM-dd HH:mm:ss2026-09-05 11:14:28,093 yyyy-MM-dd HH:mm:ss2026-09-05 11:14:28,094 yyyy-MM-dd HH:mm:ss2026-09-05 11:14:28,095 yyyy-MM-dd HH:mm:ss2026-09-05 11:14:28,095 yyyy-MM-dd HH:mm:ss2026-09-05 11:14:28,096 yyyy-MM-dd HH:mm:ss2026-09-05 11:14:28,096 yyyy-MM-dd HH:mm:ss2026-09-05 11:14:28,097 yyyy-MM-dd HH:mm:ss2026-09-05 11:14:28,098 yyyy-MM-dd HH:mm:ss2026-09-05 11:14:28,098 yyyy-MM-dd HH:mm:ss2026-09-05 11:14:28,098 yyyy-MM-dd HH:mm:ss2026-09-05 11:14:28,098 yyyy-MM-dd HH:mm:ss2026-09-05 11:14:28,100 yyyy-MM-dd HH:mm:ss2026-09-05 11:14:28,101 yyyy-MM-dd HH:mm:ss2026-09-05 11:14:28,101 yyyy-MM-dd HH:mm:ss2026-09-05 11:14:28,102 yyyy-MM-dd HH:mm:ss2026-09-05 11:14:28,102 yyyy-MM-dd HH:mm:ss2026-09-05 11:14:28,104 yyyy-MM-dd HH:mm:ss2026-09-05 11:14:28,107 yyyy-MM-dd HH:mm:ss2026-09-05 11:14:28,107 yyyy-MM-dd HH:mm:ss2026-09-05 11:14:28,109 yyyy-MM-dd HH:mm:ss2026-09-05 11:14:28,109 yyyy-MM-dd HH:mm:ss2026-09-05 11:14:28,109 yyyy-MM-dd HH:mm:ss2026-09-05 11:14:28,110 yyyy-MM-dd HH:mm:ss2026-09-05 11:14:28,110 yyyy-MM-dd HH:mm:ss2026-09-05 11:14:28,110 yyyy-MM-dd HH:mm:ss2026-09-05 11:14:28,111 yyyy-MM-dd HH:mm:ss2026-09-05 11:14:28,112 yyyy-MM-dd HH:mm:ss2026-09-05 11:14:28,112 yyyy-MM-dd HH:mm:ss2026-09-05 11:14:28,112 yyyy-MM-dd HH:mm:ss2026-09-05 11:14:28,113 yyyy-MM-dd HH:mm:ss2026-09-05 11:14:28,125 yyyy-MM-dd HH:mm:ss2026-09-05 11:14:28,125 yyyy-MM-dd HH:mm:ss2026-09-05 11:14:28,126 yyyy-MM-dd HH:mm:ss2026-09-05 11:14:28,130 yyyy-MM-dd HH:mm:ss2026-09-05 11:14:28,130 yyyy-MM-dd HH:mm:ss2026-09-05 11:14:28,131 yyyy-MM-dd HH:mm:ss2026-09-05 11:14:28,132 yyyy-MM-dd HH:mm:ss2026-09-05 11:14:28,133 yyyy-MM-dd HH:mm:ss2026-09-05 11:14:28,133 yyyy-MM-dd HH:mm:ss2026-09-05 11:14:28,134 yyyy-MM-dd HH:mm:ss2026-09-05 11:14:28,136 yyyy-MM-dd HH:mm:ss2026-09-05 11:14:28,137 yyyy-MM-dd HH:mm:ss2026-09-05 11:14:28,137 yyyy-MM-dd HH:mm:ss2026-09-05 11:14:28,143 yyyy-MM-dd HH:mm:ss2026-09-05 11:14:28,146 yyyy-MM-dd HH:mm:ss2026-09-05 11:14:28,146 yyyy-MM-dd HH:mm:ss2026-09-05 11:14:28,146 yyyy-MM-dd HH:mm:ss2026-09-05 11:14:28,146 yyyy-MM-dd HH:mm:ss2026-09-05 11:14:28,150 yyyy-MM-dd HH:mm:ss2026-09-05 11:14:28,155 yyyy-MM-dd HH:mm:ss2026-09-05 11:14:28,159 yyyy-MM-dd HH:mm:ss2026-09-05 11:14:28,166 yyyy-MM-dd HH:mm:ss2026-09-05 11:14:28,173 yyyy-MM-dd HH:mm:ss2026-09-05 11:14:28,175 yyyy-MM-dd HH:mm:ss2026-09-05 11:14:28,176 yyyy-MM-dd HH:mm:ss2026-09-05 11:14:28,178 yyyy-MM-dd HH:mm:ss2026-09-05 11:14:28,178 yyyy-MM-dd HH:mm:ss2026-09-05 11:14:28,179 yyyy-MM-dd HH:mm:ss2026-09-05 11:14:28,179 yyyy-MM-dd HH:mm:ss2026-09-05 11:14:28,180 yyyy-MM-dd HH:mm:ss2026-09-05 11:14:28,180 yyyy-MM-dd HH:mm:ss2026-09-05 11:14:28,180 yyyy-MM-dd HH:mm:ss2026-09-05 11:14:28,180 yyyy-MM-dd HH:mm:ss2026-09-05 11:14:28,180 yyyy-MM-dd HH:mm:ss2026-09-05 11:14:28,182 yyyy-MM-dd HH:mm:ss2026-09-05 11:14:28,184 yyyy-MM-dd HH:mm:ss2026-09-05 11:14:28,185 yyyy-MM-dd HH:mm:ss2026-09-05 11:14:28,185 yyyy-MM-dd HH:mm:ss2026-09-05 11:14:28,185 yyyy-MM-dd HH:mm:ss2026-09-05 11:14:28,188 yyyy-MM-dd HH:mm:ss2026-09-05 11:14:28,189 yyyy-MM-dd HH:mm:ss2026-09-05 11:14:28,189 yyyy-MM-dd HH:mm:ss2026-09-05 11:14:28,189 yyyy-MM-dd HH:mm:ss2026-09-05 11:14:28,192 yyyy-MM-dd HH:mm:ss2026-09-05 11:14:28,193 yyyy-MM-dd HH:mm:ss2026-09-05 11:14:28,193 yyyy-MM-dd HH:mm:ss2026-09-05 11:14:28,195 yyyy-MM-dd HH:mm:ss2026-09-05 11:14:28,196 yyyy-MM-dd HH:mm:ss2026-09-05 11:14:28,196 yyyy-MM-dd HH:mm:ss2026-09-05 11:14:28,196 yyyy-MM-dd HH:mm:ss2026-09-05 11:14:28,196 yyyy-MM-dd HH:mm:ss2026-09-05 11:14:28,198 yyyy-MM-dd HH:mm:ss2026-09-05 11:14:28,199 yyyy-MM-dd HH:mm:ss2026-09-05 11:14:28,205 yyyy-MM-dd HH:mm:ss2026-09-05 11:14:28,206 yyyy-MM-dd HH:mm:ss2026-09-05 11:14:28,206 yyyy-MM-dd HH:mm:ss2026-09-05 11:14:28,207 yyyy-MM-dd HH:mm:ss2026-09-05 11:14:28,208 yyyy-MM-dd HH:mm:ss2026-09-05 11:14:28,209 yyyy-MM-dd HH:mm:ss2026-09-05 11:14:28,210 yyyy-MM-dd HH:mm:ss2026-09-05 11:14:28,210 yyyy-MM-dd HH:mm:ss2026-09-05 11:14:28,212 yyyy-MM-dd HH:mm:ss2026-09-05 11:14:28,214 yyyy-MM-dd HH:mm:ss2026-09-05 11:14:28,214 yyyy-MM-dd HH:mm:ss2026-09-05 11:14:28,215 yyyy-MM-dd HH:mm:ss2026-09-05 11:14:28,215 yyyy-MM-dd HH:mm:ss2026-09-05 11:14:28,216 yyyy-MM-dd HH:mm:ss2026-09-05 11:14:28,216 yyyy-MM-dd HH:mm:ss2026-09-05 11:14:28,216 yyyy-MM-dd HH:mm:ss2026-09-05 11:14:28,216 yyyy-MM-dd HH:mm:ss2026-09-05 11:14:28,219 yyyy-MM-dd HH:mm:ss2026-09-05 11:14:28,220 yyyy-MM-dd HH:mm:ss2026-09-05 11:14:28,220 yyyy-MM-dd HH:mm:ss2026-09-05 11:14:28,222 yyyy-MM-dd HH:mm:ss2026-09-05 11:14:28,222 yyyy-MM-dd HH:mm:ss2026-09-05 11:14:28,222 yyyy-MM-dd HH:mm:ss2026-09-05 11:14:28,223 yyyy-MM-dd HH:mm:ss2026-09-05 11:14:28,224 yyyy-MM-dd HH:mm:ss2026-09-05 11:14:28,226 yyyy-MM-dd HH:mm:ss2026-09-05 11:14:28,228 yyyy-MM-dd HH:mm:ss2026-09-05 11:14:28,229 yyyy-MM-dd HH:mm:ss2026-09-05 11:14:28,230 yyyy-MM-dd HH:mm:ss2026-09-05 11:14:28,230 yyyy-MM-dd HH:mm:ss2026-09-05 11:14:28,231 yyyy-MM-dd HH:mm:ss2026-09-05 11:14:28,232 yyyy-MM-dd HH:mm:ss2026-09-05 11:14:28,232 yyyy-MM-dd HH:mm:ss2026-09-05 11:14:28,233 yyyy-MM-dd HH:mm:ss2026-09-05 11:14:28,234 yyyy-MM-dd HH:mm:ss2026-09-05 11:14:28,234 yyyy-MM-dd HH:mm:ss2026-09-05 11:14:28,234 yyyy-MM-dd HH:mm:ss2026-09-05 11:14:28,235 yyyy-MM-dd HH:mm:ss2026-09-05 11:14:28,235 yyyy-MM-dd HH:mm:ss2026-09-05 11:14:28,236 yyyy-MM-dd HH:mm:ss2026-09-05 11:14:28,236 yyyy-MM-dd HH:mm:ss2026-09-05 11:14:28,236 yyyy-MM-dd HH:mm:ss2026-09-05 11:14:28,237 yyyy-MM-dd HH:mm:ss2026-09-05 11:14:28,237 yyyy-MM-dd HH:mm:ss2026-09-05 11:14:28,237 yyyy-MM-dd HH:mm:ss2026-09-05 11:14:28,238 yyyy-MM-dd HH:mm:ss2026-09-05 11:14:28,242 yyyy-MM-dd HH:mm:ss2026-09-05 11:14:28,242 yyyy-MM-dd HH:mm:ss2026-09-05 11:14:28,242 yyyy-MM-dd HH:mm:ss2026-09-05 11:14:28,242 yyyy-MM-dd HH:mm:ss2026-09-05 11:14:28,244 yyyy-MM-dd HH:mm:ss2026-09-05 11:14:28,244 yyyy-MM-dd HH:mm:ss2026-09-05 11:14:28,245 yyyy-MM-dd HH:mm:ss2026-09-05 11:14:28,245 yyyy-MM-dd HH:mm:ss2026-09-05 11:14:28,246 yyyy-MM-dd HH:mm:ss2026-09-05 11:14:28,246 yyyy-MM-dd HH:mm:ss2026-09-05 11:14:28,248 yyyy-MM-dd HH:mm:ss2026-09-05 11:14:28,248 yyyy-MM-dd HH:mm:ss2026-09-05 11:14:28,249 yyyy-MM-dd HH:mm:ss2026-09-05 11:14:28,251 yyyy-MM-dd HH:mm:ss2026-09-05 11:14:28,251 yyyy-MM-dd HH:mm:ss2026-09-05 11:14:28,251 yyyy-MM-dd HH:mm:ss2026-09-05 11:14:28,251 yyyy-MM-dd HH:mm:ss2026-09-05 11:14:28,251 yyyy-MM-dd HH:mm:ss2026-09-05 11:14:28,251 yyyy-MM-dd HH:mm:ss2026-09-05 11:14:28,251 yyyy-MM-dd HH:mm:ss2026-09-05 11:14:28,251 yyyy-MM-dd HH:mm:ss2026-09-05 11:14:28,251 yyyy-MM-dd HH:mm:ss2026-09-05 11:14:28,251 yyyy-MM-dd HH:mm:ss2026-09-05 11:14:28,252 yyyy-MM-dd HH:mm:ss2026-09-05 11:14:28,253 yyyy-MM-dd HH:mm:ss2026-09-05 11:14:28,254 yyyy-MM-dd HH:mm:ss2026-09-05 11:14:28,254 yyyy-MM-dd HH:mm:ss2026-09-05 11:14:28,255 yyyy-MM-dd HH:mm:ss2026-09-05 11:14:28,256 yyyy-MM-dd HH:mm:ss2026-09-05 11:14:28,256 yyyy-MM-dd HH:mm:ss2026-09-05 11:14:28,256 yyyy-MM-dd HH:mm:ss2026-09-05 11:14:28,258 yyyy-MM-dd HH:mm:ss2026-09-05 11:14:28,258 yyyy-MM-dd HH:mm:ss2026-09-05 11:14:28,258 yyyy-MM-dd HH:mm:ss2026-09-05 11:14:28,258 yyyy-MM-dd HH:mm:ss2026-09-05 11:14:28,258 yyyy-MM-dd HH:mm:ss2026-09-05 11:14:28,261 yyyy-MM-dd HH:mm:ss2026-09-05 11:14:28,261 yyyy-MM-dd HH:mm:ss2026-09-05 11:14:28,262 yyyy-MM-dd HH:mm:ss2026-09-05 11:14:28,262 yyyy-MM-dd HH:mm:ss2026-09-05 11:14:28,264 yyyy-MM-dd HH:mm:ss2026-09-05 11:14:28,264 yyyy-MM-dd HH:mm:ss2026-09-05 11:14:28,265 yyyy-MM-dd HH:mm:ss2026-09-05 11:14:28,265 yyyy-MM-dd HH:mm:ss2026-09-05 11:14:28,265 yyyy-MM-dd HH:mm:ss2026-09-05 11:14:28,266 yyyy-MM-dd HH:mm:ss2026-09-05 11:14:28,278 yyyy-MM-dd HH:mm:ss2026-09-05 11:14:28,279 yyyy-MM-dd HH:mm:ss2026-09-05 11:14:28,280 yyyy-MM-dd HH:mm:ss2026-09-05 11:14:28,282 yyyy-MM-dd HH:mm:ss2026-09-05 11:14:28,282 yyyy-MM-dd HH:mm:ss2026-09-05 11:14:28,282 yyyy-MM-dd HH:mm:ss2026-09-05 11:14:28,284 yyyy-MM-dd HH:mm:ss2026-09-05 11:14:28,286 yyyy-MM-dd HH:mm:ss2026-09-05 11:14:28,287 yyyy-MM-dd HH:mm:ss2026-09-05 11:14:28,288 yyyy-MM-dd HH:mm:ss2026-09-05 11:14:28,288 yyyy-MM-dd HH:mm:ss2026-09-05 11:14:28,289 yyyy-MM-dd HH:mm:ss2026-09-05 11:14:28,290 yyyy-MM-dd HH:mm:ss2026-09-05 11:14:28,292 yyyy-MM-dd HH:mm:ss2026-09-05 11:14:28,292 yyyy-MM-dd HH:mm:ss2026-09-05 11:14:28,293 yyyy-MM-dd HH:mm:ss2026-09-05 11:14:28,293 yyyy-MM-dd HH:mm:ss2026-09-05 11:14:28,294 yyyy-MM-dd HH:mm:ss2026-09-05 11:14:28,294 yyyy-MM-dd HH:mm:ss2026-09-05 11:14:28,294 yyyy-MM-dd HH:mm:ss2026-09-05 11:14:28,294 yyyy-MM-dd HH:mm:ss2026-09-05 11:14:28,295 yyyy-MM-dd HH:mm:ss2026-09-05 11:14:28,295 yyyy-MM-dd HH:mm:ss2026-09-05 11:14:28,295 yyyy-MM-dd HH:mm:ss2026-09-05 11:14:28,295 yyyy-MM-dd HH:mm:ss2026-09-05 11:14:28,298 yyyy-MM-dd HH:mm:ss2026-09-05 11:14:28,298 yyyy-MM-dd HH:mm:ss2026-09-05 11:14:28,298 yyyy-MM-dd HH:mm:ss2026-09-05 11:14:28,298 yyyy-MM-dd HH:mm:ss2026-09-05 11:14:28,298 yyyy-MM-dd HH:mm:ss2026-09-05 11:14:28,298 yyyy-MM-dd HH:mm:ss2026-09-05 11:14:28,299 yyyy-MM-dd HH:mm:ss2026-09-05 11:14:28,301 yyyy-MM-dd HH:mm:ss2026-09-05 11:14:28,301 yyyy-MM-dd HH:mm:ss2026-09-05 11:14:28,302 yyyy-MM-dd HH:mm:ss2026-09-05 11:14:28,304 yyyy-MM-dd HH:mm:ss2026-09-05 11:14:28,307 yyyy-MM-dd HH:mm:ss2026-09-05 11:14:28,307 yyyy-MM-dd HH:mm:ss2026-09-05 11:14:28,307 yyyy-MM-dd HH:mm:ss2026-09-05 11:14:28,307 yyyy-MM-dd HH:mm:ss2026-09-05 11:14:28,315 yyyy-MM-dd HH:mm:ss2026-09-05 11:14:28,315 yyyy-MM-dd HH:mm:ss2026-09-05 11:14:28,315 yyyy-MM-dd HH:mm:ss2026-09-05 11:14:28,315 yyyy-MM-dd HH:mm:ss2026-09-05 11:14:28,315 yyyy-MM-dd HH:mm:ss2026-09-05 11:14:28,315 yyyy-MM-dd HH:mm:ss2026-09-05 11:14:28,316 yyyy-MM-dd HH:mm:ss2026-09-05 11:14:28,316 yyyy-MM-dd HH:mm:ss2026-09-05 11:14:28,316 yyyy-MM-dd HH:mm:ss2026-09-05 11:14:28,318 yyyy-MM-dd HH:mm:ss2026-09-05 11:14:28,319 yyyy-MM-dd HH:mm:ss2026-09-05 11:14:28,320 yyyy-MM-dd HH:mm:ss2026-09-05 11:14:28,320 yyyy-MM-dd HH:mm:ss2026-09-05 11:14:28,321 yyyy-MM-dd HH:mm:ss2026-09-05 11:14:28,322 yyyy-MM-dd HH:mm:ss2026-09-05 11:14:28,322 yyyy-MM-dd HH:mm:ss2026-09-05 11:14:28,323 yyyy-MM-dd HH:mm:ss2026-09-05 11:14:28,323 yyyy-MM-dd HH:mm:ss2026-09-05 11:14:28,324 yyyy-MM-dd HH:mm:ss2026-09-05 11:14:28,325 yyyy-MM-dd HH:mm:ss2026-09-05 11:14:28,327 yyyy-MM-dd HH:mm:ss2026-09-05 11:14:28,328 yyyy-MM-dd HH:mm:ss2026-09-05 11:14:28,328 yyyy-MM-dd HH:mm:ss2026-09-05 11:14:28,329 yyyy-MM-dd HH:mm:ss2026-09-05 11:14:28,330 yyyy-MM-dd HH:mm:ss2026-09-05 11:14:28,330 yyyy-MM-dd HH:mm:ss2026-09-05 11:14:28,330 yyyy-MM-dd HH:mm:ss2026-09-05 11:14:28,330 yyyy-MM-dd HH:mm:ss2026-09-05 11:14:28,331 yyyy-MM-dd HH:mm:ss2026-09-05 11:14:28,331 yyyy-MM-dd HH:mm:ss2026-09-05 11:14:28,332 yyyy-MM-dd HH:mm:ss2026-09-05 11:14:28,333 yyyy-MM-dd HH:mm:ss2026-09-05 11:14:28,334 yyyy-MM-dd HH:mm:ss2026-09-05 11:14:28,335 yyyy-MM-dd HH:mm:ss2026-09-05 11:14:28,335 yyyy-MM-dd HH:mm:ss2026-09-05 11:14:28,336 yyyy-MM-dd HH:mm:ss2026-09-05 11:14:28,337 yyyy-MM-dd HH:mm:ss2026-09-05 11:14:28,339 yyyy-MM-dd HH:mm:ss2026-09-05 11:14:28,339 yyyy-MM-dd HH:mm:ss2026-09-05 11:14:28,342 yyyy-MM-dd HH:mm:ss2026-09-05 11:14:28,342 yyyy-MM-dd HH:mm:ss2026-09-05 11:14:28,343 yyyy-MM-dd HH:mm:ss2026-09-05 11:14:28,345 yyyy-MM-dd HH:mm:ss2026-09-05 11:14:28,346 yyyy-MM-dd HH:mm:ss2026-09-05 11:14:28,346 yyyy-MM-dd HH:mm:ss2026-09-05 11:14:28,347 yyyy-MM-dd HH:mm:ss2026-09-05 11:14:28,348 yyyy-MM-dd HH:mm:ss2026-09-05 11:14:28,348 yyyy-MM-dd HH:mm:ss2026-09-05 11:14:28,348 yyyy-MM-dd HH:mm:ss2026-09-05 11:14:28,356 yyyy-MM-dd HH:mm:ss2026-09-05 11:14:28,356 yyyy-MM-dd HH:mm:ss2026-09-05 11:14:28,357 yyyy-MM-dd HH:mm:ss2026-09-05 11:14:28,358 yyyy-MM-dd HH:mm:ss2026-09-05 11:14:28,358 yyyy-MM-dd HH:mm:ss2026-09-05 11:14:28,359 yyyy-MM-dd HH:mm:ss2026-09-05 11:14:28,359 yyyy-MM-dd HH:mm:ss2026-09-05 11:14:28,360 yyyy-MM-dd HH:mm:ss2026-09-05 11:14:28,361 yyyy-MM-dd HH:mm:ss2026-09-05 11:14:28,361 yyyy-MM-dd HH:mm:ss2026-09-05 11:14:28,363 yyyy-MM-dd HH:mm:ss2026-09-05 11:14:28,363 yyyy-MM-dd HH:mm:ss2026-09-05 11:14:28,363 yyyy-MM-dd HH:mm:ss2026-09-05 11:14:28,364 yyyy-MM-dd HH:mm:ss2026-09-05 11:14:28,364 yyyy-MM-dd HH:mm:ss2026-09-05 11:14:28,364 yyyy-MM-dd HH:mm:ss2026-09-05 11:14:28,365 yyyy-MM-dd HH:mm:ss2026-09-05 11:14:28,365 yyyy-MM-dd HH:mm:ss2026-09-05 11:14:28,365 yyyy-MM-dd HH:mm:ss2026-09-05 11:14:28,366 yyyy-MM-dd HH:mm:ss2026-09-05 11:14:28,366 yyyy-MM-dd HH:mm:ss2026-09-05 11:14:28,367 yyyy-MM-dd HH:mm:ss2026-09-05 11:14:28,368 yyyy-MM-dd HH:mm:ss2026-09-05 11:14:28,368 yyyy-MM-dd HH:mm:ss2026-09-05 11:14:28,368 yyyy-MM-dd HH:mm:ss2026-09-05 11:14:28,369 yyyy-MM-dd HH:mm:ss2026-09-05 11:14:28,370 yyyy-MM-dd HH:mm:ss2026-09-05 11:14:28,371 yyyy-MM-dd HH:mm:ss2026-09-05 11:14:28,373 yyyy-MM-dd HH:mm:ss2026-09-05 11:14:28,373 yyyy-MM-dd HH:mm:ss2026-09-05 11:14:28,373 yyyy-MM-dd HH:mm:ss2026-09-05 11:14:28,374 yyyy-MM-dd HH:mm:ss2026-09-05 11:14:28,374 yyyy-MM-dd HH:mm:ss2026-09-05 11:14:28,375 yyyy-MM-dd HH:mm:ss2026-09-05 11:14:28,377 yyyy-MM-dd HH:mm:ss2026-09-05 11:14:28,379 yyyy-MM-dd HH:mm:ss2026-09-05 11:14:28,379 yyyy-MM-dd HH:mm:ss2026-09-05 11:14:28,380 yyyy-MM-dd HH:mm:ss2026-09-05 11:14:28,382 yyyy-MM-dd HH:mm:ss2026-09-05 11:14:28,382 yyyy-MM-dd HH:mm:ss2026-09-05 11:14:28,382 yyyy-MM-dd HH:mm:ss2026-09-05 11:14:28,382 yyyy-MM-dd HH:mm:ss2026-09-05 11:14:28,382 yyyy-MM-dd HH:mm:ss2026-09-05 11:14:28,382 yyyy-MM-dd HH:mm:ss2026-09-05 11:14:28,382 yyyy-MM-dd HH:mm:ss2026-09-05 11:14:28,384 yyyy-MM-dd HH:mm:ss2026-09-05 11:14:28,384 yyyy-MM-dd HH:mm:ss2026-09-05 11:14:28,384 yyyy-MM-dd HH:mm:ss2026-09-05 11:14:28,392 yyyy-MM-dd HH:mm:ss2026-09-05 11:14:28,393 yyyy-MM-dd HH:mm:ss2026-09-05 11:14:28,393 yyyy-MM-dd HH:mm:ss2026-09-05 11:14:28,395 yyyy-MM-dd HH:mm:ss2026-09-05 11:14:28,395 yyyy-MM-dd HH:mm:ss2026-09-05 11:14:28,396 yyyy-MM-dd HH:mm:ss2026-09-05 11:14:28,396 yyyy-MM-dd HH:mm:ss2026-09-05 11:14:28,396 yyyy-MM-dd HH:mm:ss2026-09-05 11:14:28,397 yyyy-MM-dd HH:mm:ss2026-09-05 11:14:28,397 yyyy-MM-dd HH:mm:ss2026-09-05 11:14:28,398 yyyy-MM-dd HH:mm:ss2026-09-05 11:14:28,398 yyyy-MM-dd HH:mm:ss2026-09-05 11:14:28,401 yyyy-MM-dd HH:mm:ss2026-09-05 11:14:28,407 yyyy-MM-dd HH:mm:ss2026-09-05 11:14:28,409 yyyy-MM-dd HH:mm:ss2026-09-05 11:14:28,409 yyyy-MM-dd HH:mm:ss2026-09-05 11:14:28,410 yyyy-MM-dd HH:mm:ss2026-09-05 11:14:28,412 yyyy-MM-dd HH:mm:ss2026-09-05 11:14:28,412 yyyy-MM-dd HH:mm:ss2026-09-05 11:14:28,414 yyyy-MM-dd HH:mm:ss2026-09-05 11:14:28,414 yyyy-MM-dd HH:mm:ss2026-09-05 11:14:28,416 yyyy-MM-dd HH:mm:ss2026-09-05 11:14:28,416 yyyy-MM-dd HH:mm:ss2026-09-05 11:14:28,420 yyyy-MM-dd HH:mm:ss2026-09-05 11:14:28,420 yyyy-MM-dd HH:mm:ss2026-09-05 11:14:28,420 yyyy-MM-dd HH:mm:ss2026-09-05 11:14:28,421 yyyy-MM-dd HH:mm:ss2026-09-05 11:14:28,422 yyyy-MM-dd HH:mm:ss2026-09-05 11:14:28,422 yyyy-MM-dd HH:mm:ss2026-09-05 11:14:28,423 yyyy-MM-dd HH:mm:ss2026-09-05 11:14:28,423 yyyy-MM-dd HH:mm:ss2026-09-05 11:14:28,426 yyyy-MM-dd HH:mm:ss2026-09-05 11:14:28,426 yyyy-MM-dd HH:mm:ss2026-09-05 11:14:28,427 yyyy-MM-dd HH:mm:ss2026-09-05 11:14:28,427 yyyy-MM-dd HH:mm:ss2026-09-05 11:14:28,427 yyyy-MM-dd HH:mm:ss2026-09-05 11:14:28,430 yyyy-MM-dd HH:mm:ss2026-09-05 11:14:28,430 yyyy-MM-dd HH:mm:ss2026-09-05 11:14:28,430 yyyy-MM-dd HH:mm:ss2026-09-05 11:14:28,434 yyyy-MM-dd HH:mm:ss2026-09-05 11:14:28,435 yyyy-MM-dd HH:mm:ss2026-09-05 11:14:28,436 yyyy-MM-dd HH:mm:ss2026-09-05 11:14:28,436 yyyy-MM-dd HH:mm:ss2026-09-05 11:14:28,437 yyyy-MM-dd HH:mm:ss2026-09-05 11:14:28,438 yyyy-MM-dd HH:mm:ss2026-09-05 11:14:28,438 yyyy-MM-dd HH:mm:ss2026-09-05 11:14:28,439 yyyy-MM-dd HH:mm:ss2026-09-05 11:14:28,439 yyyy-MM-dd HH:mm:ss2026-09-05 11:14:28,440 yyyy-MM-dd HH:mm:ss2026-09-05 11:14:28,440 yyyy-MM-dd HH:mm:ss2026-09-05 11:14:28,440 yyyy-MM-dd HH:mm:ss2026-09-05 11:14:28,442 yyyy-MM-dd HH:mm:ss2026-09-05 11:14:28,443 yyyy-MM-dd HH:mm:ss2026-09-05 11:14:28,444 yyyy-MM-dd HH:mm:ss2026-09-05 11:14:28,445 yyyy-MM-dd HH:mm:ss2026-09-05 11:14:28,446 yyyy-MM-dd HH:mm:ss2026-09-05 11:14:28,447 yyyy-MM-dd HH:mm:ss2026-09-05 11:14:28,448 yyyy-MM-dd HH:mm:ss2026-09-05 11:14:28,448 yyyy-MM-dd HH:mm:ss2026-09-05 11:14:28,449 yyyy-MM-dd HH:mm:ss2026-09-05 11:14:28,450 yyyy-MM-dd HH:mm:ss2026-09-05 11:14:28,452 yyyy-MM-dd HH:mm:ss2026-09-05 11:14:28,452 yyyy-MM-dd HH:mm:ss2026-09-05 11:14:28,452 yyyy-MM-dd HH:mm:ss2026-09-05 11:14:28,453 yyyy-MM-dd HH:mm:ss2026-09-05 11:14:28,453 yyyy-MM-dd HH:mm:ss2026-09-05 11:14:28,454 yyyy-MM-dd HH:mm:ss2026-09-05 11:14:28,455 yyyy-MM-dd HH:mm:ss2026-09-05 11:14:28,456 yyyy-MM-dd HH:mm:ss2026-09-05 11:14:28,456 yyyy-MM-dd HH:mm:ss2026-09-05 11:14:28,456 yyyy-MM-dd HH:mm:ss2026-09-05 11:14:28,457 yyyy-MM-dd HH:mm:ss2026-09-05 11:14:28,457 yyyy-MM-dd HH:mm:ss2026-09-05 11:14:28,457 yyyy-MM-dd HH:mm:ss2026-09-05 11:14:28,458 yyyy-MM-dd HH:mm:ss2026-09-05 11:14:28,460 yyyy-MM-dd HH:mm:ss2026-09-05 11:14:28,461 yyyy-MM-dd HH:mm:ss2026-09-05 11:14:28,462 yyyy-MM-dd HH:mm:ss2026-09-05 11:14:28,463 yyyy-MM-dd HH:mm:ss2026-09-05 11:14:28,463 yyyy-MM-dd HH:mm:ss2026-09-05 11:14:28,464 yyyy-MM-dd HH:mm:ss2026-09-05 11:14:28,464 yyyy-MM-dd HH:mm:ss2026-09-05 11:14:28,464 yyyy-MM-dd HH:mm:ss2026-09-05 11:14:28,465 yyyy-MM-dd HH:mm:ss2026-09-05 11:14:28,467 yyyy-MM-dd HH:mm:ss2026-09-05 11:14:28,467 yyyy-MM-dd HH:mm:ss2026-09-05 11:14:28,469 yyyy-MM-dd HH:mm:ss2026-09-05 11:14:28,471 yyyy-MM-dd HH:mm:ss2026-09-05 11:14:28,472 yyyy-MM-dd HH:mm:ss2026-09-05 11:14:28,472 yyyy-MM-dd HH:mm:ss2026-09-05 11:14:28,472 yyyy-MM-dd HH:mm:ss2026-09-05 11:14:28,472 yyyy-MM-dd HH:mm:ss2026-09-05 11:14:28,473 yyyy-MM-dd HH:mm:ss2026-09-05 11:14:28,473 yyyy-MM-dd HH:mm:ss2026-09-05 11:14:28,473 yyyy-MM-dd HH:mm:ss2026-09-05 11:14:28,474 yyyy-MM-dd HH:mm:ss2026-09-05 11:14:28,475 yyyy-MM-dd HH:mm:ss2026-09-05 11:14:28,475 yyyy-MM-dd HH:mm:ss2026-09-05 11:14:28,475 yyyy-MM-dd HH:mm:ss2026-09-05 11:14:28,475 yyyy-MM-dd HH:mm:ss2026-09-05 11:14:28,476 yyyy-MM-dd HH:mm:ss2026-09-05 11:14:28,476 yyyy-MM-dd HH:mm:ss2026-09-05 11:14:28,476 yyyy-MM-dd HH:mm:ss2026-09-05 11:14:28,477 yyyy-MM-dd HH:mm:ss2026-09-05 11:14:28,477 yyyy-MM-dd HH:mm:ss2026-09-05 11:14:28,478 yyyy-MM-dd HH:mm:ss2026-09-05 11:14:28,478 yyyy-MM-dd HH:mm:ss2026-09-05 11:14:28,479 yyyy-MM-dd HH:mm:ss2026-09-05 11:14:28,480 yyyy-MM-dd HH:mm:ss2026-09-05 11:14:28,480 yyyy-MM-dd HH:mm:ss2026-09-05 11:14:28,481 yyyy-MM-dd HH:mm:ss2026-09-05 11:14:28,481 yyyy-MM-dd HH:mm:ss2026-09-05 11:14:28,481 yyyy-MM-dd HH:mm:ss2026-09-05 11:14:28,482 yyyy-MM-dd HH:mm:ss2026-09-05 11:14:28,482 yyyy-MM-dd HH:mm:ss2026-09-05 11:14:28,482 yyyy-MM-dd HH:mm:ss2026-09-05 11:14:28,483 yyyy-MM-dd HH:mm:ss2026-09-05 11:14:28,484 yyyy-MM-dd HH:mm:ss2026-09-05 11:14:28,484 yyyy-MM-dd HH:mm:ss2026-09-05 11:14:28,485 yyyy-MM-dd HH:mm:ss2026-09-05 11:14:28,486 yyyy-MM-dd HH:mm:ss2026-09-05 11:14:28,486 yyyy-MM-dd HH:mm:ss2026-09-05 11:14:28,486 yyyy-MM-dd HH:mm:ss2026-09-05 11:14:28,487 yyyy-MM-dd HH:mm:ss2026-09-05 11:14:28,488 yyyy-MM-dd HH:mm:ss2026-09-05 11:14:28,488 yyyy-MM-dd HH:mm:ss2026-09-05 11:14:28,490 yyyy-MM-dd HH:mm:ss2026-09-05 11:14:28,490 yyyy-MM-dd HH:mm:ss2026-09-05 11:14:28,491 yyyy-MM-dd HH:mm:ss2026-09-05 11:14:28,492 yyyy-MM-dd HH:mm:ss2026-09-05 11:14:28,493 yyyy-MM-dd HH:mm:ss2026-09-05 11:14:28,494 yyyy-MM-dd HH:mm:ss2026-09-05 11:14:28,494 yyyy-MM-dd HH:mm:ss2026-09-05 11:14:28,494 yyyy-MM-dd HH:mm:ss2026-09-05 11:14:28,495 yyyy-MM-dd HH:mm:ss2026-09-05 11:14:28,495 yyyy-MM-dd HH:mm:ss2026-09-05 11:14:28,495 yyyy-MM-dd HH:mm:ss2026-09-05 11:14:28,496 yyyy-MM-dd HH:mm:ss2026-09-05 11:14:28,496 yyyy-MM-dd HH:mm:ss2026-09-05 11:14:28,496 yyyy-MM-dd HH:mm:ss2026-09-05 11:14:28,497 yyyy-MM-dd HH:mm:ss2026-09-05 11:14:28,498 yyyy-MM-dd HH:mm:ss2026-09-05 11:14:28,498 yyyy-MM-dd HH:mm:ss2026-09-05 11:14:28,499 yyyy-MM-dd HH:mm:ss2026-09-05 11:14:28,500 yyyy-MM-dd HH:mm:ss2026-09-05 11:14:28,500 yyyy-MM-dd HH:mm:ss2026-09-05 11:14:28,501 yyyy-MM-dd HH:mm:ss2026-09-05 11:14:28,502 yyyy-MM-dd HH:mm:ss2026-09-05 11:14:28,503 yyyy-MM-dd HH:mm:ss2026-09-05 11:14:28,503 yyyy-MM-dd HH:mm:ss2026-09-05 11:14:28,503 yyyy-MM-dd HH:mm:ss2026-09-05 11:14:28,504 yyyy-MM-dd HH:mm:ss2026-09-05 11:14:28,504 yyyy-MM-dd HH:mm:ss2026-09-05 11:14:28,505 yyyy-MM-dd HH:mm:ss2026-09-05 11:14:28,505 yyyy-MM-dd HH:mm:ss2026-09-05 11:14:28,506 yyyy-MM-dd HH:mm:ss2026-09-05 11:14:28,506 yyyy-MM-dd HH:mm:ss2026-09-05 11:14:28,506 yyyy-MM-dd HH:mm:ss2026-09-05 11:14:28,506 yyyy-MM-dd HH:mm:ss2026-09-05 11:14:28,507 yyyy-MM-dd HH:mm:ss2026-09-05 11:14:28,507 yyyy-MM-dd HH:mm:ss2026-09-05 11:14:28,508 yyyy-MM-dd HH:mm:ss2026-09-05 11:14:28,509 yyyy-MM-dd HH:mm:ss2026-09-05 11:14:28,510 yyyy-MM-dd HH:mm:ss2026-09-05 11:14:28,510 yyyy-MM-dd HH:mm:ss2026-09-05 11:14:28,511 yyyy-MM-dd HH:mm:ss2026-09-05 11:14:28,512 yyyy-MM-dd HH:mm:ss2026-09-05 11:14:28,512 yyyy-MM-dd HH:mm:ss2026-09-05 11:14:28,513 yyyy-MM-dd HH:mm:ss2026-09-05 11:14:28,514 yyyy-MM-dd HH:mm:ss2026-09-05 11:14:28,514 yyyy-MM-dd HH:mm:ss2026-09-05 11:14:28,517 yyyy-MM-dd HH:mm:ss2026-09-05 11:14:28,518 yyyy-MM-dd HH:mm:ss2026-09-05 11:14:28,520 yyyy-MM-dd HH:mm:ss2026-09-05 11:14:28,520 yyyy-MM-dd HH:mm:ss2026-09-05 11:14:28,520 yyyy-MM-dd HH:mm:ss2026-09-05 11:14:28,520 yyyy-MM-dd HH:mm:ss2026-09-05 11:14:28,520 yyyy-MM-dd HH:mm:ss2026-09-05 11:14:28,521 yyyy-MM-dd HH:mm:ss2026-09-05 11:14:28,521 yyyy-MM-dd HH:mm:ss2026-09-05 11:14:28,521 yyyy-MM-dd HH:mm:ss2026-09-05 11:14:28,535 yyyy-MM-dd HH:mm:ss2026-09-05 11:14:28,535 yyyy-MM-dd HH:mm:ss2026-09-05 11:14:28,535 yyyy-MM-dd HH:mm:ss2026-09-05 11:14:28,535 yyyy-MM-dd HH:mm:ss2026-09-05 11:14:28,537 yyyy-MM-dd HH:mm:ss2026-09-05 11:14:28,538 yyyy-MM-dd HH:mm:ss2026-09-05 11:14:28,552 yyyy-MM-dd HH:mm:ss2026-09-05 11:14:28,553 yyyy-MM-dd HH:mm:ss2026-09-05 11:14:28,553 yyyy-MM-dd HH:mm:ss2026-09-05 11:14:28,553 yyyy-MM-dd HH:mm:ss2026-09-05 11:14:28,553 yyyy-MM-dd HH:mm:ss2026-09-05 11:14:28,562 yyyy-MM-dd HH:mm:ss2026-09-05 11:14:28,569 yyyy-MM-dd HH:mm:ss2026-09-05 11:14:28,569 yyyy-MM-dd HH:mm:ss2026-09-05 11:14:28,569 yyyy-MM-dd HH:mm:ss2026-09-05 11:14:28,593 yyyy-MM-dd HH:mm:ss2026-09-05 11:14:28,596 yyyy-MM-dd HH:mm:ss2026-09-05 11:14:28,598 yyyy-MM-dd HH:mm:ss2026-09-05 11:14:28,600 yyyy-MM-dd HH:mm:ss2026-09-05 11:14:28,602 yyyy-MM-dd HH:mm:ss2026-09-05 11:14:28,602 yyyy-MM-dd HH:mm:ss